<?xml version="1.0" encoding="UTF-8"?>
<osm version="0.6" generator="openstreetmap-cgimap 2.1.0 (1251263 spike-06.openstreetmap.org)" copyright="OpenStreetMap and contributors" attribution="http://www.openstreetmap.org/copyright" license="http://opendatacommons.org/licenses/odbl/1-0/">
 <bounds minlat="44.4337110" minlon="26.0450860" maxlat="44.4353040" maxlon="26.0513520"/>
 <node id="581780" visible="true" version="9" changeset="92181730" timestamp="2020-10-08T14:40:26Z" user="Evandering" uid="6172527" lat="44.4344402" lon="26.0449371"/>
 <node id="581781" visible="true" version="11" changeset="92181730" timestamp="2020-10-08T14:40:26Z" user="Evandering" uid="6172527" lat="44.4342885" lon="26.0449404"/>
 <node id="113911442" visible="true" version="9" changeset="39732436" timestamp="2016-06-02T12:02:53Z" user="rarad74" uid="128281" lat="44.4474154" lon="26.0366563"/>
 <node id="113911443" visible="true" version="7" changeset="39732436" timestamp="2016-06-02T12:02:53Z" user="rarad74" uid="128281" lat="44.4473712" lon="26.0361735"/>
 <node id="113911444" visible="true" version="8" changeset="27961588" timestamp="2015-01-06T17:50:06Z" user="rarad74" uid="128281" lat="44.4471435" lon="26.0352371"/>
 <node id="113911446" visible="true" version="8" changeset="27961588" timestamp="2015-01-06T17:50:06Z" user="rarad74" uid="128281" lat="44.4470263" lon="26.0347713"/>
 <node id="113911447" visible="true" version="8" changeset="27961588" timestamp="2015-01-06T17:50:06Z" user="rarad74" uid="128281" lat="44.4467402" lon="26.0344267"/>
 <node id="113911449" visible="true" version="6" changeset="27961588" timestamp="2015-01-06T17:50:06Z" user="rarad74" uid="128281" lat="44.4464416" lon="26.0341300"/>
 <node id="113911450" visible="true" version="6" changeset="27961588" timestamp="2015-01-06T17:50:06Z" user="rarad74" uid="128281" lat="44.4461555" lon="26.0334452"/>
 <node id="113911451" visible="true" version="6" changeset="27961588" timestamp="2015-01-06T17:50:06Z" user="rarad74" uid="128281" lat="44.4461514" lon="26.0328635"/>
 <node id="113911452" visible="true" version="6" changeset="27961588" timestamp="2015-01-06T17:50:06Z" user="rarad74" uid="128281" lat="44.4463711" lon="26.0323630"/>
 <node id="113911454" visible="true" version="5" changeset="362711" timestamp="2008-10-15T16:52:33Z" user="eddyp" uid="66944" lat="44.4468317" lon="26.0312612"/>
 <node id="113911455" visible="true" version="6" changeset="27961588" timestamp="2015-01-06T17:50:06Z" user="rarad74" uid="128281" lat="44.4472940" lon="26.0302330"/>
 <node id="113911457" visible="true" version="5" changeset="362711" timestamp="2008-10-15T16:52:34Z" user="eddyp" uid="66944" lat="44.4475057" lon="26.0295875"/>
 <node id="113911459" visible="true" version="5" changeset="362711" timestamp="2008-10-15T16:52:34Z" user="eddyp" uid="66944" lat="44.4480266" lon="26.0289867"/>
 <node id="113911460" visible="true" version="5" changeset="362711" timestamp="2008-10-15T16:52:34Z" user="eddyp" uid="66944" lat="44.4483636" lon="26.0287292"/>
 <node id="113911462" visible="true" version="5" changeset="362711" timestamp="2008-10-15T16:52:34Z" user="eddyp" uid="66944" lat="44.4490682" lon="26.0283430"/>
 <node id="113911463" visible="true" version="5" changeset="362711" timestamp="2008-10-15T16:52:34Z" user="eddyp" uid="66944" lat="44.4496905" lon="26.0281767"/>
 <node id="113911465" visible="true" version="5" changeset="362711" timestamp="2008-10-15T16:52:34Z" user="eddyp" uid="66944" lat="44.4499355" lon="26.0281166"/>
 <node id="113911466" visible="true" version="5" changeset="362711" timestamp="2008-10-15T16:52:34Z" user="eddyp" uid="66944" lat="44.4506306" lon="26.0283859"/>
 <node id="113911467" visible="true" version="5" changeset="362711" timestamp="2008-10-15T16:52:34Z" user="eddyp" uid="66944" lat="44.4509370" lon="26.0280855"/>
 <node id="113911469" visible="true" version="6" changeset="39732436" timestamp="2016-06-02T12:02:53Z" user="rarad74" uid="128281" lat="44.4515798" lon="26.0274083"/>
 <node id="113911471" visible="true" version="5" changeset="362711" timestamp="2008-10-15T16:52:34Z" user="eddyp" uid="66944" lat="44.4511208" lon="26.0262830"/>
 <node id="113911472" visible="true" version="5" changeset="362711" timestamp="2008-10-15T16:52:34Z" user="eddyp" uid="66944" lat="44.4507532" lon="26.0256393"/>
 <node id="113914005" visible="true" version="5" changeset="362711" timestamp="2008-10-15T16:52:34Z" user="eddyp" uid="66944" lat="44.4502427" lon="26.0250825"/>
 <node id="113914006" visible="true" version="4" changeset="362711" timestamp="2008-10-15T16:52:34Z" user="eddyp" uid="66944" lat="44.4498035" lon="26.0242231"/>
 <node id="113914007" visible="true" version="6" changeset="362711" timestamp="2008-10-15T16:52:34Z" user="eddyp" uid="66944" lat="44.4493815" lon="26.0237348"/>
 <node id="113914008" visible="true" version="4" changeset="362711" timestamp="2008-10-15T16:52:34Z" user="eddyp" uid="66944" lat="44.4492214" lon="26.0227640"/>
 <node id="113914009" visible="true" version="6" changeset="362711" timestamp="2008-10-15T16:52:34Z" user="eddyp" uid="66944" lat="44.4492896" lon="26.0220611"/>
 <node id="113914010" visible="true" version="4" changeset="362711" timestamp="2008-10-15T16:52:34Z" user="eddyp" uid="66944" lat="44.4489763" lon="26.0213049"/>
 <node id="113914011" visible="true" version="5" changeset="111254090" timestamp="2021-09-15T16:40:59Z" user="dodelinho" uid="3444929" lat="44.4487983" lon="26.0209229"/>
 <node id="174855325" visible="true" version="3" changeset="362711" timestamp="2008-10-15T16:52:34Z" user="eddyp" uid="66944" lat="44.4500677" lon="26.0281379"/>
 <node id="174855326" visible="true" version="3" changeset="362711" timestamp="2008-10-15T16:52:34Z" user="eddyp" uid="66944" lat="44.4504354" lon="26.0283610"/>
 <node id="174855328" visible="true" version="3" changeset="362711" timestamp="2008-10-15T16:52:34Z" user="eddyp" uid="66944" lat="44.4508214" lon="26.0283610"/>
 <node id="174855330" visible="true" version="3" changeset="362711" timestamp="2008-10-15T16:52:34Z" user="eddyp" uid="66944" lat="44.4514708" lon="26.0276315"/>
 <node id="174855331" visible="true" version="3" changeset="362711" timestamp="2008-10-15T16:52:34Z" user="eddyp" uid="66944" lat="44.4515750" lon="26.0272281"/>
 <node id="174855332" visible="true" version="3" changeset="362711" timestamp="2008-10-15T16:52:34Z" user="eddyp" uid="66944" lat="44.4514770" lon="26.0269706"/>
 <node id="174855333" visible="true" version="3" changeset="362711" timestamp="2008-10-15T16:52:34Z" user="eddyp" uid="66944" lat="44.4495898" lon="26.0239150"/>
 <node id="174855335" visible="true" version="3" changeset="362711" timestamp="2008-10-15T16:52:34Z" user="eddyp" uid="66944" lat="44.4492161" lon="26.0234086"/>
 <node id="174855337" visible="true" version="3" changeset="362711" timestamp="2008-10-15T16:52:34Z" user="eddyp" uid="66944" lat="44.4489220" lon="26.0210740"/>
 <node id="174855338" visible="true" version="4" changeset="122713877" timestamp="2022-06-22T13:53:57Z" user="dodelinho" uid="3444929" lat="44.4485751" lon="26.0202396"/>
 <node id="237721783" visible="true" version="14" changeset="72736962" timestamp="2019-07-28T12:30:48Z" user="ted3sco" uid="2112541" lat="44.4430277" lon="26.0125991"/>
 <node id="237721787" visible="true" version="14" changeset="122713877" timestamp="2022-06-22T13:53:57Z" user="dodelinho" uid="3444929" lat="44.4461495" lon="26.0191397"/>
 <node id="255095918" visible="true" version="5" changeset="137294590" timestamp="2023-06-13T16:40:40Z" user="melo_1" uid="1281559" lat="44.4322997" lon="26.0639255"/>
 <node id="255095919" visible="true" version="5" changeset="137284109" timestamp="2023-06-13T12:29:44Z" user="melo_1" uid="1281559" lat="44.4331106" lon="26.0665817"/>
 <node id="255096110" visible="true" version="7" changeset="66605721" timestamp="2019-01-24T15:46:27Z" user="vorpalblade-kaart" uid="9019988" lat="44.4371176" lon="26.0669028"/>
 <node id="255096125" visible="true" version="5" changeset="68313579" timestamp="2019-03-19T22:25:12Z" user="rarad74" uid="128281" lat="44.4396797" lon="26.0669541"/>
 <node id="255096126" visible="true" version="4" changeset="66605721" timestamp="2019-01-24T15:46:27Z" user="vorpalblade-kaart" uid="9019988" lat="44.4390276" lon="26.0663084"/>
 <node id="255096127" visible="true" version="5" changeset="66605721" timestamp="2019-01-24T15:46:27Z" user="vorpalblade-kaart" uid="9019988" lat="44.4383849" lon="26.0660281"/>
 <node id="255225579" visible="true" version="5" changeset="122713877" timestamp="2022-06-22T13:53:57Z" user="dodelinho" uid="3444929" lat="44.4486007" lon="26.0200350"/>
 <node id="255689152" visible="true" version="3" changeset="80865442" timestamp="2020-02-11T18:32:49Z" user="Dan 9" uid="9484321" lat="44.4369326" lon="26.0449847"/>
 <node id="255689153" visible="true" version="4" changeset="143021093" timestamp="2023-10-23T14:21:36Z" user="alexnder" uid="8430074" lat="44.4347270" lon="26.0450590"/>
 <node id="255689154" visible="true" version="33" changeset="134170933" timestamp="2023-03-27T10:34:32Z" user="Dan 9" uid="9484321" lat="44.4344428" lon="26.0451439"/>
 <node id="255689155" visible="true" version="29" changeset="80865442" timestamp="2020-02-11T18:32:49Z" user="Dan 9" uid="9484321" lat="44.4342930" lon="26.0451502"/>
 <node id="255689174" visible="true" version="4" changeset="80865442" timestamp="2020-02-11T18:32:49Z" user="Dan 9" uid="9484321" lat="44.4359087" lon="26.0450193"/>
 <node id="255689176" visible="true" version="5" changeset="80865442" timestamp="2020-02-11T18:32:49Z" user="Dan 9" uid="9484321" lat="44.4347144" lon="26.0451987"/>
 <node id="255689209" visible="true" version="3" changeset="80865442" timestamp="2020-02-11T18:32:49Z" user="Dan 9" uid="9484321" lat="44.4356885" lon="26.0451791"/>
 <node id="255689212" visible="true" version="4" changeset="80865442" timestamp="2020-02-11T18:32:49Z" user="Dan 9" uid="9484321" lat="44.4364727" lon="26.0450006"/>
 <node id="255689293" visible="true" version="9" changeset="86314207" timestamp="2020-06-07T17:08:06Z" user="Dan 9" uid="9484321" lat="44.4381373" lon="26.0554935"/>
 <node id="255689294" visible="true" version="5" changeset="86314427" timestamp="2020-06-07T17:17:01Z" user="Dan 9" uid="9484321" lat="44.4395490" lon="26.0572903"/>
 <node id="255689295" visible="true" version="8" changeset="143030026" timestamp="2023-10-23T18:16:24Z" user="alexnder" uid="8430074" lat="44.4399209" lon="26.0546929"/>
 <node id="255689296" visible="true" version="7" changeset="143030026" timestamp="2023-10-23T18:16:24Z" user="alexnder" uid="8430074" lat="44.4411530" lon="26.0533635"/>
 <node id="255689297" visible="true" version="8" changeset="143030026" timestamp="2023-10-23T18:16:24Z" user="alexnder" uid="8430074" lat="44.4439958" lon="26.0540213"/>
 <node id="255689299" visible="true" version="7" changeset="57899840" timestamp="2018-04-07T20:15:26Z" user="rarad74" uid="128281" lat="44.4413094" lon="26.0521953"/>
 <node id="255689300" visible="true" version="6" changeset="98122150" timestamp="2021-01-25T12:29:48Z" user="Dan 9" uid="9484321" lat="44.4423925" lon="26.0510296"/>
 <node id="255689301" visible="true" version="6" changeset="98122150" timestamp="2021-01-25T12:29:48Z" user="Dan 9" uid="9484321" lat="44.4425142" lon="26.0504349"/>
 <node id="255689302" visible="true" version="6" changeset="98122150" timestamp="2021-01-25T12:29:48Z" user="Dan 9" uid="9484321" lat="44.4427507" lon="26.0492225"/>
 <node id="255689303" visible="true" version="5" changeset="143010995" timestamp="2023-10-23T10:32:53Z" user="alexnder" uid="8430074" lat="44.4411181" lon="26.0486375"/>
 <node id="255689304" visible="true" version="6" changeset="71263104" timestamp="2019-06-14T18:22:52Z" user="Dan 9" uid="9484321" lat="44.4414798" lon="26.0456277"/>
 <node id="255689305" visible="true" version="6" changeset="71303551" timestamp="2019-06-16T15:21:14Z" user="Dan 9" uid="9484321" lat="44.4391843" lon="26.0412124"/>
 <node id="255689306" visible="true" version="8" changeset="143026523" timestamp="2023-10-23T16:38:56Z" user="alexnder" uid="8430074" lat="44.4374015" lon="26.0428575"/>
 <node id="255689307" visible="true" version="7" changeset="143026523" timestamp="2023-10-23T16:38:56Z" user="alexnder" uid="8430074" lat="44.4370874" lon="26.0446237"/>
 <node id="255689308" visible="true" version="6" changeset="143026523" timestamp="2023-10-23T16:38:56Z" user="alexnder" uid="8430074" lat="44.4369208" lon="26.0448477"/>
 <node id="255689309" visible="true" version="5" changeset="112058139" timestamp="2021-10-04T05:56:41Z" user="Alderney" uid="10892422" lat="44.4345469" lon="26.0449482"/>
 <node id="255689310" visible="true" version="7" changeset="143021093" timestamp="2023-10-23T14:21:36Z" user="alexnder" uid="8430074" lat="44.4346141" lon="26.0488205"/>
 <node id="255689311" visible="true" version="7" changeset="143021093" timestamp="2023-10-23T14:21:36Z" user="alexnder" uid="8430074" lat="44.4356200" lon="26.0487601"/>
 <node id="255689312" visible="true" version="5" changeset="59471063" timestamp="2018-06-01T19:54:45Z" user="rarad74" uid="128281" lat="44.4358022" lon="26.0489830"/>
 <node id="255689313" visible="true" version="8" changeset="146149435" timestamp="2024-01-11T15:55:09Z" user="Dan 9" uid="9484321" lat="44.4361456" lon="26.0502936"/>
 <node id="255689314" visible="true" version="8" changeset="88894885" timestamp="2020-08-03T20:58:00Z" user="bubolex" uid="1497516" lat="44.4363248" lon="26.0542975"/>
 <node id="255691157" visible="true" version="3" changeset="92618481" timestamp="2020-10-17T08:43:14Z" user="Dan 9" uid="9484321" lat="44.4343518" lon="26.0706360"/>
 <node id="255691158" visible="true" version="2" changeset="92618481" timestamp="2020-10-17T08:43:14Z" user="Dan 9" uid="9484321" lat="44.4343297" lon="26.0689531"/>
 <node id="259382477" visible="true" version="2" changeset="362711" timestamp="2008-10-15T16:52:34Z" user="eddyp" uid="66944" lat="44.4503653" lon="26.0252542"/>
 <node id="268245739" visible="true" version="10" changeset="72736962" timestamp="2019-07-28T12:30:48Z" user="ted3sco" uid="2112541" lat="44.4438957" lon="26.0146654"/>
 <node id="288300331" visible="true" version="6" changeset="86314207" timestamp="2020-06-07T17:08:06Z" user="Dan 9" uid="9484321" lat="44.4370161" lon="26.0490084"/>
 <node id="288300340" visible="true" version="5" changeset="143010995" timestamp="2023-10-23T10:32:53Z" user="alexnder" uid="8430074" lat="44.4365177" lon="26.0503074"/>
 <node id="288300343" visible="true" version="5" changeset="143010995" timestamp="2023-10-23T10:32:53Z" user="alexnder" uid="8430074" lat="44.4363487" lon="26.0502529"/>
 <node id="288300345" visible="true" version="5" changeset="143010995" timestamp="2023-10-23T10:32:53Z" user="alexnder" uid="8430074" lat="44.4359763" lon="26.0493770"/>
 <node id="288300350" visible="true" version="8" changeset="143031722" timestamp="2023-10-23T19:03:23Z" user="alexnder" uid="8430074" lat="44.4347216" lon="26.0486881"/>
 <node id="288300353" visible="true" version="8" changeset="143031722" timestamp="2023-10-23T19:03:23Z" user="alexnder" uid="8430074" lat="44.4347185" lon="26.0485214"/>
 <node id="288300355" visible="true" version="8" changeset="143021093" timestamp="2023-10-23T14:21:36Z" user="alexnder" uid="8430074" lat="44.4353474" lon="26.0485090"/>
 <node id="288300358" visible="true" version="5" changeset="80865442" timestamp="2020-02-11T18:32:49Z" user="Dan 9" uid="9484321" lat="44.4353283" lon="26.0450349"/>
 <node id="288300445" visible="true" version="6" changeset="80865442" timestamp="2020-02-11T18:32:49Z" user="Dan 9" uid="9484321" lat="44.4353307" lon="26.0451801"/>
 <node id="288300494" visible="true" version="6" changeset="86314207" timestamp="2020-06-07T17:08:06Z" user="Dan 9" uid="9484321" lat="44.4369777" lon="26.0490145"/>
 <node id="288300502" visible="true" version="6" changeset="68046976" timestamp="2019-03-12T04:15:01Z" user="Dan 9" uid="9484321" lat="44.4356615" lon="26.0486626"/>
 <node id="288300889" visible="true" version="9" changeset="150911508" timestamp="2024-05-05T09:36:44Z" user="plut0_n" uid="21409089" lat="44.4368638" lon="26.0491600">
  <tag k="highway" v="crossing"/>
 </node>
 <node id="288300892" visible="true" version="5" changeset="143010995" timestamp="2023-10-23T10:32:53Z" user="alexnder" uid="8430074" lat="44.4366156" lon="26.0502284"/>
 <node id="288300939" visible="true" version="5" changeset="143010995" timestamp="2023-10-23T10:32:53Z" user="alexnder" uid="8430074" lat="44.4366898" lon="26.0500818"/>
 <node id="288300941" visible="true" version="5" changeset="143010995" timestamp="2023-10-23T10:32:53Z" user="alexnder" uid="8430074" lat="44.4364299" lon="26.0503160"/>
 <node id="302971173" visible="true" version="7" changeset="86357555" timestamp="2020-06-08T13:34:11Z" user="Dan 9" uid="9484321" lat="44.4372988" lon="26.0547840"/>
 <node id="302971174" visible="true" version="4" changeset="68358417" timestamp="2019-03-21T01:29:23Z" user="Dan 9" uid="9484321" lat="44.4376870" lon="26.0550342"/>
 <node id="343206035" visible="true" version="15" changeset="10811103" timestamp="2012-02-27T18:04:12Z" user="bogdan_uri" uid="517740" lat="44.4344802" lon="26.0423801"/>
 <node id="343206040" visible="true" version="18" changeset="25320082" timestamp="2014-09-09T04:22:29Z" user="rarad74" uid="128281" lat="44.4340007" lon="26.0110724"/>
 <node id="343206043" visible="true" version="27" changeset="172035488" timestamp="2025-09-16T21:27:52Z" user="Zarrink" uid="20204688" lat="44.4339371" lon="26.0041269">
  <tag k="name" v="Păcii"/>
  <tag k="network" v="Metrorex"/>
  <tag k="operator" v="Metrorex"/>
  <tag k="public_transport" v="stop_position"/>
  <tag k="railway" v="stop"/>
  <tag k="subway" v="yes"/>
 </node>
 <node id="361484704" visible="true" version="17" changeset="21952587" timestamp="2014-04-26T11:48:55Z" user="Claudiu Badita" uid="2048415" lat="44.4314899" lon="25.9967198"/>
 <node id="567941487" visible="true" version="6" changeset="68362143" timestamp="2019-03-21T06:18:48Z" user="Dan 9" uid="9484321" lat="44.4441475" lon="26.0532277"/>
 <node id="619899931" visible="true" version="7" changeset="149567964" timestamp="2024-04-04T12:25:23Z" user="Dan 9" uid="9484321" lat="44.4344817" lon="26.0482613">
  <tag k="bus" v="yes"/>
  <tag k="name" v="Universitatea Politehnica"/>
  <tag k="operator" v="STB"/>
  <tag k="public_transport" v="stop_position"/>
  <tag k="route_ref" v="61, 62, 136, N115"/>
  <tag k="trolleybus" v="yes"/>
 </node>
 <node id="982751499" visible="true" version="6" changeset="154447523" timestamp="2024-07-26T15:03:51Z" user="Dan 9" uid="9484321" lat="44.4355752" lon="26.0079132"/>
 <node id="982751555" visible="true" version="6" changeset="94771436" timestamp="2020-11-25T11:43:23Z" user="Dan 9" uid="9484321" lat="44.4396365" lon="26.0018219"/>
 <node id="982751559" visible="true" version="5" changeset="91651545" timestamp="2020-09-28T15:19:43Z" user="Dan 9" uid="9484321" lat="44.4408357" lon="26.0018381"/>
 <node id="982751567" visible="true" version="5" changeset="115814867" timestamp="2022-01-05T22:26:24Z" user="Dan 9" uid="9484321" lat="44.4423045" lon="26.0035600"/>
 <node id="1096889251" visible="true" version="3" changeset="148587537" timestamp="2024-03-13T10:55:57Z" user="Dan 9" uid="9484321" lat="44.4236664" lon="26.0650608"/>
 <node id="1096889256" visible="true" version="2" changeset="65708931" timestamp="2018-12-23T07:51:47Z" user="Zatarra" uid="163981" lat="44.4236071" lon="26.0696710"/>
 <node id="1096889277" visible="true" version="4" changeset="148587537" timestamp="2024-03-13T10:55:57Z" user="Dan 9" uid="9484321" lat="44.4232863" lon="26.0640528"/>
 <node id="1096889292" visible="true" version="2" changeset="65708931" timestamp="2018-12-23T07:51:47Z" user="Zatarra" uid="163981" lat="44.4231842" lon="26.0689407"/>
 <node id="1096889318" visible="true" version="4" changeset="148587537" timestamp="2024-03-13T10:55:57Z" user="Dan 9" uid="9484321" lat="44.4233662" lon="26.0653279"/>
 <node id="1096889324" visible="true" version="2" changeset="65708931" timestamp="2018-12-23T07:51:47Z" user="Zatarra" uid="163981" lat="44.4245385" lon="26.0679697"/>
 <node id="1096889330" visible="true" version="3" changeset="92699727" timestamp="2020-10-19T10:17:17Z" user="Dan 9" uid="9484321" lat="44.4221501" lon="26.0692459"/>
 <node id="1096889334" visible="true" version="3" changeset="92699727" timestamp="2020-10-19T10:17:17Z" user="Dan 9" uid="9484321" lat="44.4215233" lon="26.0677394"/>
 <node id="1096889359" visible="true" version="3" changeset="85216802" timestamp="2020-05-14T17:58:21Z" user="Dan 9" uid="9484321" lat="44.4242383" lon="26.0632829"/>
 <node id="1340873628" visible="true" version="3" changeset="10811103" timestamp="2012-02-27T18:04:05Z" user="bogdan_uri" uid="517740" lat="44.4339360" lon="26.0031415"/>
 <node id="1341209719" visible="true" version="9" changeset="134170933" timestamp="2023-03-27T10:34:32Z" user="Dan 9" uid="9484321" lat="44.4344414" lon="26.0450307">
  <tag k="crossing" v="uncontrolled"/>
  <tag k="highway" v="crossing"/>
  <tag k="tactile_paving" v="yes"/>
 </node>
 <node id="1341209731" visible="true" version="17" changeset="143021093" timestamp="2023-10-23T14:21:36Z" user="alexnder" uid="8430074" lat="44.4346663" lon="26.0451329"/>
 <node id="1341209740" visible="true" version="10" changeset="92181730" timestamp="2020-10-08T14:40:26Z" user="Evandering" uid="6172527" lat="44.4345260" lon="26.0451433">
  <tag k="crossing" v="unmarked"/>
  <tag k="highway" v="crossing"/>
  <tag k="tactile_paving" v="no"/>
 </node>
 <node id="1341209741" visible="true" version="10" changeset="135818271" timestamp="2023-05-07T16:06:12Z" user="rarad74" uid="128281" lat="44.4342906" lon="26.0450351">
  <tag k="crossing" v="uncontrolled"/>
  <tag k="highway" v="crossing"/>
  <tag k="tactile_paving" v="yes"/>
 </node>
 <node id="1341209743" visible="true" version="6" changeset="149567964" timestamp="2024-04-04T12:25:23Z" user="Dan 9" uid="9484321" lat="44.4342561" lon="26.0481939">
  <tag k="highway" v="crossing"/>
 </node>
 <node id="1341209746" visible="true" version="5" changeset="149567964" timestamp="2024-04-04T12:25:23Z" user="Dan 9" uid="9484321" lat="44.4342309" lon="26.0463210">
  <tag k="highway" v="crossing"/>
 </node>
 <node id="1650719344" visible="true" version="4" changeset="149567964" timestamp="2024-04-04T12:25:23Z" user="Dan 9" uid="9484321" lat="44.4341498" lon="26.0481455"/>
 <node id="1650719350" visible="true" version="4" changeset="149567964" timestamp="2024-04-04T12:25:23Z" user="Dan 9" uid="9484321" lat="44.4340233" lon="26.0464539"/>
 <node id="1650719398" visible="true" version="4" changeset="149567964" timestamp="2024-04-04T12:25:23Z" user="Dan 9" uid="9484321" lat="44.4340525" lon="26.0481488"/>
 <node id="1650719422" visible="true" version="9" changeset="149567964" timestamp="2024-04-04T12:25:23Z" user="Dan 9" uid="9484321" lat="44.4341209" lon="26.0464506"/>
 <node id="1650722612" visible="true" version="5" changeset="149567964" timestamp="2024-04-04T12:25:23Z" user="Dan 9" uid="9484321" lat="44.4338457" lon="26.0470599"/>
 <node id="1650722614" visible="true" version="6" changeset="149567964" timestamp="2024-04-04T12:25:23Z" user="Dan 9" uid="9484321" lat="44.4330894" lon="26.0470870"/>
 <node id="1650722615" visible="true" version="6" changeset="149567964" timestamp="2024-04-04T12:25:23Z" user="Dan 9" uid="9484321" lat="44.4330871" lon="26.0469699"/>
 <node id="1650722618" visible="true" version="10" changeset="137032940" timestamp="2023-06-06T21:56:18Z" user="watmildon" uid="11303102" lat="44.4338182" lon="26.0470081">
  <tag k="addr:city" v="București"/>
  <tag k="addr:housenumber" v="11B"/>
  <tag k="addr:postcode" v="061073"/>
  <tag k="addr:postcode:source" v="Date de la Poșta Română, publicate sub Licența pentru Guvernare Deschisă v1.0 la http://date.gov.ro/organization/posta-romana"/>
  <tag k="addr:street" v="Bulevardul Iuliu Maniu"/>
  <tag k="source:addr:housenumber" v="survey"/>
  <tag k="source:addr:street" v="survey"/>
 </node>
 <node id="1650723101" visible="true" version="6" changeset="149567964" timestamp="2024-04-04T12:25:23Z" user="Dan 9" uid="9484321" lat="44.4330091" lon="26.0425549"/>
 <node id="1650723111" visible="true" version="4" changeset="75311887" timestamp="2019-10-05T08:45:59Z" user="Dan 9" uid="9484321" lat="44.4331216" lon="26.0426532"/>
 <node id="1650723114" visible="true" version="5" changeset="149567964" timestamp="2024-04-04T12:25:23Z" user="Dan 9" uid="9484321" lat="44.4331253" lon="26.0430278"/>
 <node id="1725252743" visible="true" version="8" changeset="158852590" timestamp="2024-11-07T11:51:58Z" user="Dan 9" uid="9484321" lat="44.4343601" lon="26.0497715">
  <tag k="bench" v="no"/>
  <tag k="bus" v="yes"/>
  <tag k="name" v="Universitatea Politehnica"/>
  <tag k="operator" v="STB"/>
  <tag k="public_transport" v="stop_position"/>
  <tag k="route_ref" v="61, 62, 136, N115"/>
  <tag k="shelter" v="no"/>
  <tag k="tactile_paving" v="no"/>
  <tag k="trolleybus" v="yes"/>
 </node>
 <node id="1725886323" visible="true" version="6" changeset="188108986" timestamp="2026-08-27T17:24:10Z" user="Dan 9" uid="9484321" lat="44.4341413" lon="26.0485249">
  <tag k="addr:city" v="București"/>
  <tag k="addr:housenumber" v="11B"/>
  <tag k="addr:street" v="Bulevardul Iuliu Maniu"/>
 </node>
 <node id="1827391331" visible="true" version="16" changeset="158852590" timestamp="2024-11-07T11:51:58Z" user="Dan 9" uid="9484321" lat="44.4348047" lon="26.0505455">
  <tag k="addr:city" v="București"/>
  <tag k="addr:country" v="RO"/>
  <tag k="addr:housenumber" v="6Q"/>
  <tag k="addr:postcode" v="061103"/>
  <tag k="addr:postcode:source" v="Date de la Poșta Română, publicate sub Licența pentru Guvernare Deschisă v1.0 la http://date.gov.ro/organization/posta-romana"/>
  <tag k="addr:street" v="Bulevardul Iuliu Maniu"/>
  <tag k="amenity" v="bank"/>
  <tag k="atm" v="yes"/>
  <tag k="brand" v="Banca Transilvania"/>
  <tag k="brand:en" v="Transilvania Bank"/>
  <tag k="brand:ro" v="Banca Transilvania"/>
  <tag k="brand:wikidata" v="Q806161"/>
  <tag k="brand:wikipedia" v="en:Banca Transilvania"/>
  <tag k="name" v="Banca Transilvania"/>
  <tag k="name:en" v="Banca Transilvania"/>
  <tag k="name:ro" v="Banca Transilvania"/>
  <tag k="opening_hours" v="Mo-Fr 09:00-17:30"/>
  <tag k="operator" v="Banca Transilvania"/>
  <tag k="phone" v="+4021 434 9159"/>
  <tag k="source:addr:housenumber" v="survey"/>
  <tag k="source:addr:street" v="survey"/>
  <tag k="website" v="https://www.bancatransilvania.ro/"/>
 </node>
 <node id="1883081587" visible="true" version="3" changeset="105740899" timestamp="2021-06-02T20:58:26Z" user="ted3sco" uid="2112541" lat="44.4309519" lon="26.0357364"/>
 <node id="1883081595" visible="true" version="4" changeset="105740899" timestamp="2021-06-02T20:58:26Z" user="ted3sco" uid="2112541" lat="44.4304942" lon="26.0357877"/>
 <node id="1883081617" visible="true" version="5" changeset="105740899" timestamp="2021-06-02T20:58:26Z" user="ted3sco" uid="2112541" lat="44.4294350" lon="26.0366398"/>
 <node id="1883081623" visible="true" version="6" changeset="156741667" timestamp="2024-09-17T17:58:36Z" user="Dan 9" uid="9484321" lat="44.4278708" lon="26.0366331"/>
 <node id="1885389704" visible="true" version="2" changeset="137284109" timestamp="2023-06-13T12:29:44Z" user="melo_1" uid="1281559" lat="44.4330085" lon="26.0665215"/>
 <node id="1987286792" visible="true" version="1" changeset="13664455" timestamp="2012-10-28T17:39:07Z" user="andreinicoara85" uid="289234" lat="44.4371701" lon="26.0668660"/>
 <node id="1987287156" visible="true" version="1" changeset="13664455" timestamp="2012-10-28T17:39:16Z" user="andreinicoara85" uid="289234" lat="44.4383074" lon="26.0660800"/>
 <node id="2100255493" visible="true" version="4" changeset="143030026" timestamp="2023-10-23T18:16:24Z" user="alexnder" uid="8430074" lat="44.4417815" lon="26.0535019"/>
 <node id="2100255497" visible="true" version="3" changeset="143030026" timestamp="2023-10-23T18:16:24Z" user="alexnder" uid="8430074" lat="44.4421751" lon="26.0535886"/>
 <node id="2111305084" visible="true" version="3" changeset="175353714" timestamp="2025-12-01T11:35:42Z" user="one_electro_dan" uid="22582172" lat="44.4324373" lon="26.0635723"/>
 <node id="2111305093" visible="true" version="3" changeset="137294590" timestamp="2023-06-13T16:40:40Z" user="melo_1" uid="1281559" lat="44.4327350" lon="26.0646107"/>
 <node id="2111305130" visible="true" version="1" changeset="14653679" timestamp="2013-01-14T20:55:14Z" user="dincaionclaudiu" uid="1164579" lat="44.4329242" lon="26.0658070"/>
 <node id="2145392015" visible="true" version="3" changeset="71303551" timestamp="2019-06-16T15:21:14Z" user="Dan 9" uid="9484321" lat="44.4388278" lon="26.0421625"/>
 <node id="2145392016" visible="true" version="2" changeset="71302733" timestamp="2019-06-16T14:37:23Z" user="Dan 9" uid="9484321" lat="44.4386685" lon="26.0438614"/>
 <node id="2145392017" visible="true" version="4" changeset="71263025" timestamp="2019-06-14T18:20:25Z" user="Dan 9" uid="9484321" lat="44.4398172" lon="26.0443197"/>
 <node id="2197055911" visible="true" version="11" changeset="188257768" timestamp="2026-08-30T16:03:11Z" user="Dan 9" uid="9484321" lat="44.4310599" lon="26.0325451"/>
 <node id="2197071023" visible="true" version="9" changeset="188257768" timestamp="2026-08-30T16:03:11Z" user="Dan 9" uid="9484321" lat="44.4309020" lon="26.0324390"/>
 <node id="2267967443" visible="true" version="8" changeset="154447523" timestamp="2024-07-26T15:03:51Z" user="Dan 9" uid="9484321" lat="44.4354176" lon="26.0077718"/>
 <node id="2290455849" visible="true" version="5" changeset="188108986" timestamp="2026-08-27T17:24:10Z" user="Dan 9" uid="9484321" lat="44.4334581" lon="26.0484234"/>
 <node id="2290455850" visible="true" version="4" changeset="181633279" timestamp="2026-04-21T15:30:45Z" user="Dan 9" uid="9484321" lat="44.4326725" lon="26.0460043"/>
 <node id="2290455851" visible="true" version="4" changeset="188108986" timestamp="2026-08-27T17:24:10Z" user="Dan 9" uid="9484321" lat="44.4337343" lon="26.0485634"/>
 <node id="2290455859" visible="true" version="6" changeset="181633279" timestamp="2026-04-21T15:30:45Z" user="Dan 9" uid="9484321" lat="44.4343003" lon="26.0459454"/>
 <node id="2290455861" visible="true" version="3" changeset="149567964" timestamp="2024-04-04T12:25:23Z" user="Dan 9" uid="9484321" lat="44.4341721" lon="26.0417925">
  <tag k="crossing" v="uncontrolled"/>
  <tag k="crossing:markings" v="zebra"/>
  <tag k="highway" v="crossing"/>
 </node>
 <node id="2290455880" visible="true" version="7" changeset="135818271" timestamp="2023-05-07T16:06:12Z" user="rarad74" uid="128281" lat="44.4343441" lon="26.0486537"/>
 <node id="2290455884" visible="true" version="6" changeset="188108986" timestamp="2026-08-27T17:24:10Z" user="Dan 9" uid="9484321" lat="44.4341606" lon="26.0487219"/>
 <node id="2290455890" visible="true" version="4" changeset="134229475" timestamp="2023-03-28T17:14:25Z" user="Dan 9" uid="9484321" lat="44.4336522" lon="26.0476402"/>
 <node id="2290455895" visible="true" version="4" changeset="181633279" timestamp="2026-04-21T15:30:45Z" user="Dan 9" uid="9484321" lat="44.4330764" lon="26.0459897"/>
 <node id="2290562928" visible="true" version="6" changeset="154447523" timestamp="2024-07-26T15:03:51Z" user="Dan 9" uid="9484321" lat="44.4345984" lon="26.0061796"/>
 <node id="2290562961" visible="true" version="6" changeset="154447523" timestamp="2024-07-26T15:03:51Z" user="Dan 9" uid="9484321" lat="44.4346073" lon="26.0070170"/>
 <node id="2361474675" visible="true" version="4" changeset="181633279" timestamp="2026-04-21T15:30:45Z" user="Dan 9" uid="9484321" lat="44.4394806" lon="26.0409452"/>
 <node id="2361474676" visible="true" version="4" changeset="86356634" timestamp="2020-06-08T13:08:55Z" user="Dan 9" uid="9484321" lat="44.4391195" lon="26.0407039"/>
 <node id="2385772988" visible="true" version="8" changeset="108043994" timestamp="2021-07-15T10:52:52Z" user="Dan 9" uid="9484321" lat="44.4360634" lon="26.0012187"/>
 <node id="2393445820" visible="true" version="5" changeset="71263104" timestamp="2019-06-14T18:22:52Z" user="Dan 9" uid="9484321" lat="44.4396986" lon="26.0449369"/>
 <node id="2453034160" visible="true" version="6" changeset="149567964" timestamp="2024-04-04T12:25:23Z" user="Dan 9" uid="9484321" lat="44.4343101" lon="26.0463192"/>
 <node id="2463152871" visible="true" version="4" changeset="181633279" timestamp="2026-04-21T15:30:45Z" user="Dan 9" uid="9484321" lat="44.4395264" lon="26.0409758"/>
 <node id="2534596677" visible="true" version="3" changeset="158852590" timestamp="2024-11-07T11:51:58Z" user="Dan 9" uid="9484321" lat="44.4343966" lon="26.0523111"/>
 <node id="2534596679" visible="true" version="6" changeset="146149435" timestamp="2024-01-11T15:55:09Z" user="Dan 9" uid="9484321" lat="44.4344867" lon="26.0486519"/>
 <node id="2534596685" visible="true" version="3" changeset="146149435" timestamp="2024-01-11T15:55:09Z" user="Dan 9" uid="9484321" lat="44.4345325" lon="26.0523062"/>
 <node id="2534598071" visible="true" version="4" changeset="149567964" timestamp="2024-04-04T12:25:23Z" user="Dan 9" uid="9484321" lat="44.4334261" lon="26.0507621"/>
 <node id="2534598072" visible="true" version="4" changeset="149567964" timestamp="2024-04-04T12:25:23Z" user="Dan 9" uid="9484321" lat="44.4334366" lon="26.0512179"/>
 <node id="2534598073" visible="true" version="4" changeset="149567964" timestamp="2024-04-04T12:25:23Z" user="Dan 9" uid="9484321" lat="44.4334283" lon="26.0509721"/>
 <node id="2534598074" visible="true" version="4" changeset="149567964" timestamp="2024-04-04T12:25:23Z" user="Dan 9" uid="9484321" lat="44.4334388" lon="26.0514331"/>
 <node id="2534598088" visible="true" version="4" changeset="149567964" timestamp="2024-04-04T12:25:23Z" user="Dan 9" uid="9484321" lat="44.4338454" lon="26.0510058"/>
 <node id="2534598089" visible="true" version="4" changeset="149567964" timestamp="2024-04-04T12:25:23Z" user="Dan 9" uid="9484321" lat="44.4338470" lon="26.0511603"/>
 <node id="2534603273" visible="true" version="4" changeset="149567964" timestamp="2024-04-04T12:25:23Z" user="Dan 9" uid="9484321" lat="44.4330917" lon="26.0472055">
  <tag k="noexit" v="yes"/>
 </node>
 <node id="2534603295" visible="true" version="7" changeset="149567964" timestamp="2024-04-04T12:25:23Z" user="Dan 9" uid="9484321" lat="44.4339373" lon="26.0471721"/>
 <node id="2534603296" visible="true" version="9" changeset="149567964" timestamp="2024-04-04T12:25:23Z" user="Dan 9" uid="9484321" lat="44.4339549" lon="26.0481348"/>
 <node id="2534603298" visible="true" version="5" changeset="149567964" timestamp="2024-04-04T12:25:23Z" user="Dan 9" uid="9484321" lat="44.4343366" lon="26.0481917"/>
 <node id="2534605318" visible="true" version="4" changeset="134264255" timestamp="2023-03-29T13:47:17Z" user="Dan 9" uid="9484321" lat="44.4332461" lon="26.0455741"/>
 <node id="2534605319" visible="true" version="4" changeset="134264255" timestamp="2023-03-29T13:47:17Z" user="Dan 9" uid="9484321" lat="44.4332496" lon="26.0458591"/>
 <node id="2534605330" visible="true" version="4" changeset="134264255" timestamp="2023-03-29T13:47:17Z" user="Dan 9" uid="9484321" lat="44.4334026" lon="26.0455703"/>
 <node id="2534605331" visible="true" version="4" changeset="134264255" timestamp="2023-03-29T13:47:17Z" user="Dan 9" uid="9484321" lat="44.4334030" lon="26.0456045"/>
 <node id="2534605332" visible="true" version="4" changeset="134264255" timestamp="2023-03-29T13:47:17Z" user="Dan 9" uid="9484321" lat="44.4334071" lon="26.0458183"/>
 <node id="2534605333" visible="true" version="4" changeset="134264255" timestamp="2023-03-29T13:47:17Z" user="Dan 9" uid="9484321" lat="44.4334075" lon="26.0458552"/>
 <node id="2534605334" visible="true" version="4" changeset="134264255" timestamp="2023-03-29T13:47:17Z" user="Dan 9" uid="9484321" lat="44.4338795" lon="26.0447193"/>
 <node id="2534605335" visible="true" version="4" changeset="134264255" timestamp="2023-03-29T13:47:17Z" user="Dan 9" uid="9484321" lat="44.4338819" lon="26.0448811"/>
 <node id="2534605340" visible="true" version="4" changeset="134264255" timestamp="2023-03-29T13:47:17Z" user="Dan 9" uid="9484321" lat="44.4338852" lon="26.0451727"/>
 <node id="2534605341" visible="true" version="4" changeset="134264255" timestamp="2023-03-29T13:47:17Z" user="Dan 9" uid="9484321" lat="44.4338875" lon="26.0453322"/>
 <node id="2534605342" visible="true" version="4" changeset="134264255" timestamp="2023-03-29T13:47:17Z" user="Dan 9" uid="9484321" lat="44.4338993" lon="26.0448806"/>
 <node id="2534605343" visible="true" version="4" changeset="134264255" timestamp="2023-03-29T13:47:17Z" user="Dan 9" uid="9484321" lat="44.4339036" lon="26.0451721"/>
 <node id="2534605344" visible="true" version="4" changeset="134264255" timestamp="2023-03-29T13:47:17Z" user="Dan 9" uid="9484321" lat="44.4339189" lon="26.0455597"/>
 <node id="2534605345" visible="true" version="4" changeset="134264255" timestamp="2023-03-29T13:47:17Z" user="Dan 9" uid="9484321" lat="44.4339193" lon="26.0455920"/>
 <node id="2534605346" visible="true" version="4" changeset="134264255" timestamp="2023-03-29T13:47:17Z" user="Dan 9" uid="9484321" lat="44.4339234" lon="26.0458058"/>
 <node id="2534605347" visible="true" version="4" changeset="134264255" timestamp="2023-03-29T13:47:17Z" user="Dan 9" uid="9484321" lat="44.4339237" lon="26.0458356"/>
 <node id="2534605350" visible="true" version="4" changeset="134264255" timestamp="2023-03-29T13:47:17Z" user="Dan 9" uid="9484321" lat="44.4340515" lon="26.0448689"/>
 <node id="2534605351" visible="true" version="4" changeset="134264255" timestamp="2023-03-29T13:47:17Z" user="Dan 9" uid="9484321" lat="44.4340559" lon="26.0451716"/>
 <node id="2534605352" visible="true" version="4" changeset="134264255" timestamp="2023-03-29T13:47:17Z" user="Dan 9" uid="9484321" lat="44.4340626" lon="26.0447140"/>
 <node id="2534605353" visible="true" version="4" changeset="134264255" timestamp="2023-03-29T13:47:17Z" user="Dan 9" uid="9484321" lat="44.4340648" lon="26.0448685"/>
 <node id="2534605354" visible="true" version="4" changeset="134264255" timestamp="2023-03-29T13:47:17Z" user="Dan 9" uid="9484321" lat="44.4340697" lon="26.0451712"/>
 <node id="2534605355" visible="true" version="4" changeset="134264255" timestamp="2023-03-29T13:47:17Z" user="Dan 9" uid="9484321" lat="44.4340719" lon="26.0453270"/>
 <node id="2534605356" visible="true" version="4" changeset="134264255" timestamp="2023-03-29T13:47:17Z" user="Dan 9" uid="9484321" lat="44.4340761" lon="26.0455559"/>
 <node id="2534605357" visible="true" version="4" changeset="134264255" timestamp="2023-03-29T13:47:17Z" user="Dan 9" uid="9484321" lat="44.4340796" lon="26.0458318"/>
 <node id="2539791882" visible="true" version="5" changeset="149567964" timestamp="2024-04-04T12:25:23Z" user="Dan 9" uid="9484321" lat="44.4322260" lon="26.0486158"/>
 <node id="2539791891" visible="true" version="4" changeset="149567964" timestamp="2024-04-04T12:25:23Z" user="Dan 9" uid="9484321" lat="44.4322327" lon="26.0488473"/>
 <node id="2539791951" visible="true" version="4" changeset="149567964" timestamp="2024-04-04T12:25:23Z" user="Dan 9" uid="9484321" lat="44.4324000" lon="26.0488555"/>
 <node id="2539791955" visible="true" version="4" changeset="149567964" timestamp="2024-04-04T12:25:23Z" user="Dan 9" uid="9484321" lat="44.4324084" lon="26.0491914"/>
 <node id="2539791962" visible="true" version="4" changeset="149567964" timestamp="2024-04-04T12:25:23Z" user="Dan 9" uid="9484321" lat="44.4324582" lon="26.0491889"/>
 <node id="2539791966" visible="true" version="4" changeset="149567964" timestamp="2024-04-04T12:25:23Z" user="Dan 9" uid="9484321" lat="44.4324647" lon="26.0494448"/>
 <node id="2539791986" visible="true" version="4" changeset="149567964" timestamp="2024-04-04T12:25:23Z" user="Dan 9" uid="9484321" lat="44.4326279" lon="26.0493825"/>
 <node id="2539791989" visible="true" version="4" changeset="149567964" timestamp="2024-04-04T12:25:23Z" user="Dan 9" uid="9484321" lat="44.4326293" lon="26.0494377"/>
 <node id="2539791995" visible="true" version="3" changeset="134168830" timestamp="2023-03-27T09:41:53Z" user="Dan 9" uid="9484321" lat="44.4322061" lon="26.0480857"/>
 <node id="2539792063" visible="true" version="7" changeset="149567964" timestamp="2024-04-04T12:25:23Z" user="Dan 9" uid="9484321" lat="44.4327977" lon="26.0507115"/>
 <node id="2539792160" visible="true" version="5" changeset="149567964" timestamp="2024-04-04T12:25:23Z" user="Dan 9" uid="9484321" lat="44.4331718" lon="26.0502364"/>
 <node id="2539792162" visible="true" version="5" changeset="149567964" timestamp="2024-04-04T12:25:23Z" user="Dan 9" uid="9484321" lat="44.4332007" lon="26.0494134"/>
 <node id="2539792169" visible="true" version="5" changeset="149567964" timestamp="2024-04-04T12:25:23Z" user="Dan 9" uid="9484321" lat="44.4332810" lon="26.0498739"/>
 <node id="2539792179" visible="true" version="5" changeset="149567964" timestamp="2024-04-04T12:25:23Z" user="Dan 9" uid="9484321" lat="44.4332942" lon="26.0500636"/>
 <node id="2539792195" visible="true" version="6" changeset="149567964" timestamp="2024-04-04T12:25:23Z" user="Dan 9" uid="9484321" lat="44.4333435" lon="26.0494061"/>
 <node id="2539792203" visible="true" version="4" changeset="149567964" timestamp="2024-04-04T12:25:23Z" user="Dan 9" uid="9484321" lat="44.4333516" lon="26.0497182"/>
 <node id="2539792208" visible="true" version="4" changeset="149567964" timestamp="2024-04-04T12:25:23Z" user="Dan 9" uid="9484321" lat="44.4334519" lon="26.0493217"/>
 <node id="2539792210" visible="true" version="4" changeset="149567964" timestamp="2024-04-04T12:25:23Z" user="Dan 9" uid="9484321" lat="44.4333951" lon="26.0490470"/>
 <node id="2539792212" visible="true" version="4" changeset="149567964" timestamp="2024-04-04T12:25:23Z" user="Dan 9" uid="9484321" lat="44.4334556" lon="26.0494807"/>
 <node id="2539792215" visible="true" version="4" changeset="149567964" timestamp="2024-04-04T12:25:23Z" user="Dan 9" uid="9484321" lat="44.4334186" lon="26.0496548"/>
 <node id="2539792226" visible="true" version="4" changeset="149567964" timestamp="2024-04-04T12:25:23Z" user="Dan 9" uid="9484321" lat="44.4335596" lon="26.0496338"/>
 <node id="2539792249" visible="true" version="4" changeset="149567964" timestamp="2024-04-04T12:25:23Z" user="Dan 9" uid="9484321" lat="44.4336640" lon="26.0490346"/>
 <node id="2539792251" visible="true" version="4" changeset="149567964" timestamp="2024-04-04T12:25:23Z" user="Dan 9" uid="9484321" lat="44.4337412" lon="26.0491295"/>
 <node id="2539792262" visible="true" version="4" changeset="149567964" timestamp="2024-04-04T12:25:23Z" user="Dan 9" uid="9484321" lat="44.4337793" lon="26.0491277"/>
 <node id="2539792265" visible="true" version="4" changeset="149567964" timestamp="2024-04-04T12:25:23Z" user="Dan 9" uid="9484321" lat="44.4337882" lon="26.0495050"/>
 <node id="2539792268" visible="true" version="4" changeset="149567964" timestamp="2024-04-04T12:25:23Z" user="Dan 9" uid="9484321" lat="44.4338689" lon="26.0492992"/>
 <node id="2539792269" visible="true" version="4" changeset="149567964" timestamp="2024-04-04T12:25:23Z" user="Dan 9" uid="9484321" lat="44.4338685" lon="26.0492015"/>
 <node id="2539792276" visible="true" version="4" changeset="149567964" timestamp="2024-04-04T12:25:23Z" user="Dan 9" uid="9484321" lat="44.4339771" lon="26.0492007"/>
 <node id="2539792278" visible="true" version="4" changeset="149567964" timestamp="2024-04-04T12:25:23Z" user="Dan 9" uid="9484321" lat="44.4339775" lon="26.0492984"/>
 <node id="2539792287" visible="true" version="4" changeset="149567964" timestamp="2024-04-04T12:25:23Z" user="Dan 9" uid="9484321" lat="44.4337375" lon="26.0495217"/>
 <node id="2782755837" visible="true" version="6" changeset="114714311" timestamp="2021-12-08T19:12:56Z" user="rantz5" uid="887976" lat="44.4342988" lon="25.9993650"/>
 <node id="2817384191" visible="true" version="3" changeset="122713877" timestamp="2022-06-22T13:53:57Z" user="dodelinho" uid="3444929" lat="44.4468677" lon="26.0192908"/>
 <node id="2817384192" visible="true" version="4" changeset="122713877" timestamp="2022-06-22T13:53:57Z" user="dodelinho" uid="3444929" lat="44.4462739" lon="26.0191456"/>
 <node id="2817384194" visible="true" version="8" changeset="122713877" timestamp="2022-06-22T13:53:57Z" user="dodelinho" uid="3444929" lat="44.4459729" lon="26.0191390"/>
 <node id="2817384196" visible="true" version="7" changeset="91781841" timestamp="2020-09-30T17:28:30Z" user="Dan 9" uid="9484321" lat="44.4452954" lon="26.0176342"/>
 <node id="2817589038" visible="true" version="3" changeset="122713877" timestamp="2022-06-22T13:53:57Z" user="dodelinho" uid="3444929" lat="44.4460126" lon="26.0192510"/>
 <node id="2817743254" visible="true" version="1" changeset="21952587" timestamp="2014-04-26T11:48:55Z" user="Claudiu Badita" uid="2048415" lat="44.4339476" lon="26.0014766"/>
 <node id="2817743255" visible="true" version="1" changeset="21952587" timestamp="2014-04-26T11:48:55Z" user="Claudiu Badita" uid="2048415" lat="44.4338141" lon="26.0001757"/>
 <node id="2817743256" visible="true" version="2" changeset="68986153" timestamp="2019-04-07T20:19:03Z" user="Dan 9" uid="9484321" lat="44.4329851" lon="25.9987712"/>
 <node id="2817743257" visible="true" version="1" changeset="21952587" timestamp="2014-04-26T11:48:55Z" user="Claudiu Badita" uid="2048415" lat="44.4322580" lon="25.9978502"/>
 <node id="2817743258" visible="true" version="1" changeset="21952587" timestamp="2014-04-26T11:48:55Z" user="Claudiu Badita" uid="2048415" lat="44.4312978" lon="25.9963305"/>
 <node id="2817743260" visible="true" version="1" changeset="21952587" timestamp="2014-04-26T11:48:55Z" user="Claudiu Badita" uid="2048415" lat="44.4309825" lon="25.9954387"/>
 <node id="2817743261" visible="true" version="1" changeset="21952587" timestamp="2014-04-26T11:48:55Z" user="Claudiu Badita" uid="2048415" lat="44.4308681" lon="25.9943049"/>
 <node id="2817755339" visible="true" version="3" changeset="99855082" timestamp="2021-02-23T21:09:58Z" user="ted3sco" uid="2112541" lat="44.4344695" lon="26.0516988"/>
 <node id="2817755340" visible="true" version="1" changeset="21952723" timestamp="2014-04-26T11:56:08Z" user="Claudiu Badita" uid="2048415" lat="44.4344741" lon="26.0498963"/>
 <node id="2817755341" visible="true" version="1" changeset="21952723" timestamp="2014-04-26T11:56:08Z" user="Claudiu Badita" uid="2048415" lat="44.4345275" lon="26.0465339"/>
 <node id="2818209409" visible="true" version="3" changeset="143021093" timestamp="2023-10-23T14:21:36Z" user="alexnder" uid="8430074" lat="44.4345930" lon="26.0473528"/>
 <node id="2818484012" visible="true" version="4" changeset="146149435" timestamp="2024-01-11T15:55:09Z" user="Dan 9" uid="9484321" lat="44.4363239" lon="26.0509976"/>
 <node id="2818484013" visible="true" version="7" changeset="146149435" timestamp="2024-01-11T15:55:09Z" user="Dan 9" uid="9484321" lat="44.4363637" lon="26.0534422"/>
 <node id="2818578048" visible="true" version="6" changeset="143030026" timestamp="2023-10-23T18:16:24Z" user="alexnder" uid="8430074" lat="44.4374225" lon="26.0548483"/>
 <node id="2871976001" visible="true" version="2" changeset="39936762" timestamp="2016-06-10T18:12:30Z" user="rarad74" uid="128281" lat="44.4341994" lon="26.0494413">
  <tag k="addr:city" v="București"/>
  <tag k="addr:housenumber" v="7-11"/>
  <tag k="addr:street" v="Bulevardul Iuliu Maniu"/>
 </node>
 <node id="2871976201" visible="true" version="5" changeset="149567964" timestamp="2024-04-04T12:25:23Z" user="Dan 9" uid="9484321" lat="44.4342070" lon="26.0509091"/>
 <node id="3006139633" visible="true" version="2" changeset="143031722" timestamp="2023-10-23T19:03:23Z" user="alexnder" uid="8430074" lat="44.4344672" lon="26.0495519"/>
 <node id="3006139733" visible="true" version="3" changeset="171016304" timestamp="2025-08-26T08:58:58Z" user="betterMaps421" uid="23091446" lat="44.4343932" lon="26.0495443"/>
 <node id="3006139833" visible="true" version="3" changeset="171016304" timestamp="2025-08-26T08:58:58Z" user="betterMaps421" uid="23091446" lat="44.4344296" lon="26.0522195"/>
 <node id="3006139933" visible="true" version="2" changeset="143031722" timestamp="2023-10-23T19:03:23Z" user="alexnder" uid="8430074" lat="44.4344992" lon="26.0522120"/>
 <node id="3006140033" visible="true" version="2" changeset="143031722" timestamp="2023-10-23T19:03:23Z" user="alexnder" uid="8430074" lat="44.4344664" lon="26.0494020"/>
 <node id="3006140133" visible="true" version="2" changeset="143031722" timestamp="2023-10-23T19:03:23Z" user="alexnder" uid="8430074" lat="44.4344289" lon="26.0493995"/>
 <node id="3006140134" visible="true" version="2" changeset="143031722" timestamp="2023-10-23T19:03:23Z" user="alexnder" uid="8430074" lat="44.4344421" lon="26.0486940"/>
 <node id="3006140135" visible="true" version="2" changeset="143031722" timestamp="2023-10-23T19:03:23Z" user="alexnder" uid="8430074" lat="44.4344436" lon="26.0485895"/>
 <node id="3006140136" visible="true" version="2" changeset="143031722" timestamp="2023-10-23T19:03:23Z" user="alexnder" uid="8430074" lat="44.4343755" lon="26.0452312"/>
 <node id="3006140233" visible="true" version="2" changeset="143031722" timestamp="2023-10-23T19:03:23Z" user="alexnder" uid="8430074" lat="44.4344215" lon="26.0486937"/>
 <node id="3006140633" visible="true" version="2" changeset="143031722" timestamp="2023-10-23T19:03:23Z" user="alexnder" uid="8430074" lat="44.4344193" lon="26.0485901"/>
 <node id="3006140733" visible="true" version="2" changeset="143031722" timestamp="2023-10-23T19:03:23Z" user="alexnder" uid="8430074" lat="44.4343996" lon="26.0452320"/>
 <node id="3067737433" visible="true" version="9" changeset="149567964" timestamp="2024-04-04T12:25:23Z" user="Dan 9" uid="9484321" lat="44.4345405" lon="26.0482620">
  <tag k="bench" v="yes"/>
  <tag k="bin" v="yes"/>
  <tag k="bus" v="yes"/>
  <tag k="highway" v="bus_stop"/>
  <tag k="lit" v="yes"/>
  <tag k="name" v="Universitatea Politehnica"/>
  <tag k="network" v="Societatea de Transport București"/>
  <tag k="network:short" v="STB"/>
  <tag k="network:wikidata" v="Q2280353"/>
  <tag k="operator" v="Societatea de Transport București"/>
  <tag k="operator:short" v="STB"/>
  <tag k="public_transport" v="platform"/>
  <tag k="route_ref" v="61, 62, 136, N115"/>
  <tag k="shelter" v="no"/>
  <tag k="trolleybus" v="yes"/>
 </node>
 <node id="3067737434" visible="true" version="9" changeset="180945292" timestamp="2026-04-06T12:56:54Z" user="razvan-v-poli" uid="23971167" lat="44.4342683" lon="26.0497705">
  <tag k="bench" v="yes"/>
  <tag k="bin" v="yes"/>
  <tag k="bus" v="yes"/>
  <tag k="highway" v="bus_stop"/>
  <tag k="name" v="Universitatea Politehnica"/>
  <tag k="network" v="Societatea de Transport București"/>
  <tag k="network:short" v="STB"/>
  <tag k="network:wikidata" v="Q2280353"/>
  <tag k="operator" v="Societatea de Transport București"/>
  <tag k="operator:short" v="STB"/>
  <tag k="public_transport" v="platform"/>
  <tag k="route_ref" v="61, 62, 136, N115"/>
  <tag k="shelter" v="yes"/>
  <tag k="trolleybus" v="yes"/>
 </node>
 <node id="3067743633" visible="true" version="8" changeset="144913215" timestamp="2023-12-08T18:08:34Z" user="Cătălin Topală" uid="16131251" lat="44.4346561" lon="26.0529957">
  <tag k="bench" v="no"/>
  <tag k="bin" v="yes"/>
  <tag k="bus" v="yes"/>
  <tag k="highway" v="bus_stop"/>
  <tag k="lit" v="yes"/>
  <tag k="name" v="Bd. G-ral Paul Teodorescu"/>
  <tag k="network" v="Societatea de Transport București"/>
  <tag k="network:short" v="STB"/>
  <tag k="network:wikidata" v="Q2280353"/>
  <tag k="operator" v="Societatea de Transport București"/>
  <tag k="public_transport" v="platform"/>
  <tag k="ref" v="61, 62, 136, 336"/>
  <tag k="shelter" v="yes"/>
  <tag k="tactile_paving" v="no"/>
  <tag k="trolleybus" v="yes"/>
 </node>
 <node id="3273445117" visible="true" version="1" changeset="27961588" timestamp="2015-01-06T17:50:03Z" user="rarad74" uid="128281" lat="44.4476940" lon="26.0293238"/>
 <node id="3273445119" visible="true" version="1" changeset="27961588" timestamp="2015-01-06T17:50:04Z" user="rarad74" uid="128281" lat="44.4461355" lon="26.0331781"/>
 <node id="3273445128" visible="true" version="1" changeset="27961588" timestamp="2015-01-06T17:50:04Z" user="rarad74" uid="128281" lat="44.4470749" lon="26.0349355"/>
 <node id="3273445140" visible="true" version="1" changeset="27961588" timestamp="2015-01-06T17:50:04Z" user="rarad74" uid="128281" lat="44.4463523" lon="26.0339767"/>
 <node id="3273445143" visible="true" version="2" changeset="39732436" timestamp="2016-06-02T12:02:54Z" user="rarad74" uid="128281" lat="44.4474095" lon="26.0368314"/>
 <node id="3273445145" visible="true" version="2" changeset="39732436" timestamp="2016-06-02T12:02:55Z" user="rarad74" uid="128281" lat="44.4474133" lon="26.0364390"/>
 <node id="3273445150" visible="true" version="1" changeset="27961588" timestamp="2015-01-06T17:50:04Z" user="rarad74" uid="128281" lat="44.4462532" lon="26.0337439"/>
 <node id="3273445152" visible="true" version="1" changeset="27961588" timestamp="2015-01-06T17:50:04Z" user="rarad74" uid="128281" lat="44.4465046" lon="26.0320479"/>
 <node id="3273445157" visible="true" version="1" changeset="27961588" timestamp="2015-01-06T17:50:04Z" user="rarad74" uid="128281" lat="44.4462080" lon="26.0326020"/>
 <node id="3273446662" visible="true" version="1" changeset="27961588" timestamp="2015-01-06T17:50:05Z" user="rarad74" uid="128281" lat="44.4469435" lon="26.0346217"/>
 <node id="3273446670" visible="true" version="1" changeset="27961588" timestamp="2015-01-06T17:50:05Z" user="rarad74" uid="128281" lat="44.4466797" lon="26.0316030"/>
 <node id="3273446679" visible="true" version="1" changeset="27961588" timestamp="2015-01-06T17:50:05Z" user="rarad74" uid="128281" lat="44.4487115" lon="26.0285194"/>
 <node id="3298391600" visible="true" version="2" changeset="122713877" timestamp="2022-06-22T13:53:57Z" user="dodelinho" uid="3444929" lat="44.4485826" lon="26.0198902"/>
 <node id="3298391601" visible="true" version="2" changeset="122713877" timestamp="2022-06-22T13:53:57Z" user="dodelinho" uid="3444929" lat="44.4483870" lon="26.0198033"/>
 <node id="3298391602" visible="true" version="2" changeset="122713877" timestamp="2022-06-22T13:53:57Z" user="dodelinho" uid="3444929" lat="44.4485552" lon="26.0198493"/>
 <node id="3575454020" visible="true" version="5" changeset="72736962" timestamp="2019-07-28T12:30:48Z" user="ted3sco" uid="2112541" lat="44.4429061" lon="26.0112393"/>
 <node id="3575454021" visible="true" version="6" changeset="87548042" timestamp="2020-07-05T07:23:30Z" user="ted3sco" uid="2112541" lat="44.4426578" lon="26.0061877"/>
 <node id="3774959328" visible="true" version="3" changeset="98984779" timestamp="2021-02-09T14:57:49Z" user="Dan 9" uid="9484321" lat="44.4343833" lon="26.0025990"/>
 <node id="3774959333" visible="true" version="3" changeset="98984779" timestamp="2021-02-09T14:57:49Z" user="Dan 9" uid="9484321" lat="44.4344191" lon="26.0056316"/>
 <node id="4209223149" visible="true" version="4" changeset="148635616" timestamp="2024-03-14T11:09:23Z" user="Dan 9" uid="9484321" lat="44.4246417" lon="26.0630540"/>
 <node id="4221495080" visible="true" version="1" changeset="39732436" timestamp="2016-06-02T12:02:50Z" user="rarad74" uid="128281" lat="44.4510728" lon="26.0279029"/>
 <node id="4491839516" visible="true" version="8" changeset="149567964" timestamp="2024-04-04T12:25:23Z" user="Dan 9" uid="9484321" lat="44.4351140" lon="26.0459643"/>
 <node id="4491839525" visible="true" version="8" changeset="149567964" timestamp="2024-04-04T12:25:23Z" user="Dan 9" uid="9484321" lat="44.4351478" lon="26.0479513"/>
 <node id="4491839526" visible="true" version="7" changeset="149567964" timestamp="2024-04-04T12:25:23Z" user="Dan 9" uid="9484321" lat="44.4351089" lon="26.0455765"/>
 <node id="4491839532" visible="true" version="6" changeset="81986731" timestamp="2020-03-10T01:12:43Z" user="Dan 9" uid="9484321" lat="44.4346712" lon="26.0492012"/>
 <node id="4491839533" visible="true" version="8" changeset="149567964" timestamp="2024-04-04T12:25:23Z" user="Dan 9" uid="9484321" lat="44.4351426" lon="26.0475751"/>
 <node id="4491839534" visible="true" version="7" changeset="149567964" timestamp="2024-04-04T12:25:23Z" user="Dan 9" uid="9484321" lat="44.4348365" lon="26.0455830"/>
 <node id="4491839538" visible="true" version="8" changeset="149567964" timestamp="2024-04-04T12:25:23Z" user="Dan 9" uid="9484321" lat="44.4348828" lon="26.0479584"/>
 <node id="4491839540" visible="true" version="7" changeset="81986731" timestamp="2020-03-10T01:12:43Z" user="Dan 9" uid="9484321" lat="44.4346763" lon="26.0489784"/>
 <node id="4491839542" visible="true" version="8" changeset="81986731" timestamp="2020-03-10T01:12:43Z" user="Dan 9" uid="9484321" lat="44.4346525" lon="26.0494528"/>
 <node id="4491839543" visible="true" version="6" changeset="81986731" timestamp="2020-03-10T01:12:43Z" user="Dan 9" uid="9484321" lat="44.4346491" lon="26.0491564"/>
 <node id="4491839549" visible="true" version="8" changeset="149567964" timestamp="2024-04-04T12:25:23Z" user="Dan 9" uid="9484321" lat="44.4348776" lon="26.0475823"/>
 <node id="4491839550" visible="true" version="6" changeset="81986731" timestamp="2020-03-10T01:12:43Z" user="Dan 9" uid="9484321" lat="44.4348506" lon="26.0495285"/>
 <node id="4491839552" visible="true" version="8" changeset="81986731" timestamp="2020-03-10T01:12:43Z" user="Dan 9" uid="9484321" lat="44.4348429" lon="26.0489744"/>
 <node id="4491839556" visible="true" version="3" changeset="149567964" timestamp="2024-04-04T12:25:23Z" user="Dan 9" uid="9484321" lat="44.4323367" lon="26.0488414"/>
 <node id="4666838927" visible="true" version="3" changeset="175353714" timestamp="2025-12-01T11:35:42Z" user="one_electro_dan" uid="22582172" lat="44.4315165" lon="26.0627808"/>
 <node id="4898280204" visible="true" version="6" changeset="72736962" timestamp="2019-07-28T12:30:48Z" user="ted3sco" uid="2112541" lat="44.4429485" lon="26.0123348"/>
 <node id="5536577117" visible="true" version="1" changeset="57899840" timestamp="2018-04-07T20:15:26Z" user="rarad74" uid="128281" lat="44.4416022" lon="26.0507365"/>
 <node id="5657140537" visible="true" version="5" changeset="80865442" timestamp="2020-02-11T18:32:49Z" user="Dan 9" uid="9484321" lat="44.4355515" lon="26.0485006"/>
 <node id="5657140538" visible="true" version="8" changeset="158834301" timestamp="2024-11-06T21:30:50Z" user="Dan 9" uid="9484321" lat="44.4357192" lon="26.0489305"/>
 <node id="5657140551" visible="true" version="3" changeset="143021093" timestamp="2023-10-23T14:21:36Z" user="alexnder" uid="8430074" lat="44.4353456" lon="26.0461802"/>
 <node id="5657140553" visible="true" version="8" changeset="158834301" timestamp="2024-11-06T21:30:50Z" user="Dan 9" uid="9484321" lat="44.4349601" lon="26.0489522"/>
 <node id="5657140554" visible="true" version="10" changeset="158834301" timestamp="2024-11-06T21:30:50Z" user="Dan 9" uid="9484321" lat="44.4357222" lon="26.0491397"/>
 <node id="5657140555" visible="true" version="11" changeset="158834301" timestamp="2024-11-06T21:30:50Z" user="Dan 9" uid="9484321" lat="44.4349632" lon="26.0491612"/>
 <node id="5657140556" visible="true" version="3" changeset="80865442" timestamp="2020-02-11T18:32:49Z" user="Dan 9" uid="9484321" lat="44.4347663" lon="26.0461915"/>
 <node id="5657140558" visible="true" version="2" changeset="68358898" timestamp="2019-03-21T02:16:38Z" user="Dan 9" uid="9484321" lat="44.4351636" lon="26.0454178"/>
 <node id="5657140560" visible="true" version="4" changeset="143021093" timestamp="2023-10-23T14:21:36Z" user="alexnder" uid="8430074" lat="44.4351746" lon="26.0461819"/>
 <node id="5799421740" visible="true" version="5" changeset="181633279" timestamp="2026-04-21T15:30:45Z" user="Dan 9" uid="9484321" lat="44.4342021" lon="26.0459489">
  <tag k="barrier" v="gate"/>
 </node>
 <node id="5878712058" visible="true" version="5" changeset="117471716" timestamp="2022-02-16T11:13:34Z" user="Dan 9" uid="9484321" lat="44.4361855" lon="26.0536711"/>
 <node id="5916877067" visible="true" version="1" changeset="62743128" timestamp="2018-09-19T20:41:18Z" user="cmi3j89d9o" uid="151425" lat="44.4308233" lon="25.9943128"/>
 <node id="5916877068" visible="true" version="1" changeset="62743128" timestamp="2018-09-19T20:41:18Z" user="cmi3j89d9o" uid="151425" lat="44.4309389" lon="25.9954576"/>
 <node id="5916877069" visible="true" version="1" changeset="62743128" timestamp="2018-09-19T20:41:18Z" user="cmi3j89d9o" uid="151425" lat="44.4312588" lon="25.9963626"/>
 <node id="5916877070" visible="true" version="1" changeset="62743128" timestamp="2018-09-19T20:41:18Z" user="cmi3j89d9o" uid="151425" lat="44.4314548" lon="25.9967598"/>
 <node id="5916877071" visible="true" version="1" changeset="62743128" timestamp="2018-09-19T20:41:18Z" user="cmi3j89d9o" uid="151425" lat="44.4322269" lon="25.9978961"/>
 <node id="5916877072" visible="true" version="2" changeset="68986989" timestamp="2019-04-07T20:51:35Z" user="Dan 9" uid="9484321" lat="44.4329668" lon="25.9988014"/>
 <node id="5916877073" visible="true" version="1" changeset="62743128" timestamp="2018-09-19T20:41:18Z" user="cmi3j89d9o" uid="151425" lat="44.4337712" lon="26.0002015"/>
 <node id="5916877074" visible="true" version="1" changeset="62743128" timestamp="2018-09-19T20:41:18Z" user="cmi3j89d9o" uid="151425" lat="44.4339025" lon="26.0014808"/>
 <node id="5916877075" visible="true" version="1" changeset="62743128" timestamp="2018-09-19T20:41:18Z" user="cmi3j89d9o" uid="151425" lat="44.4338909" lon="26.0031412"/>
 <node id="5916877077" visible="true" version="1" changeset="62743128" timestamp="2018-09-19T20:41:18Z" user="cmi3j89d9o" uid="151425" lat="44.4339556" lon="26.0110740"/>
 <node id="5916877078" visible="true" version="2" changeset="68046976" timestamp="2019-03-12T04:14:53Z" user="Dan 9" uid="9484321" lat="44.4342126" lon="26.0209757"/>
 <node id="5916877079" visible="true" version="4" changeset="172035488" timestamp="2025-09-16T21:27:52Z" user="Zarrink" uid="20204688" lat="44.4342160" lon="26.0211863">
  <tag k="name" v="Gorjului"/>
  <tag k="network" v="Metrorex"/>
  <tag k="operator" v="Metrorex"/>
  <tag k="public_transport" v="stop_position"/>
  <tag k="railway" v="stop"/>
  <tag k="subway" v="yes"/>
 </node>
 <node id="5916877080" visible="true" version="1" changeset="62743128" timestamp="2018-09-19T20:41:18Z" user="cmi3j89d9o" uid="151425" lat="44.4343434" lon="26.0307603"/>
 <node id="5916877081" visible="true" version="5" changeset="172035488" timestamp="2025-09-16T21:27:52Z" user="Zarrink" uid="20204688" lat="44.4343603" lon="26.0328877">
  <tag k="name" v="Lujerului"/>
  <tag k="network" v="Metrorex"/>
  <tag k="operator" v="Metrorex"/>
  <tag k="public_transport" v="stop_position"/>
  <tag k="railway" v="stop"/>
  <tag k="subway" v="yes"/>
 </node>
 <node id="5916877082" visible="true" version="1" changeset="62743128" timestamp="2018-09-19T20:41:18Z" user="cmi3j89d9o" uid="151425" lat="44.4343727" lon="26.0338281"/>
 <node id="5916877083" visible="true" version="1" changeset="62743128" timestamp="2018-09-19T20:41:18Z" user="cmi3j89d9o" uid="151425" lat="44.4344351" lon="26.0423809"/>
 <node id="5916877084" visible="true" version="1" changeset="62743128" timestamp="2018-09-19T20:41:18Z" user="cmi3j89d9o" uid="151425" lat="44.4344824" lon="26.0465337"/>
 <node id="5916880385" visible="true" version="1" changeset="62743128" timestamp="2018-09-19T20:41:18Z" user="cmi3j89d9o" uid="151425" lat="44.4344290" lon="26.0498944"/>
 <node id="5916880386" visible="true" version="6" changeset="172035488" timestamp="2025-09-16T21:27:52Z" user="Zarrink" uid="20204688" lat="44.4305603" lon="25.9909698">
  <tag k="name" v="Preciziei"/>
  <tag k="network" v="Metrorex"/>
  <tag k="operator" v="Metrorex"/>
  <tag k="public_transport" v="stop_position"/>
  <tag k="railway" v="stop"/>
  <tag k="subway" v="yes"/>
 </node>
 <node id="6057338982" visible="true" version="9" changeset="108043994" timestamp="2021-07-15T10:52:52Z" user="Dan 9" uid="9484321" lat="44.4360560" lon="25.9993461"/>
 <node id="6228053256" visible="true" version="6" changeset="188108986" timestamp="2026-08-27T17:24:10Z" user="Dan 9" uid="9484321" lat="44.4342635" lon="26.0487208">
  <tag k="crossing" v="unmarked"/>
  <tag k="crossing:markings" v="no"/>
  <tag k="highway" v="crossing"/>
 </node>
 <node id="6242754208" visible="true" version="3" changeset="157303059" timestamp="2024-09-30T15:21:23Z" user="Dan 9" uid="9484321" lat="44.4343399" lon="26.0540358"/>
 <node id="6242754210" visible="true" version="5" changeset="157302951" timestamp="2024-09-30T15:18:47Z" user="Dan 9" uid="9484321" lat="44.4346784" lon="26.0540274"/>
 <node id="6294573554" visible="true" version="3" changeset="146149435" timestamp="2024-01-11T15:55:09Z" user="Dan 9" uid="9484321" lat="44.4344974" lon="26.0495067">
  <tag k="crossing" v="uncontrolled"/>
  <tag k="highway" v="crossing"/>
 </node>
 <node id="6294573555" visible="true" version="2" changeset="158852590" timestamp="2024-11-07T11:51:58Z" user="Dan 9" uid="9484321" lat="44.4343564" lon="26.0495106">
  <tag k="crossing" v="uncontrolled"/>
  <tag k="highway" v="crossing"/>
 </node>
 <node id="6302624283" visible="true" version="4" changeset="143030026" timestamp="2023-10-23T18:16:24Z" user="alexnder" uid="8430074" lat="44.4407911" lon="26.0537772"/>
 <node id="6329204705" visible="true" version="7" changeset="146149435" timestamp="2024-01-11T15:55:09Z" user="Dan 9" uid="9484321" lat="44.4346424" lon="26.0503292"/>
 <node id="6329204706" visible="true" version="10" changeset="158832146" timestamp="2024-11-06T20:20:13Z" user="Dan 9" uid="9484321" lat="44.4346724" lon="26.0525045"/>
 <node id="6329204707" visible="true" version="8" changeset="158832146" timestamp="2024-11-06T20:20:13Z" user="Dan 9" uid="9484321" lat="44.4363470" lon="26.0524607"/>
 <node id="6329300767" visible="true" version="8" changeset="143031722" timestamp="2023-10-23T19:03:23Z" user="alexnder" uid="8430074" lat="44.4347161" lon="26.0483126"/>
 <node id="6329308545" visible="true" version="4" changeset="143026523" timestamp="2023-10-23T16:38:56Z" user="alexnder" uid="8430074" lat="44.4353721" lon="26.0480950"/>
 <node id="6329308546" visible="true" version="5" changeset="143031722" timestamp="2023-10-23T19:03:23Z" user="alexnder" uid="8430074" lat="44.4347130" lon="26.0481202"/>
 <node id="6329318086" visible="true" version="4" changeset="81986731" timestamp="2020-03-10T01:12:43Z" user="Dan 9" uid="9484321" lat="44.4346722" lon="26.0493161"/>
 <node id="6329318087" visible="true" version="4" changeset="81986731" timestamp="2020-03-10T01:12:43Z" user="Dan 9" uid="9484321" lat="44.4346514" lon="26.0493604"/>
 <node id="6329373353" visible="true" version="3" changeset="143021093" timestamp="2023-10-23T14:21:36Z" user="alexnder" uid="8430074" lat="44.4357040" lon="26.0487908"/>
 <node id="6329376064" visible="true" version="2" changeset="134170933" timestamp="2023-03-27T10:34:32Z" user="Dan 9" uid="9484321" lat="44.4358492" lon="26.0494257"/>
 <node id="6329668370" visible="true" version="5" changeset="80865442" timestamp="2020-02-11T18:32:49Z" user="Dan 9" uid="9484321" lat="44.4355533" lon="26.0486547"/>
 <node id="6332332261" visible="true" version="2" changeset="130346667" timestamp="2022-12-21T19:53:50Z" user="rarad74" uid="128281" lat="44.4343789" lon="26.0344151"/>
 <node id="6351351910" visible="true" version="2" changeset="143010995" timestamp="2023-10-23T10:32:53Z" user="alexnder" uid="8430074" lat="44.4361675" lon="26.0499344"/>
 <node id="6351351911" visible="true" version="2" changeset="143010995" timestamp="2023-10-23T10:32:53Z" user="alexnder" uid="8430074" lat="44.4362559" lon="26.0501135"/>
 <node id="6351351912" visible="true" version="2" changeset="143010995" timestamp="2023-10-23T10:32:53Z" user="alexnder" uid="8430074" lat="44.4360418" lon="26.0496591"/>
 <node id="6351351913" visible="true" version="2" changeset="68358898" timestamp="2019-03-21T02:16:38Z" user="Dan 9" uid="9484321" lat="44.4353775" lon="26.0482953"/>
 <node id="6351366388" visible="true" version="3" changeset="143026523" timestamp="2023-10-23T16:38:56Z" user="alexnder" uid="8430074" lat="44.4370565" lon="26.0449392"/>
 <node id="6490434801" visible="true" version="2" changeset="108043994" timestamp="2021-07-15T10:52:52Z" user="Dan 9" uid="9484321" lat="44.4343706" lon="26.0011765"/>
 <node id="6525526792" visible="true" version="5" changeset="158852590" timestamp="2024-11-07T11:51:58Z" user="Dan 9" uid="9484321" lat="44.4343629" lon="26.0499651"/>
 <node id="6525526794" visible="true" version="4" changeset="149567964" timestamp="2024-04-04T12:25:23Z" user="Dan 9" uid="9484321" lat="44.4335186" lon="26.0499815"/>
 <node id="6525526795" visible="true" version="3" changeset="149567964" timestamp="2024-04-04T12:25:23Z" user="Dan 9" uid="9484321" lat="44.4334823" lon="26.0499615"/>
 <node id="6525526796" visible="true" version="2" changeset="149567964" timestamp="2024-04-04T12:25:23Z" user="Dan 9" uid="9484321" lat="44.4333779" lon="26.0497996"/>
 <node id="6525526797" visible="true" version="3" changeset="149567964" timestamp="2024-04-04T12:25:23Z" user="Dan 9" uid="9484321" lat="44.4333657" lon="26.0497857"/>
 <node id="6525629450" visible="true" version="10" changeset="188262510" timestamp="2026-08-30T17:36:09Z" user="Dan 9" uid="9484321" lat="44.4321387" lon="26.0388336">
  <tag k="barrier" v="lift_gate"/>
 </node>
 <node id="6529857278" visible="true" version="5" changeset="153593570" timestamp="2024-07-05T15:20:31Z" user="Dan 9" uid="9484321" lat="44.4333087" lon="26.0383715"/>
 <node id="6532355441" visible="true" version="3" changeset="149567964" timestamp="2024-04-04T12:25:23Z" user="Dan 9" uid="9484321" lat="44.4325267" lon="26.0493876"/>
 <node id="6532355442" visible="true" version="3" changeset="149567964" timestamp="2024-04-04T12:25:23Z" user="Dan 9" uid="9484321" lat="44.4325281" lon="26.0494416"/>
 <node id="6532355447" visible="true" version="3" changeset="149567964" timestamp="2024-04-04T12:25:23Z" user="Dan 9" uid="9484321" lat="44.4330894" lon="26.0494190"/>
 <node id="6532355448" visible="true" version="3" changeset="149567964" timestamp="2024-04-04T12:25:23Z" user="Dan 9" uid="9484321" lat="44.4330888" lon="26.0493959"/>
 <node id="6532355449" visible="true" version="3" changeset="149567964" timestamp="2024-04-04T12:25:23Z" user="Dan 9" uid="9484321" lat="44.4329993" lon="26.0493741"/>
 <node id="6532355450" visible="true" version="3" changeset="149567964" timestamp="2024-04-04T12:25:23Z" user="Dan 9" uid="9484321" lat="44.4330005" lon="26.0494201"/>
 <node id="6532355451" visible="true" version="3" changeset="149567964" timestamp="2024-04-04T12:25:23Z" user="Dan 9" uid="9484321" lat="44.4329938" lon="26.0494204"/>
 <node id="6532355452" visible="true" version="3" changeset="149567964" timestamp="2024-04-04T12:25:23Z" user="Dan 9" uid="9484321" lat="44.4329928" lon="26.0493834"/>
 <node id="6532355453" visible="true" version="3" changeset="149567964" timestamp="2024-04-04T12:25:23Z" user="Dan 9" uid="9484321" lat="44.4329286" lon="26.0493866"/>
 <node id="6532355454" visible="true" version="3" changeset="149567964" timestamp="2024-04-04T12:25:23Z" user="Dan 9" uid="9484321" lat="44.4329295" lon="26.0494225"/>
 <node id="6550991879" visible="true" version="3" changeset="87560853" timestamp="2020-07-05T16:57:23Z" user="Dan 9" uid="9484321" lat="44.4414159" lon="26.0361278"/>
 <node id="6550991882" visible="true" version="2" changeset="105927231" timestamp="2021-06-06T17:47:51Z" user="Dan 9" uid="9484321" lat="44.4406198" lon="26.0363004"/>
 <node id="6551030186" visible="true" version="1" changeset="71300111" timestamp="2019-06-16T12:22:34Z" user="Dan 9" uid="9484321" lat="44.4392651" lon="26.0377146"/>
 <node id="6551030198" visible="true" version="2" changeset="87560853" timestamp="2020-07-05T16:57:23Z" user="Dan 9" uid="9484321" lat="44.4394048" lon="26.0379313"/>
 <node id="6551030199" visible="true" version="2" changeset="87560853" timestamp="2020-07-05T16:57:23Z" user="Dan 9" uid="9484321" lat="44.4395427" lon="26.0377476"/>
 <node id="6551030201" visible="true" version="3" changeset="87560853" timestamp="2020-07-05T16:57:23Z" user="Dan 9" uid="9484321" lat="44.4397222" lon="26.0378542"/>
 <node id="6551030203" visible="true" version="2" changeset="87560853" timestamp="2020-07-05T16:57:23Z" user="Dan 9" uid="9484321" lat="44.4399291" lon="26.0373384"/>
 <node id="6551030204" visible="true" version="3" changeset="153632494" timestamp="2024-07-06T17:18:28Z" user="Dan 9" uid="9484321" lat="44.4394996" lon="26.0370751"/>
 <node id="6551030208" visible="true" version="2" changeset="87560853" timestamp="2020-07-05T16:57:23Z" user="Dan 9" uid="9484321" lat="44.4394700" lon="26.0377146"/>
 <node id="6551030209" visible="true" version="2" changeset="87560853" timestamp="2020-07-05T16:57:23Z" user="Dan 9" uid="9484321" lat="44.4393203" lon="26.0375917"/>
 <node id="6551030210" visible="true" version="1" changeset="71300111" timestamp="2019-06-16T12:22:34Z" user="Dan 9" uid="9484321" lat="44.4385724" lon="26.0372806"/>
 <node id="6551176063" visible="true" version="2" changeset="181633279" timestamp="2026-04-21T15:30:45Z" user="Dan 9" uid="9484321" lat="44.4389726" lon="26.0407051"/>
 <node id="6551176068" visible="true" version="2" changeset="181633279" timestamp="2026-04-21T15:30:45Z" user="Dan 9" uid="9484321" lat="44.4389189" lon="26.0407532"/>
 <node id="6551176069" visible="true" version="2" changeset="181633279" timestamp="2026-04-21T15:30:45Z" user="Dan 9" uid="9484321" lat="44.4387080" lon="26.0411717"/>
 <node id="6551176070" visible="true" version="3" changeset="181633279" timestamp="2026-04-21T15:30:45Z" user="Dan 9" uid="9484321" lat="44.4386508" lon="26.0414056"/>
 <node id="6551176071" visible="true" version="3" changeset="181633279" timestamp="2026-04-21T15:30:45Z" user="Dan 9" uid="9484321" lat="44.4385248" lon="26.0413310"/>
 <node id="6551176073" visible="true" version="4" changeset="181633279" timestamp="2026-04-21T15:30:45Z" user="Dan 9" uid="9484321" lat="44.4384122" lon="26.0412882"/>
 <node id="6551176074" visible="true" version="4" changeset="181633279" timestamp="2026-04-21T15:30:45Z" user="Dan 9" uid="9484321" lat="44.4381361" lon="26.0412860"/>
 <node id="6551176075" visible="true" version="2" changeset="112058139" timestamp="2021-10-04T05:56:41Z" user="Alderney" uid="10892422" lat="44.4375873" lon="26.0422432"/>
 <node id="6551176077" visible="true" version="4" changeset="181633279" timestamp="2026-04-21T15:30:45Z" user="Dan 9" uid="9484321" lat="44.4382321" lon="26.0411969"/>
 <node id="6551176079" visible="true" version="2" changeset="71303551" timestamp="2019-06-16T15:21:14Z" user="Dan 9" uid="9484321" lat="44.4388483" lon="26.0424101"/>
 <node id="6551176080" visible="true" version="2" changeset="71303551" timestamp="2019-06-16T15:21:14Z" user="Dan 9" uid="9484321" lat="44.4388630" lon="26.0425738"/>
 <node id="6551176081" visible="true" version="1" changeset="71302733" timestamp="2019-06-16T14:37:23Z" user="Dan 9" uid="9484321" lat="44.4388566" lon="26.0428327"/>
 <node id="6551176082" visible="true" version="2" changeset="143026523" timestamp="2023-10-23T16:38:56Z" user="alexnder" uid="8430074" lat="44.4387644" lon="26.0439256"/>
 <node id="6551176083" visible="true" version="1" changeset="71302733" timestamp="2019-06-16T14:37:23Z" user="Dan 9" uid="9484321" lat="44.4387198" lon="26.0438814"/>
 <node id="6551198844" visible="true" version="1" changeset="71303551" timestamp="2019-06-16T15:21:14Z" user="Dan 9" uid="9484321" lat="44.4388549" lon="26.0418370"/>
 <node id="6551198845" visible="true" version="1" changeset="71303551" timestamp="2019-06-16T15:21:14Z" user="Dan 9" uid="9484321" lat="44.4389769" lon="26.0413871"/>
 <node id="6551198846" visible="true" version="1" changeset="71303551" timestamp="2019-06-16T15:21:14Z" user="Dan 9" uid="9484321" lat="44.4388332" lon="26.0420338"/>
 <node id="6551198847" visible="true" version="1" changeset="71303551" timestamp="2019-06-16T15:21:14Z" user="Dan 9" uid="9484321" lat="44.4390497" lon="26.0412926"/>
 <node id="6551198848" visible="true" version="1" changeset="71303551" timestamp="2019-06-16T15:21:14Z" user="Dan 9" uid="9484321" lat="44.4392945" lon="26.0411789"/>
 <node id="6551198849" visible="true" version="2" changeset="181633279" timestamp="2026-04-21T15:30:45Z" user="Dan 9" uid="9484321" lat="44.4393688" lon="26.0411105">
  <tag k="barrier" v="gate"/>
 </node>
 <node id="6551378149" visible="true" version="5" changeset="133592010" timestamp="2023-03-12T16:17:24Z" user="Dan 9" uid="9484321" lat="44.4447655" lon="26.0376320"/>
 <node id="6551378152" visible="true" version="3" changeset="165291900" timestamp="2025-04-22T15:24:42Z" user="rarad74" uid="128281" lat="44.4432862" lon="26.0363053"/>
 <node id="6551466939" visible="true" version="2" changeset="71306949" timestamp="2019-06-16T18:10:36Z" user="Dan 9" uid="9484321" lat="44.4430858" lon="26.0361492"/>
 <node id="6551466942" visible="true" version="3" changeset="71306944" timestamp="2019-06-16T18:10:15Z" user="Dan 9" uid="9484321" lat="44.4429455" lon="26.0360407"/>
 <node id="6568359740" visible="true" version="5" changeset="146149435" timestamp="2024-01-11T15:55:09Z" user="Dan 9" uid="9484321" lat="44.4350355" lon="26.0504621"/>
 <node id="6568359741" visible="true" version="5" changeset="146149435" timestamp="2024-01-11T15:55:09Z" user="Dan 9" uid="9484321" lat="44.4350464" lon="26.0513710"/>
 <node id="6568359742" visible="true" version="5" changeset="146149435" timestamp="2024-01-11T15:55:09Z" user="Dan 9" uid="9484321" lat="44.4347755" lon="26.0513773"/>
 <node id="6568359743" visible="true" version="5" changeset="146149435" timestamp="2024-01-11T15:55:09Z" user="Dan 9" uid="9484321" lat="44.4347646" lon="26.0504685"/>
 <node id="6568384444" visible="true" version="2" changeset="117471716" timestamp="2022-02-16T11:13:34Z" user="Dan 9" uid="9484321" lat="44.4361870" lon="26.0537838"/>
 <node id="6654960946" visible="true" version="1" changeset="72736962" timestamp="2019-07-28T12:30:48Z" user="ted3sco" uid="2112541" lat="44.4431036" lon="26.0128149"/>
 <node id="6681244820" visible="true" version="1" changeset="72987064" timestamp="2019-08-04T11:00:45Z" user="bubolex" uid="1497516" lat="44.4360087" lon="26.0488725"/>
 <node id="6681244821" visible="true" version="2" changeset="150911508" timestamp="2024-05-05T09:36:44Z" user="plut0_n" uid="21409089" lat="44.4360219" lon="26.0488211"/>
 <node id="6750540407" visible="true" version="2" changeset="94505046" timestamp="2020-11-20T13:58:42Z" user="Dan 9" uid="9484321" lat="44.4289553" lon="26.0426076"/>
 <node id="6750540410" visible="true" version="2" changeset="94505046" timestamp="2020-11-20T13:58:42Z" user="Dan 9" uid="9484321" lat="44.4282286" lon="26.0426391"/>
 <node id="6853166804" visible="true" version="3" changeset="115258625" timestamp="2021-12-22T14:28:55Z" user="Dan 9" uid="9484321" lat="44.4326051" lon="26.0432255"/>
 <node id="6853166805" visible="true" version="4" changeset="115258625" timestamp="2021-12-22T14:28:55Z" user="Dan 9" uid="9484321" lat="44.4323668" lon="26.0430021"/>
 <node id="6853166806" visible="true" version="6" changeset="188262510" timestamp="2026-08-30T17:36:09Z" user="Dan 9" uid="9484321" lat="44.4321456" lon="26.0395759"/>
 <node id="6853211833" visible="true" version="2" changeset="188262510" timestamp="2026-08-30T17:36:09Z" user="Dan 9" uid="9484321" lat="44.4321476" lon="26.0397945"/>
 <node id="6853211834" visible="true" version="2" changeset="86312305" timestamp="2020-06-07T16:00:46Z" user="Dan 9" uid="9484321" lat="44.4323256" lon="26.0404424"/>
 <node id="6853235204" visible="true" version="4" changeset="105549175" timestamp="2021-05-29T21:20:42Z" user="Dan 9" uid="9484321" lat="44.4312143" lon="26.0389040"/>
 <node id="6853235206" visible="true" version="7" changeset="115175319" timestamp="2021-12-20T17:25:37Z" user="Dan 9" uid="9484321" lat="44.4296509" lon="26.0362504"/>
 <node id="6853235207" visible="true" version="5" changeset="105549175" timestamp="2021-05-29T21:20:42Z" user="Dan 9" uid="9484321" lat="44.4298760" lon="26.0362111"/>
 <node id="6853235208" visible="true" version="5" changeset="105549175" timestamp="2021-05-29T21:20:42Z" user="Dan 9" uid="9484321" lat="44.4298515" lon="26.0359152"/>
 <node id="6859019424" visible="true" version="2" changeset="149567964" timestamp="2024-04-04T12:25:23Z" user="Dan 9" uid="9484321" lat="44.4341430" lon="26.0495514"/>
 <node id="6859019425" visible="true" version="2" changeset="149567964" timestamp="2024-04-04T12:25:23Z" user="Dan 9" uid="9484321" lat="44.4341438" lon="26.0496791"/>
 <node id="6859019426" visible="true" version="2" changeset="149567964" timestamp="2024-04-04T12:25:23Z" user="Dan 9" uid="9484321" lat="44.4339574" lon="26.0494880"/>
 <node id="6859019427" visible="true" version="2" changeset="149567964" timestamp="2024-04-04T12:25:23Z" user="Dan 9" uid="9484321" lat="44.4341038" lon="26.0494863"/>
 <node id="6859019428" visible="true" version="2" changeset="149567964" timestamp="2024-04-04T12:25:23Z" user="Dan 9" uid="9484321" lat="44.4341042" lon="26.0495519"/>
 <node id="6859019429" visible="true" version="2" changeset="149567964" timestamp="2024-04-04T12:25:23Z" user="Dan 9" uid="9484321" lat="44.4337499" lon="26.0499199"/>
 <node id="6859019430" visible="true" version="2" changeset="149567964" timestamp="2024-04-04T12:25:23Z" user="Dan 9" uid="9484321" lat="44.4341708" lon="26.0496788"/>
 <node id="6859019431" visible="true" version="2" changeset="149567964" timestamp="2024-04-04T12:25:23Z" user="Dan 9" uid="9484321" lat="44.4341724" lon="26.0499472"/>
 <node id="6859019434" visible="true" version="2" changeset="149567964" timestamp="2024-04-04T12:25:23Z" user="Dan 9" uid="9484321" lat="44.4339371" lon="26.0499500"/>
 <node id="6859019435" visible="true" version="2" changeset="149567964" timestamp="2024-04-04T12:25:23Z" user="Dan 9" uid="9484321" lat="44.4339369" lon="26.0499176"/>
 <node id="6859019436" visible="true" version="2" changeset="149567964" timestamp="2024-04-04T12:25:23Z" user="Dan 9" uid="9484321" lat="44.4339577" lon="26.0495372"/>
 <node id="6859019437" visible="true" version="2" changeset="149567964" timestamp="2024-04-04T12:25:23Z" user="Dan 9" uid="9484321" lat="44.4339288" lon="26.0495375"/>
 <node id="6859019438" visible="true" version="2" changeset="149567964" timestamp="2024-04-04T12:25:23Z" user="Dan 9" uid="9484321" lat="44.4339287" lon="26.0495196"/>
 <node id="6859019440" visible="true" version="2" changeset="149567964" timestamp="2024-04-04T12:25:23Z" user="Dan 9" uid="9484321" lat="44.4337488" lon="26.0497243"/>
 <node id="6859019441" visible="true" version="2" changeset="149567964" timestamp="2024-04-04T12:25:23Z" user="Dan 9" uid="9484321" lat="44.4337176" lon="26.0497248"/>
 <node id="6859019442" visible="true" version="2" changeset="149567964" timestamp="2024-04-04T12:25:23Z" user="Dan 9" uid="9484321" lat="44.4337159" lon="26.0496265"/>
 <node id="6859019443" visible="true" version="2" changeset="149567964" timestamp="2024-04-04T12:25:23Z" user="Dan 9" uid="9484321" lat="44.4337400" lon="26.0496254"/>
 <node id="6859019445" visible="true" version="2" changeset="149567964" timestamp="2024-04-04T12:25:23Z" user="Dan 9" uid="9484321" lat="44.4337213" lon="26.0499489"/>
 <node id="6859019446" visible="true" version="2" changeset="149567964" timestamp="2024-04-04T12:25:23Z" user="Dan 9" uid="9484321" lat="44.4335483" lon="26.0499545"/>
 <node id="6859019476" visible="true" version="3" changeset="134264255" timestamp="2023-03-29T13:47:17Z" user="Dan 9" uid="9484321" lat="44.4341797" lon="26.0441846"/>
 <node id="6859019477" visible="true" version="3" changeset="134264255" timestamp="2023-03-29T13:47:17Z" user="Dan 9" uid="9484321" lat="44.4342052" lon="26.0462171"/>
 <node id="6859019478" visible="true" version="3" changeset="134264255" timestamp="2023-03-29T13:47:17Z" user="Dan 9" uid="9484321" lat="44.4338569" lon="26.0462286"/>
 <node id="6859019479" visible="true" version="3" changeset="134264255" timestamp="2023-03-29T13:47:17Z" user="Dan 9" uid="9484321" lat="44.4338650" lon="26.0468965"/>
 <node id="6859019480" visible="true" version="5" changeset="134168830" timestamp="2023-03-27T09:41:53Z" user="Dan 9" uid="9484321" lat="44.4320889" lon="26.0480888"/>
 <node id="6859019482" visible="true" version="4" changeset="134264255" timestamp="2023-03-29T13:47:17Z" user="Dan 9" uid="9484321" lat="44.4323998" lon="26.0459717"/>
 <node id="6859019483" visible="true" version="3" changeset="134264255" timestamp="2023-03-29T13:47:17Z" user="Dan 9" uid="9484321" lat="44.4323652" lon="26.0442713"/>
 <node id="6859019484" visible="true" version="4" changeset="134264255" timestamp="2023-03-29T13:47:17Z" user="Dan 9" uid="9484321" lat="44.4326481" lon="26.0436489"/>
 <node id="6859058185" visible="true" version="4" changeset="134264255" timestamp="2023-03-29T13:47:17Z" user="Dan 9" uid="9484321" lat="44.4327967" lon="26.0434430"/>
 <node id="6859058186" visible="true" version="4" changeset="134264255" timestamp="2023-03-29T13:47:17Z" user="Dan 9" uid="9484321" lat="44.4331591" lon="26.0432018"/>
 <node id="6859058187" visible="true" version="4" changeset="134264255" timestamp="2023-03-29T13:47:17Z" user="Dan 9" uid="9484321" lat="44.4331727" lon="26.0442152"/>
 <node id="6859058189" visible="true" version="3" changeset="81986731" timestamp="2020-03-10T01:12:43Z" user="Dan 9" uid="9484321" lat="44.4346686" lon="26.0494525"/>
 <node id="6859058190" visible="true" version="3" changeset="81986731" timestamp="2020-03-10T01:12:43Z" user="Dan 9" uid="9484321" lat="44.4346691" lon="26.0494972"/>
 <node id="6859058191" visible="true" version="3" changeset="81986731" timestamp="2020-03-10T01:12:43Z" user="Dan 9" uid="9484321" lat="44.4346841" lon="26.0494969"/>
 <node id="6859058192" visible="true" version="3" changeset="81986731" timestamp="2020-03-10T01:12:43Z" user="Dan 9" uid="9484321" lat="44.4346845" lon="26.0495324"/>
 <node id="6859058193" visible="true" version="3" changeset="81986731" timestamp="2020-03-10T01:12:43Z" user="Dan 9" uid="9484321" lat="44.4346480" lon="26.0490604"/>
 <node id="6859058194" visible="true" version="3" changeset="81986731" timestamp="2020-03-10T01:12:43Z" user="Dan 9" uid="9484321" lat="44.4346646" lon="26.0490600"/>
 <node id="6859058195" visible="true" version="3" changeset="81986731" timestamp="2020-03-10T01:12:43Z" user="Dan 9" uid="9484321" lat="44.4346641" lon="26.0490141"/>
 <node id="6859058196" visible="true" version="3" changeset="81986731" timestamp="2020-03-10T01:12:43Z" user="Dan 9" uid="9484321" lat="44.4346768" lon="26.0490138"/>
 <node id="6859058197" visible="true" version="3" changeset="81986731" timestamp="2020-03-10T01:12:43Z" user="Dan 9" uid="9484321" lat="44.4348671" lon="26.0491422"/>
 <node id="6859058198" visible="true" version="3" changeset="81986731" timestamp="2020-03-10T01:12:43Z" user="Dan 9" uid="9484321" lat="44.4348389" lon="26.0491428"/>
 <node id="6859058199" visible="true" version="3" changeset="81986731" timestamp="2020-03-10T01:12:43Z" user="Dan 9" uid="9484321" lat="44.4348416" lon="26.0493620"/>
 <node id="6859058200" visible="true" version="3" changeset="81986731" timestamp="2020-03-10T01:12:43Z" user="Dan 9" uid="9484321" lat="44.4348664" lon="26.0493615"/>
 <node id="6859058201" visible="true" version="3" changeset="81986731" timestamp="2020-03-10T01:12:43Z" user="Dan 9" uid="9484321" lat="44.4348671" lon="26.0494236"/>
 <node id="6859058202" visible="true" version="3" changeset="81986731" timestamp="2020-03-10T01:12:43Z" user="Dan 9" uid="9484321" lat="44.4348597" lon="26.0494238"/>
 <node id="6859058203" visible="true" version="3" changeset="81986731" timestamp="2020-03-10T01:12:43Z" user="Dan 9" uid="9484321" lat="44.4348605" lon="26.0494912"/>
 <node id="6859058204" visible="true" version="3" changeset="81986731" timestamp="2020-03-10T01:12:43Z" user="Dan 9" uid="9484321" lat="44.4348502" lon="26.0494915"/>
 <node id="6859058205" visible="true" version="3" changeset="81986731" timestamp="2020-03-10T01:12:43Z" user="Dan 9" uid="9484321" lat="44.4348663" lon="26.0490749"/>
 <node id="6859058206" visible="true" version="3" changeset="81986731" timestamp="2020-03-10T01:12:43Z" user="Dan 9" uid="9484321" lat="44.4348588" lon="26.0490751"/>
 <node id="6859058207" visible="true" version="3" changeset="81986731" timestamp="2020-03-10T01:12:43Z" user="Dan 9" uid="9484321" lat="44.4348580" lon="26.0490093"/>
 <node id="6859058208" visible="true" version="3" changeset="81986731" timestamp="2020-03-10T01:12:43Z" user="Dan 9" uid="9484321" lat="44.4348434" lon="26.0490096"/>
 <node id="6909034277" visible="true" version="5" changeset="157303059" timestamp="2024-09-30T15:21:23Z" user="Dan 9" uid="9484321" lat="44.4343163" lon="26.0523140">
  <tag k="highway" v="crossing"/>
 </node>
 <node id="6909034279" visible="true" version="3" changeset="149567964" timestamp="2024-04-04T12:25:23Z" user="Dan 9" uid="9484321" lat="44.4342553" lon="26.0499672">
  <tag k="highway" v="crossing"/>
 </node>
 <node id="6909229778" visible="true" version="3" changeset="115814867" timestamp="2022-01-05T22:26:24Z" user="Dan 9" uid="9484321" lat="44.4408370" lon="26.0022135"/>
 <node id="7023063630" visible="true" version="4" changeset="172035488" timestamp="2025-09-16T21:27:52Z" user="Zarrink" uid="20204688" lat="44.4306051" lon="25.9909626">
  <tag k="name" v="Preciziei"/>
  <tag k="network" v="Metrorex"/>
  <tag k="operator" v="Metrorex"/>
  <tag k="public_transport" v="stop_position"/>
  <tag k="railway" v="stop"/>
  <tag k="subway" v="yes"/>
 </node>
 <node id="7128354484" visible="true" version="3" changeset="173150398" timestamp="2025-10-11T18:32:14Z" user="rarad74" uid="128281" lat="44.4341249" lon="26.0472946">
  <tag k="addr:city" v="București"/>
  <tag k="addr:housenumber" v="11A"/>
  <tag k="addr:street" v="Bulevardul Iuliu Maniu"/>
 </node>
 <node id="7136982535" visible="true" version="7" changeset="188108986" timestamp="2026-08-27T17:24:10Z" user="Dan 9" uid="9484321" lat="44.4342384" lon="26.0489106">
  <tag k="addr:city" v="București"/>
  <tag k="addr:housenumber" v="11D"/>
  <tag k="addr:postcode" v="061072"/>
  <tag k="addr:street" v="Bulevardul Iuliu Maniu"/>
  <tag k="barrier" v="gate"/>
  <tag k="source:addr:housenumber" v="survey"/>
  <tag k="source:addr:street" v="survey"/>
 </node>
 <node id="7204220582" visible="true" version="2" changeset="143021093" timestamp="2023-10-23T14:21:36Z" user="alexnder" uid="8430074" lat="44.4356221" lon="26.0487985"/>
 <node id="7209519559" visible="true" version="9" changeset="175175225" timestamp="2025-11-26T22:55:05Z" user="one_electro_dan" uid="22582172" lat="44.4314340" lon="26.0391663"/>
 <node id="7209519560" visible="true" version="6" changeset="148383358" timestamp="2024-03-08T13:00:49Z" user="Dan 9" uid="9484321" lat="44.4289484" lon="26.0424650"/>
 <node id="7281243732" visible="true" version="4" changeset="149567964" timestamp="2024-04-04T12:25:23Z" user="Dan 9" uid="9484321" lat="44.4329367" lon="26.0513386"/>
 <node id="7281243735" visible="true" version="3" changeset="149567964" timestamp="2024-04-04T12:25:23Z" user="Dan 9" uid="9484321" lat="44.4327228" lon="26.0513435"/>
 <node id="7281243738" visible="true" version="3" changeset="188108986" timestamp="2026-08-27T17:24:10Z" user="Dan 9" uid="9484321" lat="44.4331969" lon="26.0480754"/>
 <node id="7281243739" visible="true" version="5" changeset="149567964" timestamp="2024-04-04T12:25:23Z" user="Dan 9" uid="9484321" lat="44.4325603" lon="26.0480789"/>
 <node id="7281243740" visible="true" version="2" changeset="149567964" timestamp="2024-04-04T12:25:23Z" user="Dan 9" uid="9484321" lat="44.4333373" lon="26.0489743"/>
 <node id="7281243741" visible="true" version="3" changeset="188108986" timestamp="2026-08-27T17:24:10Z" user="Dan 9" uid="9484321" lat="44.4342389" lon="26.0489549"/>
 <node id="7281243742" visible="true" version="3" changeset="188108986" timestamp="2026-08-27T17:24:10Z" user="Dan 9" uid="9484321" lat="44.4342374" lon="26.0488180"/>
 <node id="7281243743" visible="true" version="2" changeset="188108986" timestamp="2026-08-27T17:24:10Z" user="Dan 9" uid="9484321" lat="44.4337368" lon="26.0487090"/>
 <node id="7281243744" visible="true" version="2" changeset="134168830" timestamp="2023-03-27T09:41:53Z" user="Dan 9" uid="9484321" lat="44.4332023" lon="26.0483958"/>
 <node id="7281243745" visible="true" version="3" changeset="149567964" timestamp="2024-04-04T12:25:23Z" user="Dan 9" uid="9484321" lat="44.4325434" lon="26.0486104"/>
 <node id="7299394809" visible="true" version="3" changeset="134264255" timestamp="2023-03-29T13:47:17Z" user="Dan 9" uid="9484321" lat="44.4324917" lon="26.0439501"/>
 <node id="7299394856" visible="true" version="4" changeset="134168830" timestamp="2023-03-27T09:41:53Z" user="Dan 9" uid="9484321" lat="44.4320707" lon="26.0459824"/>
 <node id="7299394861" visible="true" version="3" changeset="134168830" timestamp="2023-03-27T09:41:53Z" user="Dan 9" uid="9484321" lat="44.4323286" lon="26.0480824"/>
 <node id="7321689148" visible="true" version="3" changeset="156741667" timestamp="2024-09-17T17:58:36Z" user="Dan 9" uid="9484321" lat="44.4278132" lon="26.0359354">
  <tag k="barrier" v="lift_gate"/>
 </node>
 <node id="7520953426" visible="true" version="3" changeset="148635616" timestamp="2024-03-14T11:09:23Z" user="Dan 9" uid="9484321" lat="44.4269888" lon="26.0607072"/>
 <node id="7520953427" visible="true" version="2" changeset="148635616" timestamp="2024-03-14T11:09:23Z" user="Dan 9" uid="9484321" lat="44.4279211" lon="26.0625286"/>
 <node id="7590037126" visible="true" version="5" changeset="173838969" timestamp="2025-10-27T13:41:23Z" user="netpeel" uid="23437018" lat="44.4344463" lon="26.0398984">
  <tag k="crossing:island" v="no"/>
  <tag k="crossing:markings" v="yes"/>
  <tag k="crossing:signals" v="no"/>
  <tag k="highway" v="crossing"/>
 </node>
 <node id="7600319811" visible="true" version="1" changeset="86312305" timestamp="2020-06-07T16:00:46Z" user="Dan 9" uid="9484321" lat="44.4329354" lon="26.0425800"/>
 <node id="7600319812" visible="true" version="2" changeset="115258625" timestamp="2021-12-22T14:28:55Z" user="Dan 9" uid="9484321" lat="44.4325219" lon="26.0432316"/>
 <node id="7600418894" visible="true" version="1" changeset="86314215" timestamp="2020-06-07T17:08:22Z" user="Dan 9" uid="9484321" lat="44.4385354" lon="26.0559742"/>
 <node id="7600432290" visible="true" version="1" changeset="86314207" timestamp="2020-06-07T17:08:06Z" user="Dan 9" uid="9484321" lat="44.4369120" lon="26.0490503"/>
 <node id="7600432291" visible="true" version="2" changeset="143010995" timestamp="2023-10-23T10:32:53Z" user="alexnder" uid="8430074" lat="44.4368770" lon="26.0491027"/>
 <node id="7600432316" visible="true" version="1" changeset="86314207" timestamp="2020-06-07T17:08:06Z" user="Dan 9" uid="9484321" lat="44.4389359" lon="26.0564935"/>
 <node id="7600479679" visible="true" version="1" changeset="86315191" timestamp="2020-06-07T17:44:13Z" user="Dan 9" uid="9484321" lat="44.4397935" lon="26.0560916"/>
 <node id="7602863476" visible="true" version="2" changeset="115650473" timestamp="2022-01-01T20:34:31Z" user="Dan 9" uid="9484321" lat="44.4398836" lon="26.0554075"/>
 <node id="7602863478" visible="true" version="1" changeset="86356634" timestamp="2020-06-08T13:08:55Z" user="Dan 9" uid="9484321" lat="44.4399051" lon="26.0554623"/>
 <node id="7602917516" visible="true" version="2" changeset="88894885" timestamp="2020-08-03T20:58:00Z" user="bubolex" uid="1497516" lat="44.4364404" lon="26.0543477"/>
 <node id="7602917517" visible="true" version="1" changeset="86357555" timestamp="2020-06-08T13:34:11Z" user="Dan 9" uid="9484321" lat="44.4362305" lon="26.0539473"/>
 <node id="7602917518" visible="true" version="1" changeset="86357555" timestamp="2020-06-08T13:34:11Z" user="Dan 9" uid="9484321" lat="44.4369387" lon="26.0545725"/>
 <node id="7684439657" visible="true" version="1" changeset="87548042" timestamp="2020-07-05T07:23:30Z" user="ted3sco" uid="2112541" lat="44.4427160" lon="26.0071816"/>
 <node id="7782133297" visible="true" version="4" changeset="157302951" timestamp="2024-09-30T15:18:47Z" user="Dan 9" uid="9484321" lat="44.4346664" lon="26.0533608">
  <tag k="crossing" v="marked"/>
  <tag k="crossing:markings" v="yes"/>
  <tag k="highway" v="crossing"/>
 </node>
 <node id="7782133298" visible="true" version="1" changeset="88894885" timestamp="2020-08-03T20:58:00Z" user="bubolex" uid="1497516" lat="44.4346386" lon="26.0519120"/>
 <node id="7782133299" visible="true" version="3" changeset="134187365" timestamp="2023-03-27T17:06:35Z" user="Dan 9" uid="9484321" lat="44.4346141" lon="26.0503857"/>
 <node id="7782133300" visible="true" version="2" changeset="134170933" timestamp="2023-03-27T10:34:32Z" user="Dan 9" uid="9484321" lat="44.4345895" lon="26.0489029">
  <tag k="highway" v="crossing"/>
 </node>
 <node id="7782133301" visible="true" version="1" changeset="88894885" timestamp="2020-08-03T20:58:00Z" user="bubolex" uid="1497516" lat="44.4345737" lon="26.0480078"/>
 <node id="7782133302" visible="true" version="1" changeset="88894885" timestamp="2020-08-03T20:58:00Z" user="bubolex" uid="1497516" lat="44.4345995" lon="26.0495046"/>
 <node id="7782133303" visible="true" version="2" changeset="157302951" timestamp="2024-09-30T15:18:47Z" user="Dan 9" uid="9484321" lat="44.4346704" lon="26.0535826"/>
 <node id="7810032476" visible="true" version="3" changeset="148588953" timestamp="2024-03-13T11:29:17Z" user="Dan 9" uid="9484321" lat="44.4271605" lon="26.0612241"/>
 <node id="7810032477" visible="true" version="3" changeset="148588953" timestamp="2024-03-13T11:29:17Z" user="Dan 9" uid="9484321" lat="44.4272656" lon="26.0611069"/>
 <node id="7810032479" visible="true" version="3" changeset="148588953" timestamp="2024-03-13T11:29:17Z" user="Dan 9" uid="9484321" lat="44.4277233" lon="26.0622143"/>
 <node id="7856188389" visible="true" version="2" changeset="91651545" timestamp="2020-09-28T15:19:43Z" user="Dan 9" uid="9484321" lat="44.4345230" lon="25.9977132"/>
 <node id="7891462885" visible="true" version="3" changeset="172035488" timestamp="2025-09-16T21:27:52Z" user="Zarrink" uid="20204688" lat="44.4342516" lon="26.0211386">
  <tag k="name" v="Gorjului"/>
  <tag k="network" v="Metrorex"/>
  <tag k="operator" v="Metrorex"/>
  <tag k="public_transport" v="stop_position"/>
  <tag k="railway" v="stop"/>
  <tag k="subway" v="yes"/>
 </node>
 <node id="7951692887" visible="true" version="3" changeset="95311229" timestamp="2020-12-04T18:50:52Z" user="ted3sco" uid="2112541" lat="44.4391923" lon="25.9992060"/>
 <node id="7951692889" visible="true" version="1" changeset="91651545" timestamp="2020-09-28T15:19:43Z" user="Dan 9" uid="9484321" lat="44.4377251" lon="25.9989417"/>
 <node id="7951692890" visible="true" version="1" changeset="91651545" timestamp="2020-09-28T15:19:43Z" user="Dan 9" uid="9484321" lat="44.4355955" lon="25.9977078"/>
 <node id="7951692892" visible="true" version="1" changeset="91651545" timestamp="2020-09-28T15:19:43Z" user="Dan 9" uid="9484321" lat="44.4363347" lon="25.9985018"/>
 <node id="7951692893" visible="true" version="1" changeset="91651545" timestamp="2020-09-28T15:19:43Z" user="Dan 9" uid="9484321" lat="44.4367752" lon="25.9984857"/>
 <node id="7951692894" visible="true" version="1" changeset="91651545" timestamp="2020-09-28T15:19:43Z" user="Dan 9" uid="9484321" lat="44.4371927" lon="25.9989417"/>
 <node id="7951692895" visible="true" version="2" changeset="94771436" timestamp="2020-11-25T11:43:23Z" user="Dan 9" uid="9484321" lat="44.4386378" lon="25.9991308"/>
 <node id="7951692903" visible="true" version="3" changeset="148376444" timestamp="2024-03-08T10:11:00Z" user="Dan 9" uid="9484321" lat="44.4393143" lon="26.0016036"/>
 <node id="7951692907" visible="true" version="1" changeset="91651545" timestamp="2020-09-28T15:19:43Z" user="Dan 9" uid="9484321" lat="44.4365761" lon="26.0060763"/>
 <node id="7951692908" visible="true" version="1" changeset="91651545" timestamp="2020-09-28T15:19:43Z" user="Dan 9" uid="9484321" lat="44.4366297" lon="26.0061353"/>
 <node id="7951692909" visible="true" version="3" changeset="154447523" timestamp="2024-07-26T15:03:51Z" user="Dan 9" uid="9484321" lat="44.4344207" lon="26.0061833"/>
 <node id="7988593464" visible="true" version="4" changeset="180669736" timestamp="2026-03-31T12:02:08Z" user="razvan-v-poli" uid="23971167" lat="44.4345199" lon="26.0449118">
  <tag k="crossing:markings" v="yes"/>
  <tag k="crossing:signals" v="no"/>
  <tag k="highway" v="crossing"/>
 </node>
 <node id="7988593465" visible="true" version="1" changeset="92181730" timestamp="2020-10-08T14:40:26Z" user="Evandering" uid="6172527" lat="44.4345230" lon="26.0450278"/>
 <node id="8016530691" visible="true" version="2" changeset="92630978" timestamp="2020-10-17T14:43:57Z" user="Dan 9" uid="9484321" lat="44.4336289" lon="26.0804478"/>
 <node id="8021603213" visible="true" version="1" changeset="92699727" timestamp="2020-10-19T10:17:17Z" user="Dan 9" uid="9484321" lat="44.4223494" lon="26.0694998"/>
 <node id="8021603216" visible="true" version="1" changeset="92699727" timestamp="2020-10-19T10:17:17Z" user="Dan 9" uid="9484321" lat="44.4231147" lon="26.0657850"/>
 <node id="8021603217" visible="true" version="1" changeset="92699727" timestamp="2020-10-19T10:17:17Z" user="Dan 9" uid="9484321" lat="44.4231856" lon="26.0659003"/>
 <node id="8021603219" visible="true" version="1" changeset="92699727" timestamp="2020-10-19T10:17:17Z" user="Dan 9" uid="9484321" lat="44.4222182" lon="26.0694006"/>
 <node id="8021603220" visible="true" version="1" changeset="92699727" timestamp="2020-10-19T10:17:17Z" user="Dan 9" uid="9484321" lat="44.4223006" lon="26.0694757"/>
 <node id="8021603221" visible="true" version="1" changeset="92699727" timestamp="2020-10-19T10:17:17Z" user="Dan 9" uid="9484321" lat="44.4223964" lon="26.0695133"/>
 <node id="8021603226" visible="true" version="1" changeset="92699727" timestamp="2020-10-19T10:17:17Z" user="Dan 9" uid="9484321" lat="44.4221665" lon="26.0672200"/>
 <node id="8021603230" visible="true" version="1" changeset="92699727" timestamp="2020-10-19T10:17:17Z" user="Dan 9" uid="9484321" lat="44.4242104" lon="26.0675955"/>
 <node id="8194930958" visible="true" version="3" changeset="148376444" timestamp="2024-03-08T10:11:00Z" user="Dan 9" uid="9484321" lat="44.4391937" lon="25.9991373"/>
 <node id="8303410267" visible="true" version="5" changeset="180891567" timestamp="2026-04-05T11:09:34Z" user="SGFRO" uid="20320807" lat="44.4310333" lon="26.0367257">
  <tag k="access" v="private"/>
  <tag k="barrier" v="sliding_gate"/>
 </node>
 <node id="8303410268" visible="true" version="6" changeset="180891567" timestamp="2026-04-05T11:09:34Z" user="SGFRO" uid="20320807" lat="44.4309602" lon="26.0358264">
  <tag k="access" v="private"/>
  <tag k="barrier" v="sliding_gate"/>
 </node>
 <node id="8376089476" visible="true" version="2" changeset="149567964" timestamp="2024-04-04T12:25:23Z" user="Dan 9" uid="9484321" lat="44.4342736" lon="26.0515227"/>
 <node id="8376089477" visible="true" version="2" changeset="149567964" timestamp="2024-04-04T12:25:23Z" user="Dan 9" uid="9484321" lat="44.4340221" lon="26.0515284"/>
 <node id="8376089485" visible="true" version="2" changeset="149567964" timestamp="2024-04-04T12:25:23Z" user="Dan 9" uid="9484321" lat="44.4327168" lon="26.0508256"/>
 <node id="8376089486" visible="true" version="3" changeset="149567964" timestamp="2024-04-04T12:25:23Z" user="Dan 9" uid="9484321" lat="44.4329392" lon="26.0515533"/>
 <node id="8376089504" visible="true" version="4" changeset="148383358" timestamp="2024-03-08T13:00:49Z" user="Dan 9" uid="9484321" lat="44.4310522" lon="26.0423348"/>
 <node id="8376097527" visible="true" version="2" changeset="149567964" timestamp="2024-04-04T12:25:23Z" user="Dan 9" uid="9484321" lat="44.4342558" lon="26.0499985"/>
 <node id="8376097528" visible="true" version="2" changeset="149567964" timestamp="2024-04-04T12:25:23Z" user="Dan 9" uid="9484321" lat="44.4332937" lon="26.0500206"/>
 <node id="8376097543" visible="true" version="3" changeset="134264255" timestamp="2023-03-29T13:47:17Z" user="Dan 9" uid="9484321" lat="44.4329469" lon="26.0433159"/>
 <node id="8376097556" visible="true" version="4" changeset="148386286" timestamp="2024-03-08T14:16:10Z" user="Dan 9" uid="9484321" lat="44.4314911" lon="26.0407552"/>
 <node id="8376097566" visible="true" version="5" changeset="188262510" timestamp="2026-08-30T17:36:09Z" user="Dan 9" uid="9484321" lat="44.4323045" lon="26.0384085"/>
 <node id="8376097578" visible="true" version="3" changeset="188108986" timestamp="2026-08-27T17:24:10Z" user="Dan 9" uid="9484321" lat="44.4330301" lon="26.0473154"/>
 <node id="8376097579" visible="true" version="4" changeset="188108986" timestamp="2026-08-27T17:24:10Z" user="Dan 9" uid="9484321" lat="44.4337126" lon="26.0472926"/>
 <node id="8376097580" visible="true" version="4" changeset="188108986" timestamp="2026-08-27T17:24:10Z" user="Dan 9" uid="9484321" lat="44.4337285" lon="26.0482263"/>
 <node id="8376097581" visible="true" version="3" changeset="188108986" timestamp="2026-08-27T17:24:10Z" user="Dan 9" uid="9484321" lat="44.4330432" lon="26.0480805"/>
 <node id="8376178369" visible="true" version="3" changeset="134264255" timestamp="2023-03-29T13:47:17Z" user="Dan 9" uid="9484321" lat="44.4330263" lon="26.0469264"/>
 <node id="8415333993" visible="true" version="2" changeset="181633279" timestamp="2026-04-21T15:30:45Z" user="Dan 9" uid="9484321" lat="44.4341621" lon="26.0461033">
  <tag k="artwork_type" v="sculpture"/>
  <tag k="material" v="marble"/>
  <tag k="memorial" v="sculpture"/>
  <tag k="name" v="Monumentul Artiștilor Muzicii Românești"/>
  <tag k="tourism" v="artwork"/>
 </node>
 <node id="8450731732" visible="true" version="1" changeset="99855082" timestamp="2021-02-23T21:09:58Z" user="ted3sco" uid="2112541" lat="44.4344254" lon="26.0517229"/>
 <node id="8450731733" visible="true" version="4" changeset="172035488" timestamp="2025-09-16T21:27:52Z" user="Zarrink" uid="20204688" lat="44.4344093" lon="26.0328802">
  <tag k="name" v="Lujerului"/>
  <tag k="network" v="Metrorex"/>
  <tag k="operator" v="Metrorex"/>
  <tag k="public_transport" v="stop_position"/>
  <tag k="railway" v="stop"/>
  <tag k="subway" v="yes"/>
 </node>
 <node id="8457797468" visible="true" version="2" changeset="154447523" timestamp="2024-07-26T15:03:51Z" user="Dan 9" uid="9484321" lat="44.4350725" lon="26.0074619">
  <tag k="noexit" v="yes"/>
 </node>
 <node id="8505010234" visible="true" version="1" changeset="100801877" timestamp="2021-03-10T21:12:00Z" user="Dan 9" uid="9484321" lat="44.4314212" lon="26.0630572"/>
 <node id="8505010248" visible="true" version="1" changeset="100801877" timestamp="2021-03-10T21:12:00Z" user="Dan 9" uid="9484321" lat="44.4313436" lon="26.0631216"/>
 <node id="8505010275" visible="true" version="1" changeset="100801877" timestamp="2021-03-10T21:12:00Z" user="Dan 9" uid="9484321" lat="44.4311559" lon="26.0629351"/>
 <node id="8505010276" visible="true" version="1" changeset="100801877" timestamp="2021-03-10T21:12:00Z" user="Dan 9" uid="9484321" lat="44.4302403" lon="26.0642628"/>
 <node id="8505010723" visible="true" version="1" changeset="100801877" timestamp="2021-03-10T21:12:00Z" user="Dan 9" uid="9484321" lat="44.4303680" lon="26.0644170"/>
 <node id="8656261337" visible="true" version="2" changeset="111254090" timestamp="2021-09-15T16:40:59Z" user="dodelinho" uid="3444929" lat="44.4423792" lon="26.0038972"/>
 <node id="8721428402" visible="true" version="5" changeset="158852590" timestamp="2024-11-07T11:51:58Z" user="Dan 9" uid="9484321" lat="44.4348809" lon="26.0496940"/>
 <node id="8721428403" visible="true" version="5" changeset="158852590" timestamp="2024-11-07T11:51:58Z" user="Dan 9" uid="9484321" lat="44.4346992" lon="26.0496990"/>
 <node id="8721428404" visible="true" version="5" changeset="158852590" timestamp="2024-11-07T11:51:58Z" user="Dan 9" uid="9484321" lat="44.4346864" lon="26.0502129"/>
 <node id="8721428405" visible="true" version="5" changeset="158852590" timestamp="2024-11-07T11:51:58Z" user="Dan 9" uid="9484321" lat="44.4350940" lon="26.0499833"/>
 <node id="8721428406" visible="true" version="5" changeset="158852590" timestamp="2024-11-07T11:51:58Z" user="Dan 9" uid="9484321" lat="44.4349164" lon="26.0499874"/>
 <node id="8721428407" visible="true" version="5" changeset="158852590" timestamp="2024-11-07T11:51:58Z" user="Dan 9" uid="9484321" lat="44.4349194" lon="26.0502066"/>
 <node id="8721428408" visible="true" version="5" changeset="158852590" timestamp="2024-11-07T11:51:58Z" user="Dan 9" uid="9484321" lat="44.4352919" lon="26.0501987"/>
 <node id="8721428409" visible="true" version="5" changeset="158852590" timestamp="2024-11-07T11:51:58Z" user="Dan 9" uid="9484321" lat="44.4352383" lon="26.0496915"/>
 <node id="8721428410" visible="true" version="5" changeset="158852590" timestamp="2024-11-07T11:51:58Z" user="Dan 9" uid="9484321" lat="44.4350911" lon="26.0496944"/>
 <node id="8761622133" visible="true" version="2" changeset="149567964" timestamp="2024-04-04T12:25:23Z" user="Dan 9" uid="9484321" lat="44.4330059" lon="26.0509839"/>
 <node id="8761622134" visible="true" version="1" changeset="105235173" timestamp="2021-05-24T14:56:45Z" user="DnaX" uid="69259" lat="44.4330916" lon="26.0510497"/>
 <node id="8761622135" visible="true" version="2" changeset="149567964" timestamp="2024-04-04T12:25:23Z" user="Dan 9" uid="9484321" lat="44.4331772" lon="26.0510912"/>
 <node id="8761622136" visible="true" version="1" changeset="105235173" timestamp="2021-05-24T14:56:45Z" user="DnaX" uid="69259" lat="44.4332663" lon="26.0511227"/>
 <node id="8761622137" visible="true" version="2" changeset="149567964" timestamp="2024-04-04T12:25:23Z" user="Dan 9" uid="9484321" lat="44.4334219" lon="26.0511486"/>
 <node id="8761622138" visible="true" version="2" changeset="149567964" timestamp="2024-04-04T12:25:23Z" user="Dan 9" uid="9484321" lat="44.4338208" lon="26.0511352"/>
 <node id="8761622139" visible="true" version="2" changeset="149567964" timestamp="2024-04-04T12:25:23Z" user="Dan 9" uid="9484321" lat="44.4334585" lon="26.0509714"/>
 <node id="8761622140" visible="true" version="2" changeset="149567964" timestamp="2024-04-04T12:25:23Z" user="Dan 9" uid="9484321" lat="44.4334589" lon="26.0510136"/>
 <node id="8761622141" visible="true" version="2" changeset="149567964" timestamp="2024-04-04T12:25:23Z" user="Dan 9" uid="9484321" lat="44.4339491" lon="26.0514653"/>
 <node id="8761622142" visible="true" version="2" changeset="149567964" timestamp="2024-04-04T12:25:23Z" user="Dan 9" uid="9484321" lat="44.4334624" lon="26.0514326"/>
 <node id="8761622143" visible="true" version="2" changeset="149567964" timestamp="2024-04-04T12:25:23Z" user="Dan 9" uid="9484321" lat="44.4334629" lon="26.0514755"/>
 <node id="8761622144" visible="true" version="2" changeset="149567964" timestamp="2024-04-04T12:25:23Z" user="Dan 9" uid="9484321" lat="44.4339410" lon="26.0507047"/>
 <node id="8761622145" visible="true" version="2" changeset="149567964" timestamp="2024-04-04T12:25:23Z" user="Dan 9" uid="9484321" lat="44.4334550" lon="26.0507149"/>
 <node id="8761622146" visible="true" version="2" changeset="149567964" timestamp="2024-04-04T12:25:23Z" user="Dan 9" uid="9484321" lat="44.4334555" lon="26.0507615"/>
 <node id="8761622147" visible="true" version="2" changeset="149567964" timestamp="2024-04-04T12:25:23Z" user="Dan 9" uid="9484321" lat="44.4334600" lon="26.0511681"/>
 <node id="8761622148" visible="true" version="2" changeset="149567964" timestamp="2024-04-04T12:25:23Z" user="Dan 9" uid="9484321" lat="44.4334605" lon="26.0512174"/>
 <node id="8761622149" visible="true" version="2" changeset="149567964" timestamp="2024-04-04T12:25:23Z" user="Dan 9" uid="9484321" lat="44.4338190" lon="26.0510299"/>
 <node id="8761622150" visible="true" version="2" changeset="149567964" timestamp="2024-04-04T12:25:23Z" user="Dan 9" uid="9484321" lat="44.4334201" lon="26.0510432"/>
 <node id="8761622151" visible="true" version="1" changeset="105235173" timestamp="2021-05-24T14:56:45Z" user="DnaX" uid="69259" lat="44.4332559" lon="26.0510288"/>
 <node id="8761622152" visible="true" version="2" changeset="149567964" timestamp="2024-04-04T12:25:23Z" user="Dan 9" uid="9484321" lat="44.4331497" lon="26.0510015"/>
 <node id="8761622153" visible="true" version="1" changeset="105235173" timestamp="2021-05-24T14:56:45Z" user="DnaX" uid="69259" lat="44.4330251" lon="26.0509530"/>
 <node id="8761622154" visible="true" version="1" changeset="105235173" timestamp="2021-05-24T14:56:45Z" user="DnaX" uid="69259" lat="44.4329287" lon="26.0508908"/>
 <node id="8780483088" visible="true" version="2" changeset="188262510" timestamp="2026-08-30T17:36:09Z" user="Dan 9" uid="9484321" lat="44.4323302" lon="26.0407276"/>
 <node id="8780486141" visible="true" version="2" changeset="148383358" timestamp="2024-03-08T13:00:49Z" user="Dan 9" uid="9484321" lat="44.4313710" lon="26.0447041"/>
 <node id="8780486153" visible="true" version="4" changeset="188262510" timestamp="2026-08-30T17:36:09Z" user="Dan 9" uid="9484321" lat="44.4321348" lon="26.0384116"/>
 <node id="8780486166" visible="true" version="3" changeset="188262510" timestamp="2026-08-30T17:36:09Z" user="Dan 9" uid="9484321" lat="44.4323847" lon="26.0430286"/>
 <node id="8793034152" visible="true" version="1" changeset="105740899" timestamp="2021-06-02T20:58:26Z" user="ted3sco" uid="2112541" lat="44.4387516" lon="26.0364604"/>
 <node id="8793034153" visible="true" version="1" changeset="105740899" timestamp="2021-06-02T20:58:26Z" user="ted3sco" uid="2112541" lat="44.4391117" lon="26.0363960"/>
 <node id="8793034154" visible="true" version="2" changeset="105927231" timestamp="2021-06-06T17:47:51Z" user="Dan 9" uid="9484321" lat="44.4395587" lon="26.0362348"/>
 <node id="8793034155" visible="true" version="1" changeset="105740899" timestamp="2021-06-02T20:58:26Z" user="ted3sco" uid="2112541" lat="44.4414634" lon="26.0355967"/>
 <node id="8793034156" visible="true" version="1" changeset="105740899" timestamp="2021-06-02T20:58:26Z" user="ted3sco" uid="2112541" lat="44.4418157" lon="26.0356235"/>
 <node id="8793034157" visible="true" version="1" changeset="105740899" timestamp="2021-06-02T20:58:26Z" user="ted3sco" uid="2112541" lat="44.4425128" lon="26.0357898"/>
 <node id="8793034158" visible="true" version="4" changeset="115698316" timestamp="2022-01-03T08:02:07Z" user="rarad74" uid="128281" lat="44.4448776" lon="26.0373182"/>
 <node id="8793034200" visible="true" version="1" changeset="105740899" timestamp="2021-06-02T20:58:26Z" user="ted3sco" uid="2112541" lat="44.4336582" lon="26.0799095"/>
 <node id="8793034201" visible="true" version="1" changeset="105740899" timestamp="2021-06-02T20:58:26Z" user="ted3sco" uid="2112541" lat="44.4338737" lon="26.0788688"/>
 <node id="8793034202" visible="true" version="1" changeset="105740899" timestamp="2021-06-02T20:58:26Z" user="ted3sco" uid="2112541" lat="44.4338469" lon="26.0781956"/>
 <node id="8793034203" visible="true" version="1" changeset="105740899" timestamp="2021-06-02T20:58:26Z" user="ted3sco" uid="2112541" lat="44.4339292" lon="26.0779166"/>
 <node id="8793034204" visible="true" version="1" changeset="105740899" timestamp="2021-06-02T20:58:26Z" user="ted3sco" uid="2112541" lat="44.4340442" lon="26.0775518"/>
 <node id="8793034205" visible="true" version="1" changeset="105740899" timestamp="2021-06-02T20:58:26Z" user="ted3sco" uid="2112541" lat="44.4341629" lon="26.0774392"/>
 <node id="8793034206" visible="true" version="2" changeset="137685955" timestamp="2023-06-23T11:56:49Z" user="melo_1" uid="1281559" lat="44.4343819" lon="26.0772665"/>
 <node id="8793034207" visible="true" version="1" changeset="105740899" timestamp="2021-06-02T20:58:26Z" user="ted3sco" uid="2112541" lat="44.4361892" lon="26.0684954"/>
 <node id="8793034208" visible="true" version="1" changeset="105740899" timestamp="2021-06-02T20:58:26Z" user="ted3sco" uid="2112541" lat="44.4371927" lon="26.0716550"/>
 <node id="8793034209" visible="true" version="1" changeset="105740899" timestamp="2021-06-02T20:58:26Z" user="ted3sco" uid="2112541" lat="44.4372215" lon="26.0716000"/>
 <node id="8793034210" visible="true" version="1" changeset="105740899" timestamp="2021-06-02T20:58:26Z" user="ted3sco" uid="2112541" lat="44.4382729" lon="26.0695776"/>
 <node id="8793034211" visible="true" version="1" changeset="105740899" timestamp="2021-06-02T20:58:26Z" user="ted3sco" uid="2112541" lat="44.4396230" lon="26.0671905"/>
 <node id="8793034212" visible="true" version="1" changeset="105740899" timestamp="2021-06-02T20:58:26Z" user="ted3sco" uid="2112541" lat="44.4369408" lon="26.0665048"/>
 <node id="8793034213" visible="true" version="1" changeset="105740899" timestamp="2021-06-02T20:58:26Z" user="ted3sco" uid="2112541" lat="44.4308035" lon="26.0644466"/>
 <node id="8793034214" visible="true" version="1" changeset="105740899" timestamp="2021-06-02T20:58:26Z" user="ted3sco" uid="2112541" lat="44.4312861" lon="26.0650232"/>
 <node id="8793034215" visible="true" version="1" changeset="105740899" timestamp="2021-06-02T20:58:26Z" user="ted3sco" uid="2112541" lat="44.4315974" lon="26.0667559"/>
 <node id="8793034216" visible="true" version="1" changeset="105740899" timestamp="2021-06-02T20:58:26Z" user="ted3sco" uid="2112541" lat="44.4317209" lon="26.0673729"/>
 <node id="8793039117" visible="true" version="1" changeset="105740899" timestamp="2021-06-02T20:58:26Z" user="ted3sco" uid="2112541" lat="44.4315351" lon="26.0676545"/>
 <node id="8793039118" visible="true" version="1" changeset="105740899" timestamp="2021-06-02T20:58:26Z" user="ted3sco" uid="2112541" lat="44.4310678" lon="26.0683975"/>
 <node id="8793039119" visible="true" version="1" changeset="105740899" timestamp="2021-06-02T20:58:26Z" user="ted3sco" uid="2112541" lat="44.4307728" lon="26.0683519"/>
 <node id="8793039120" visible="true" version="1" changeset="105740899" timestamp="2021-06-02T20:58:26Z" user="ted3sco" uid="2112541" lat="44.4294608" lon="26.0672763"/>
 <node id="8793039121" visible="true" version="1" changeset="105740899" timestamp="2021-06-02T20:58:26Z" user="ted3sco" uid="2112541" lat="44.4290643" lon="26.0669142"/>
 <node id="8793039122" visible="true" version="1" changeset="105740899" timestamp="2021-06-02T20:58:26Z" user="ted3sco" uid="2112541" lat="44.4281257" lon="26.0657984"/>
 <node id="8793039123" visible="true" version="1" changeset="105740899" timestamp="2021-06-02T20:58:26Z" user="ted3sco" uid="2112541" lat="44.4273097" lon="26.0671127"/>
 <node id="8793039124" visible="true" version="1" changeset="105740899" timestamp="2021-06-02T20:58:26Z" user="ted3sco" uid="2112541" lat="44.4260570" lon="26.0653478"/>
 <node id="8793039125" visible="true" version="1" changeset="105740899" timestamp="2021-06-02T20:58:26Z" user="ted3sco" uid="2112541" lat="44.4225783" lon="26.0697305"/>
 <node id="8793039126" visible="true" version="1" changeset="105740899" timestamp="2021-06-02T20:58:26Z" user="ted3sco" uid="2112541" lat="44.4287885" lon="26.0613620"/>
 <node id="8793039127" visible="true" version="1" changeset="105740899" timestamp="2021-06-02T20:58:26Z" user="ted3sco" uid="2112541" lat="44.4288038" lon="26.0612601"/>
 <node id="8793039128" visible="true" version="1" changeset="105740899" timestamp="2021-06-02T20:58:26Z" user="ted3sco" uid="2112541" lat="44.4287482" lon="26.0611662"/>
 <node id="8793039129" visible="true" version="1" changeset="105740899" timestamp="2021-06-02T20:58:26Z" user="ted3sco" uid="2112541" lat="44.4289053" lon="26.0608041"/>
 <node id="8793039130" visible="true" version="1" changeset="105740899" timestamp="2021-06-02T20:58:26Z" user="ted3sco" uid="2112541" lat="44.4288900" lon="26.0603857"/>
 <node id="8793039131" visible="true" version="1" changeset="105740899" timestamp="2021-06-02T20:58:26Z" user="ted3sco" uid="2112541" lat="44.4288268" lon="26.0590124"/>
 <node id="8793039132" visible="true" version="2" changeset="157228303" timestamp="2024-09-28T20:43:33Z" user="Dan 9" uid="9484321" lat="44.4285532" lon="26.0546957"/>
 <node id="8793039135" visible="true" version="1" changeset="105740899" timestamp="2021-06-02T20:58:26Z" user="ted3sco" uid="2112541" lat="44.4284858" lon="26.0538545"/>
 <node id="8793039136" visible="true" version="1" changeset="105740899" timestamp="2021-06-02T20:58:26Z" user="ted3sco" uid="2112541" lat="44.4283364" lon="26.0519984"/>
 <node id="8793039137" visible="true" version="1" changeset="105740899" timestamp="2021-06-02T20:58:26Z" user="ted3sco" uid="2112541" lat="44.4282771" lon="26.0515854"/>
 <node id="8793039138" visible="true" version="1" changeset="105740899" timestamp="2021-06-02T20:58:26Z" user="ted3sco" uid="2112541" lat="44.4281027" lon="26.0483640"/>
 <node id="8793039139" visible="true" version="2" changeset="126169164" timestamp="2022-09-14T08:44:31Z" user="Dan 9" uid="9484321" lat="44.4279369" lon="26.0426573"/>
 <node id="8793039140" visible="true" version="2" changeset="148386286" timestamp="2024-03-08T14:16:10Z" user="Dan 9" uid="9484321" lat="44.4312475" lon="26.0391753"/>
 <node id="8793039141" visible="true" version="3" changeset="115175319" timestamp="2021-12-20T17:25:37Z" user="Dan 9" uid="9484321" lat="44.4296785" lon="26.0365824"/>
 <node id="8793039142" visible="true" version="1" changeset="105740899" timestamp="2021-06-02T20:58:26Z" user="ted3sco" uid="2112541" lat="44.4292099" lon="26.0366777"/>
 <node id="8793039144" visible="true" version="1" changeset="105740899" timestamp="2021-06-02T20:58:26Z" user="ted3sco" uid="2112541" lat="44.4275243" lon="26.0328475"/>
 <node id="8793039145" visible="true" version="1" changeset="105740899" timestamp="2021-06-02T20:58:26Z" user="ted3sco" uid="2112541" lat="44.4278250" lon="26.0327724"/>
 <node id="8793039146" visible="true" version="1" changeset="105740899" timestamp="2021-06-02T20:58:26Z" user="ted3sco" uid="2112541" lat="44.4281372" lon="26.0328045"/>
 <node id="8793039149" visible="true" version="4" changeset="148386286" timestamp="2024-03-08T14:16:10Z" user="Dan 9" uid="9484321" lat="44.4341173" lon="26.0383473"/>
 <node id="8793039152" visible="true" version="1" changeset="105740899" timestamp="2021-06-02T20:58:26Z" user="ted3sco" uid="2112541" lat="44.4340997" lon="26.0341993"/>
 <node id="8793039153" visible="true" version="1" changeset="105740899" timestamp="2021-06-02T20:58:26Z" user="ted3sco" uid="2112541" lat="44.4339963" lon="26.0340705"/>
 <node id="8793039154" visible="true" version="1" changeset="105740899" timestamp="2021-06-02T20:58:26Z" user="ted3sco" uid="2112541" lat="44.4337588" lon="26.0343039"/>
 <node id="8793039155" visible="true" version="1" changeset="105740899" timestamp="2021-06-02T20:58:26Z" user="ted3sco" uid="2112541" lat="44.4335481" lon="26.0343710"/>
 <node id="8793039156" visible="true" version="1" changeset="105740899" timestamp="2021-06-02T20:58:26Z" user="ted3sco" uid="2112541" lat="44.4331708" lon="26.0342985"/>
 <node id="8793039157" visible="true" version="1" changeset="105740899" timestamp="2021-06-02T20:58:26Z" user="ted3sco" uid="2112541" lat="44.4330310" lon="26.0341001"/>
 <node id="8793039158" visible="true" version="1" changeset="105740899" timestamp="2021-06-02T20:58:26Z" user="ted3sco" uid="2112541" lat="44.4327954" lon="26.0338224"/>
 <node id="8793039159" visible="true" version="2" changeset="148248369" timestamp="2024-03-05T12:31:46Z" user="Andy17" uid="25175" lat="44.4313905" lon="26.0327686"/>
 <node id="8793039161" visible="true" version="1" changeset="105740899" timestamp="2021-06-02T20:58:26Z" user="ted3sco" uid="2112541" lat="44.4303591" lon="26.0324290"/>
 <node id="8793039162" visible="true" version="1" changeset="105740899" timestamp="2021-06-02T20:58:26Z" user="ted3sco" uid="2112541" lat="44.4298745" lon="26.0325015"/>
 <node id="8793039163" visible="true" version="1" changeset="105740899" timestamp="2021-06-02T20:58:26Z" user="ted3sco" uid="2112541" lat="44.4282311" lon="26.0328394"/>
 <node id="8838906417" visible="true" version="3" changeset="134233304" timestamp="2023-03-28T19:13:47Z" user="Dan 9" uid="9484321" lat="44.4345115" lon="26.0441207"/>
 <node id="8838906451" visible="true" version="2" changeset="134229475" timestamp="2023-03-28T17:14:25Z" user="Dan 9" uid="9484321" lat="44.4338659" lon="26.0474428"/>
 <node id="8838906452" visible="true" version="3" changeset="188108986" timestamp="2026-08-27T17:24:10Z" user="Dan 9" uid="9484321" lat="44.4337153" lon="26.0474497"/>
 <node id="8838906453" visible="true" version="3" changeset="188108986" timestamp="2026-08-27T17:24:10Z" user="Dan 9" uid="9484321" lat="44.4337193" lon="26.0476856"/>
 <node id="8838906454" visible="true" version="2" changeset="134229475" timestamp="2023-03-28T17:14:25Z" user="Dan 9" uid="9484321" lat="44.4338714" lon="26.0476791"/>
 <node id="8838906455" visible="true" version="2" changeset="134229475" timestamp="2023-03-28T17:14:25Z" user="Dan 9" uid="9484321" lat="44.4338752" lon="26.0478576"/>
 <node id="8838906456" visible="true" version="3" changeset="188108986" timestamp="2026-08-27T17:24:10Z" user="Dan 9" uid="9484321" lat="44.4337223" lon="26.0478642"/>
 <node id="8838906458" visible="true" version="2" changeset="134229475" timestamp="2023-03-28T17:14:25Z" user="Dan 9" uid="9484321" lat="44.4337408" lon="26.0474485"/>
 <node id="8838906459" visible="true" version="3" changeset="149567964" timestamp="2024-04-04T12:25:23Z" user="Dan 9" uid="9484321" lat="44.4337351" lon="26.0471801"/>
 <node id="8850944049" visible="true" version="1" changeset="106676003" timestamp="2021-06-20T18:01:37Z" user="ErikSpanam" uid="13437856" lat="44.4344947" lon="26.0423030"/>
 <node id="8850944050" visible="true" version="3" changeset="126359349" timestamp="2022-09-19T08:11:53Z" user="Dan 9" uid="9484321" lat="44.4344646" lon="26.0407269">
  <tag k="crossing" v="marked"/>
  <tag k="highway" v="crossing"/>
 </node>
 <node id="8850944052" visible="true" version="1" changeset="106676003" timestamp="2021-06-20T18:01:37Z" user="ErikSpanam" uid="13437856" lat="44.4344818" lon="26.0416611"/>
 <node id="8850944053" visible="true" version="4" changeset="134232134" timestamp="2023-03-28T18:32:14Z" user="Dan 9" uid="9484321" lat="44.4344913" lon="26.0421456">
  <tag k="crossing" v="marked"/>
  <tag k="crossing:island" v="no"/>
  <tag k="highway" v="crossing"/>
 </node>
 <node id="8850944054" visible="true" version="2" changeset="180365439" timestamp="2026-03-24T17:20:33Z" user="razvan-v-poli" uid="23971167" lat="44.4345085" lon="26.0437314">
  <tag k="crossing:markings" v="yes"/>
  <tag k="highway" v="crossing"/>
 </node>
 <node id="8850944055" visible="true" version="2" changeset="116583243" timestamp="2022-01-25T12:37:43Z" user="Daniel Pavel" uid="103259" lat="44.4345135" lon="26.0442536">
  <tag k="crossing" v="unmarked"/>
  <tag k="highway" v="crossing"/>
 </node>
 <node id="8850944056" visible="true" version="2" changeset="116583243" timestamp="2022-01-25T12:37:41Z" user="Daniel Pavel" uid="103259" lat="44.4345170" lon="26.0446159">
  <tag k="crossing" v="unmarked"/>
  <tag k="highway" v="crossing"/>
 </node>
 <node id="8850944058" visible="true" version="1" changeset="106676003" timestamp="2021-06-20T18:01:37Z" user="ErikSpanam" uid="13437856" lat="44.4344907" lon="26.0421058"/>
 <node id="8850944061" visible="true" version="1" changeset="106676003" timestamp="2021-06-20T18:01:37Z" user="ErikSpanam" uid="13437856" lat="44.4344925" lon="26.0421973"/>
 <node id="8850944071" visible="true" version="4" changeset="175204004" timestamp="2025-11-27T15:51:43Z" user="Vikol" uid="6526146" lat="44.4345501" lon="26.0451421">
  <tag k="access" v="no"/>
  <tag k="addr:city" v="București"/>
  <tag k="addr:postcode" v="060802"/>
  <tag k="addr:street" v="Bulevardul Iuliu Maniu"/>
  <tag k="entrance" v="yes"/>
 </node>
 <node id="8850944072" visible="true" version="3" changeset="149567964" timestamp="2024-04-04T12:25:23Z" user="Dan 9" uid="9484321" lat="44.4341903" lon="26.0432990"/>
 <node id="8850944077" visible="true" version="2" changeset="149567964" timestamp="2024-04-04T12:25:23Z" user="Dan 9" uid="9484321" lat="44.4341944" lon="26.0436043"/>
 <node id="8850944080" visible="true" version="3" changeset="149567964" timestamp="2024-04-04T12:25:23Z" user="Dan 9" uid="9484321" lat="44.4341987" lon="26.0439217"/>
 <node id="8850944086" visible="true" version="3" changeset="149567964" timestamp="2024-04-04T12:25:23Z" user="Dan 9" uid="9484321" lat="44.4341876" lon="26.0430960">
  <tag k="highway" v="crossing"/>
 </node>
 <node id="8850944087" visible="true" version="3" changeset="149567964" timestamp="2024-04-04T12:25:23Z" user="Dan 9" uid="9484321" lat="44.4342015" lon="26.0441287">
  <tag k="highway" v="crossing"/>
 </node>
 <node id="8850944089" visible="true" version="2" changeset="149567964" timestamp="2024-04-04T12:25:23Z" user="Dan 9" uid="9484321" lat="44.4342799" lon="26.0499668"/>
 <node id="8850944091" visible="true" version="3" changeset="181633279" timestamp="2026-04-21T15:30:45Z" user="Dan 9" uid="9484321" lat="44.4342261" lon="26.0459481">
  <tag k="highway" v="crossing"/>
 </node>
 <node id="8879190572" visible="true" version="4" changeset="188257768" timestamp="2026-08-30T16:03:11Z" user="Dan 9" uid="9484321" lat="44.4311758" lon="26.0326608"/>
 <node id="8932303145" visible="true" version="2" changeset="134229475" timestamp="2023-03-28T17:14:25Z" user="Dan 9" uid="9484321" lat="44.4339075" lon="26.0482013">
  <tag k="amenity" v="waste_basket"/>
 </node>
 <node id="8932303151" visible="true" version="1" changeset="108229823" timestamp="2021-07-19T07:53:24Z" user="ErikSpanam" uid="13437856" lat="44.4345014" lon="26.0429976"/>
 <node id="8943561869" visible="true" version="1" changeset="108475125" timestamp="2021-07-23T08:06:55Z" user="ted3sco" uid="2112541" lat="44.4469324" lon="26.0369861"/>
 <node id="8943561870" visible="true" version="1" changeset="108475125" timestamp="2021-07-23T08:06:55Z" user="ted3sco" uid="2112541" lat="44.4463656" lon="26.0371417"/>
 <node id="8943561871" visible="true" version="3" changeset="134185249" timestamp="2023-03-27T16:15:42Z" user="Dan 9" uid="9484321" lat="44.4460623" lon="26.0367899"/>
 <node id="8943561872" visible="true" version="2" changeset="134185249" timestamp="2023-03-27T16:15:42Z" user="Dan 9" uid="9484321" lat="44.4460201" lon="26.0360270"/>
 <node id="8943561873" visible="true" version="2" changeset="134185249" timestamp="2023-03-27T16:15:42Z" user="Dan 9" uid="9484321" lat="44.4447131" lon="26.0363740"/>
 <node id="9062049612" visible="true" version="2" changeset="148587537" timestamp="2024-03-13T10:55:57Z" user="Dan 9" uid="9484321" lat="44.4237347" lon="26.0636804">
  <tag k="barrier" v="lift_gate"/>
 </node>
 <node id="9094877488" visible="true" version="2" changeset="115814867" timestamp="2022-01-05T22:26:24Z" user="Dan 9" uid="9484321" lat="44.4423194" lon="26.0039058"/>
 <node id="9094877489" visible="true" version="1" changeset="111254090" timestamp="2021-09-15T16:40:59Z" user="dodelinho" uid="3444929" lat="44.4425166" lon="26.0038823"/>
 <node id="9094877491" visible="true" version="2" changeset="122713877" timestamp="2022-06-22T13:53:57Z" user="dodelinho" uid="3444929" lat="44.4485740" lon="26.0205023"/>
 <node id="9208585665" visible="true" version="3" changeset="134187365" timestamp="2023-03-27T17:06:35Z" user="Dan 9" uid="9484321" lat="44.4350879" lon="26.0514395"/>
 <node id="9208585666" visible="true" version="3" changeset="134187365" timestamp="2023-03-27T17:06:35Z" user="Dan 9" uid="9484321" lat="44.4350759" lon="26.0503755"/>
 <node id="9208585671" visible="true" version="4" changeset="146149435" timestamp="2024-01-11T15:55:09Z" user="Dan 9" uid="9484321" lat="44.4345084" lon="26.0503880"/>
 <node id="9321772881" visible="true" version="1" changeset="114714311" timestamp="2021-12-08T19:12:56Z" user="rantz5" uid="887976" lat="44.4343008" lon="25.9977185"/>
 <node id="9353863813" visible="true" version="3" changeset="148383358" timestamp="2024-03-08T13:00:49Z" user="Dan 9" uid="9484321" lat="44.4311079" lon="26.0427415"/>
 <node id="9384325407" visible="true" version="2" changeset="170970847" timestamp="2025-08-25T11:21:54Z" user="betterMaps421" uid="23091446" lat="44.4401174" lon="26.0544856">
  <tag k="noexit" v="yes"/>
 </node>
 <node id="9387623608" visible="true" version="1" changeset="115698316" timestamp="2022-01-03T08:02:07Z" user="rarad74" uid="128281" lat="44.4447695" lon="26.0365674"/>
 <node id="9387623609" visible="true" version="1" changeset="115698316" timestamp="2022-01-03T08:02:07Z" user="rarad74" uid="128281" lat="44.4447871" lon="26.0366344"/>
 <node id="9387623610" visible="true" version="1" changeset="115698316" timestamp="2022-01-03T08:02:07Z" user="rarad74" uid="128281" lat="44.4446619" lon="26.0371480"/>
 <node id="9787404374" visible="true" version="1" changeset="121796335" timestamp="2022-06-01T07:01:39Z" user="Ozzymand" uid="16162967" lat="44.4353219" lon="26.0463039"/>
 <node id="9787404375" visible="true" version="1" changeset="121796335" timestamp="2022-06-01T07:01:39Z" user="Ozzymand" uid="16162967" lat="44.4353394" lon="26.0473007"/>
 <node id="9787404376" visible="true" version="2" changeset="143026523" timestamp="2023-10-23T16:38:56Z" user="alexnder" uid="8430074" lat="44.4346385" lon="26.0473245"/>
 <node id="9787404377" visible="true" version="2" changeset="143021093" timestamp="2023-10-23T14:21:36Z" user="alexnder" uid="8430074" lat="44.4346312" lon="26.0464259"/>
 <node id="9787404378" visible="true" version="2" changeset="143021093" timestamp="2023-10-23T14:21:36Z" user="alexnder" uid="8430074" lat="44.4346846" lon="26.0463134"/>
 <node id="9787404380" visible="true" version="1" changeset="121796335" timestamp="2022-06-01T07:01:39Z" user="Ozzymand" uid="16162967" lat="44.4345275" lon="26.0452352"/>
 <node id="9787404381" visible="true" version="3" changeset="149567964" timestamp="2024-04-04T12:25:23Z" user="Dan 9" uid="9484321" lat="44.4345939" lon="26.0452358"/>
 <node id="9787404383" visible="true" version="1" changeset="121796335" timestamp="2022-06-01T07:01:39Z" user="Ozzymand" uid="16162967" lat="44.4346180" lon="26.0465860"/>
 <node id="9787404384" visible="true" version="1" changeset="121796335" timestamp="2022-06-01T07:01:39Z" user="Ozzymand" uid="16162967" lat="44.4346279" lon="26.0473087"/>
 <node id="9787404385" visible="true" version="1" changeset="121796335" timestamp="2022-06-01T07:01:39Z" user="Ozzymand" uid="16162967" lat="44.4346201" lon="26.0473795"/>
 <node id="9787404389" visible="true" version="3" changeset="158889840" timestamp="2024-11-08T10:37:37Z" user="Dan 9" uid="9484321" lat="44.4346354" lon="26.0485488"/>
 <node id="9787404390" visible="true" version="1" changeset="121796335" timestamp="2022-06-01T07:01:39Z" user="Ozzymand" uid="16162967" lat="44.4345833" lon="26.0485498"/>
 <node id="9787404391" visible="true" version="1" changeset="121796335" timestamp="2022-06-01T07:01:39Z" user="Ozzymand" uid="16162967" lat="44.4346276" lon="26.0473481"/>
 <node id="9787404393" visible="true" version="2" changeset="143026523" timestamp="2023-10-23T16:38:56Z" user="alexnder" uid="8430074" lat="44.4347629" lon="26.0453343"/>
 <node id="9787404395" visible="true" version="2" changeset="149567964" timestamp="2024-04-04T12:25:23Z" user="Dan 9" uid="9484321" lat="44.4358395" lon="26.0453078">
  <tag k="crossing" v="uncontrolled"/>
  <tag k="crossing:markings" v="zebra"/>
  <tag k="highway" v="crossing"/>
 </node>
 <node id="9787404396" visible="true" version="2" changeset="149567964" timestamp="2024-04-04T12:25:23Z" user="Dan 9" uid="9484321" lat="44.4353326" lon="26.0453203">
  <tag k="highway" v="crossing"/>
 </node>
 <node id="9787404397" visible="true" version="2" changeset="149567964" timestamp="2024-04-04T12:25:23Z" user="Dan 9" uid="9484321" lat="44.4346001" lon="26.0456871"/>
 <node id="9787404400" visible="true" version="3" changeset="143021093" timestamp="2023-10-23T14:21:36Z" user="alexnder" uid="8430074" lat="44.4346023" lon="26.0458617"/>
 <node id="9787404402" visible="true" version="4" changeset="149567964" timestamp="2024-04-04T12:25:23Z" user="Dan 9" uid="9484321" lat="44.4348412" lon="26.0459713"/>
 <node id="9787404403" visible="true" version="3" changeset="149567964" timestamp="2024-04-04T12:25:23Z" user="Dan 9" uid="9484321" lat="44.4346660" lon="26.0462991"/>
 <node id="9787404404" visible="true" version="2" changeset="149567964" timestamp="2024-04-04T12:25:23Z" user="Dan 9" uid="9484321" lat="44.4346173" lon="26.0464174"/>
 <node id="9787404406" visible="true" version="1" changeset="121796335" timestamp="2022-06-01T07:01:39Z" user="Ozzymand" uid="16162967" lat="44.4353198" lon="26.0462916"/>
 <node id="9826028196" visible="true" version="3" changeset="180891567" timestamp="2026-04-05T11:09:34Z" user="SGFRO" uid="20320807" lat="44.4311601" lon="26.0382517">
  <tag k="access" v="private"/>
  <tag k="barrier" v="sliding_gate"/>
 </node>
 <node id="9826028197" visible="true" version="2" changeset="148386286" timestamp="2024-03-08T14:16:10Z" user="Dan 9" uid="9484321" lat="44.4312059" lon="26.0388025">
  <tag k="barrier" v="lift_gate"/>
 </node>
 <node id="9838839794" visible="true" version="1" changeset="122713877" timestamp="2022-06-22T13:53:57Z" user="dodelinho" uid="3444929" lat="44.4486713" lon="26.0207348"/>
 <node id="9838839796" visible="true" version="1" changeset="122713877" timestamp="2022-06-22T13:53:57Z" user="dodelinho" uid="3444929" lat="44.4482779" lon="26.0197678"/>
 <node id="9934026494" visible="true" version="1" changeset="124529210" timestamp="2022-08-05T15:33:34Z" user="Dan 9" uid="9484321" lat="44.4341679" lon="26.0177804"/>
 <node id="9975002660" visible="true" version="1" changeset="125317986" timestamp="2022-08-24T13:54:31Z" user="Dan 9" uid="9484321" lat="44.4351090" lon="26.0503761"/>
 <node id="9975002661" visible="true" version="2" changeset="134187365" timestamp="2023-03-27T17:06:35Z" user="Dan 9" uid="9484321" lat="44.4351115" lon="26.0505988">
  <tag k="amenity" v="parking_entrance"/>
  <tag k="parking" v="underground"/>
 </node>
 <node id="9975002662" visible="true" version="2" changeset="134187365" timestamp="2023-03-27T17:06:35Z" user="Dan 9" uid="9484321" lat="44.4347234" lon="26.0503832">
  <tag k="barrier" v="lift_gate"/>
 </node>
 <node id="9975002663" visible="true" version="4" changeset="158852590" timestamp="2024-11-07T11:51:58Z" user="Dan 9" uid="9484321" lat="44.4347035" lon="26.0500048"/>
 <node id="9975002664" visible="true" version="4" changeset="158852590" timestamp="2024-11-07T11:51:58Z" user="Dan 9" uid="9484321" lat="44.4346835" lon="26.0500053"/>
 <node id="9975002667" visible="true" version="4" changeset="158852590" timestamp="2024-11-07T11:51:58Z" user="Dan 9" uid="9484321" lat="44.4352411" lon="26.0499738"/>
 <node id="9975002668" visible="true" version="4" changeset="158852590" timestamp="2024-11-07T11:51:58Z" user="Dan 9" uid="9484321" lat="44.4352896" lon="26.0499728"/>
 <node id="10690055550" visible="true" version="1" changeset="132954247" timestamp="2023-02-24T07:13:35Z" user="rarad74" uid="128281" lat="44.4338977" lon="26.0058883"/>
 <node id="10730806171" visible="true" version="2" changeset="134185249" timestamp="2023-03-27T16:15:42Z" user="Dan 9" uid="9484321" lat="44.4461507" lon="26.0369814"/>
 <node id="10765811400" visible="true" version="3" changeset="158852590" timestamp="2024-11-07T11:51:58Z" user="Dan 9" uid="9484321" lat="44.4355001" lon="26.0499695"/>
 <node id="10765811401" visible="true" version="3" changeset="158852590" timestamp="2024-11-07T11:51:58Z" user="Dan 9" uid="9484321" lat="44.4357059" lon="26.0501895"/>
 <node id="10765811402" visible="true" version="3" changeset="158852590" timestamp="2024-11-07T11:51:58Z" user="Dan 9" uid="9484321" lat="44.4357038" lon="26.0499604"/>
 <node id="10765811403" visible="true" version="3" changeset="158852590" timestamp="2024-11-07T11:51:58Z" user="Dan 9" uid="9484321" lat="44.4356457" lon="26.0499603"/>
 <node id="10765811404" visible="true" version="3" changeset="158852590" timestamp="2024-11-07T11:51:58Z" user="Dan 9" uid="9484321" lat="44.4356451" lon="26.0498862"/>
 <node id="10765838505" visible="true" version="3" changeset="158852590" timestamp="2024-11-07T11:51:58Z" user="Dan 9" uid="9484321" lat="44.4354993" lon="26.0498887"/>
 <node id="10765838516" visible="true" version="2" changeset="146149435" timestamp="2024-01-11T15:55:09Z" user="Dan 9" uid="9484321" lat="44.4345071" lon="26.0502799"/>
 <node id="10765838517" visible="true" version="2" changeset="146149435" timestamp="2024-01-11T15:55:09Z" user="Dan 9" uid="9484321" lat="44.4346280" lon="26.0502769">
  <tag k="barrier" v="lift_gate"/>
 </node>
 <node id="10765838518" visible="true" version="2" changeset="146149435" timestamp="2024-01-11T15:55:09Z" user="Dan 9" uid="9484321" lat="44.4345000" lon="26.0497139"/>
 <node id="10765838519" visible="true" version="2" changeset="146149435" timestamp="2024-01-11T15:55:09Z" user="Dan 9" uid="9484321" lat="44.4360587" lon="26.0501887"/>
 <node id="10765838520" visible="true" version="2" changeset="146149435" timestamp="2024-01-11T15:55:09Z" user="Dan 9" uid="9484321" lat="44.4360610" lon="26.0500321"/>
 <node id="10765838521" visible="true" version="2" changeset="146149435" timestamp="2024-01-11T15:55:09Z" user="Dan 9" uid="9484321" lat="44.4357867" lon="26.0493629"/>
 <node id="10765838522" visible="true" version="2" changeset="146149435" timestamp="2024-01-11T15:55:09Z" user="Dan 9" uid="9484321" lat="44.4351410" lon="26.0493874"/>
 <node id="10765838523" visible="true" version="2" changeset="146149435" timestamp="2024-01-11T15:55:09Z" user="Dan 9" uid="9484321" lat="44.4349718" lon="26.0496141"/>
 <node id="10765838524" visible="true" version="2" changeset="146149435" timestamp="2024-01-11T15:55:09Z" user="Dan 9" uid="9484321" lat="44.4346233" lon="26.0497114">
  <tag k="barrier" v="lift_gate"/>
 </node>
 <node id="10765838525" visible="true" version="2" changeset="146149435" timestamp="2024-01-11T15:55:09Z" user="Dan 9" uid="9484321" lat="44.4347117" lon="26.0496251"/>
 <node id="10765838526" visible="true" version="2" changeset="146149435" timestamp="2024-01-11T15:55:09Z" user="Dan 9" uid="9484321" lat="44.4360642" lon="26.0501599"/>
 <node id="10765838527" visible="true" version="2" changeset="146149435" timestamp="2024-01-11T15:55:09Z" user="Dan 9" uid="9484321" lat="44.4359950" lon="26.0502486"/>
 <node id="10765838528" visible="true" version="2" changeset="146149435" timestamp="2024-01-11T15:55:09Z" user="Dan 9" uid="9484321" lat="44.4360272" lon="26.0502354"/>
 <node id="10765838529" visible="true" version="2" changeset="146149435" timestamp="2024-01-11T15:55:09Z" user="Dan 9" uid="9484321" lat="44.4358091" lon="26.0493940"/>
 <node id="10765838530" visible="true" version="2" changeset="146149435" timestamp="2024-01-11T15:55:09Z" user="Dan 9" uid="9484321" lat="44.4357586" lon="26.0493493"/>
 <node id="10765838531" visible="true" version="2" changeset="146149435" timestamp="2024-01-11T15:55:09Z" user="Dan 9" uid="9484321" lat="44.4351737" lon="26.0496451">
  <tag k="amenity" v="parking_entrance"/>
  <tag k="parking" v="underground"/>
 </node>
 <node id="10765838532" visible="true" version="2" changeset="146149435" timestamp="2024-01-11T15:55:09Z" user="Dan 9" uid="9484321" lat="44.4344899" lon="26.0489058"/>
 <node id="10765838533" visible="true" version="2" changeset="158834301" timestamp="2024-11-06T21:30:50Z" user="Dan 9" uid="9484321" lat="44.4351668" lon="26.0488464">
  <tag k="amenity" v="parking_entrance"/>
  <tag k="parking" v="underground"/>
 </node>
 <node id="10765838534" visible="true" version="1" changeset="134170933" timestamp="2023-03-27T10:34:32Z" user="Dan 9" uid="9484321" lat="44.4349144" lon="26.0488935"/>
 <node id="10765838535" visible="true" version="1" changeset="134170933" timestamp="2023-03-27T10:34:32Z" user="Dan 9" uid="9484321" lat="44.4349695" lon="26.0488549"/>
 <node id="10765838536" visible="true" version="1" changeset="134170933" timestamp="2023-03-27T10:34:32Z" user="Dan 9" uid="9484321" lat="44.4356982" lon="26.0488706"/>
 <node id="10765838537" visible="true" version="1" changeset="134170933" timestamp="2023-03-27T10:34:32Z" user="Dan 9" uid="9484321" lat="44.4349261" lon="26.0495279"/>
 <node id="10765838538" visible="true" version="1" changeset="134170933" timestamp="2023-03-27T10:34:32Z" user="Dan 9" uid="9484321" lat="44.4349212" lon="26.0492505"/>
 <node id="10765838539" visible="true" version="1" changeset="134170933" timestamp="2023-03-27T10:34:32Z" user="Dan 9" uid="9484321" lat="44.4357574" lon="26.0491868"/>
 <node id="10765838540" visible="true" version="1" changeset="134170933" timestamp="2023-03-27T10:34:32Z" user="Dan 9" uid="9484321" lat="44.4357206" lon="26.0488822"/>
 <node id="10765838541" visible="true" version="1" changeset="134170933" timestamp="2023-03-27T10:34:32Z" user="Dan 9" uid="9484321" lat="44.4357510" lon="26.0489326"/>
 <node id="10765838542" visible="true" version="1" changeset="134170933" timestamp="2023-03-27T10:34:32Z" user="Dan 9" uid="9484321" lat="44.4357572" lon="26.0489556"/>
 <node id="10765838543" visible="true" version="1" changeset="134170933" timestamp="2023-03-27T10:34:32Z" user="Dan 9" uid="9484321" lat="44.4357582" lon="26.0489844"/>
 <node id="10765838544" visible="true" version="1" changeset="134170933" timestamp="2023-03-27T10:34:32Z" user="Dan 9" uid="9484321" lat="44.4357605" lon="26.0491612"/>
 <node id="10765838545" visible="true" version="1" changeset="134170933" timestamp="2023-03-27T10:34:32Z" user="Dan 9" uid="9484321" lat="44.4357302" lon="26.0492184"/>
 <node id="10765838546" visible="true" version="1" changeset="134170933" timestamp="2023-03-27T10:34:32Z" user="Dan 9" uid="9484321" lat="44.4357448" lon="26.0492101"/>
 <node id="10765838547" visible="true" version="1" changeset="134170933" timestamp="2023-03-27T10:34:32Z" user="Dan 9" uid="9484321" lat="44.4347069" lon="26.0488995"/>
 <node id="10765838548" visible="true" version="1" changeset="134170933" timestamp="2023-03-27T10:34:32Z" user="Dan 9" uid="9484321" lat="44.4347530" lon="26.0489359"/>
 <node id="10765838549" visible="true" version="1" changeset="134170933" timestamp="2023-03-27T10:34:32Z" user="Dan 9" uid="9484321" lat="44.4348043" lon="26.0489344">
  <tag k="amenity" v="parking_entrance"/>
  <tag k="parking" v="underground"/>
 </node>
 <node id="10765838550" visible="true" version="1" changeset="134170933" timestamp="2023-03-27T10:34:32Z" user="Dan 9" uid="9484321" lat="44.4347242" lon="26.0489236"/>
 <node id="10765838551" visible="true" version="1" changeset="134170933" timestamp="2023-03-27T10:34:32Z" user="Dan 9" uid="9484321" lat="44.4347384" lon="26.0489331"/>
 <node id="10765838552" visible="true" version="3" changeset="180937037" timestamp="2026-04-06T10:26:12Z" user="razvan-v-poli" uid="23971167" lat="44.4346029" lon="26.0497118">
  <tag k="crossing:markings" v="yes"/>
  <tag k="highway" v="crossing"/>
 </node>
 <node id="10765838553" visible="true" version="2" changeset="146149435" timestamp="2024-01-11T15:55:09Z" user="Dan 9" uid="9484321" lat="44.4346123" lon="26.0502773"/>
 <node id="10766754035" visible="true" version="2" changeset="149567964" timestamp="2024-04-04T12:25:23Z" user="Dan 9" uid="9484321" lat="44.4342599" lon="26.0503496"/>
 <node id="10769145382" visible="true" version="2" changeset="149567964" timestamp="2024-04-04T12:25:23Z" user="Dan 9" uid="9484321" lat="44.4340047" lon="26.0482009"/>
 <node id="10769145383" visible="true" version="2" changeset="149567964" timestamp="2024-04-04T12:25:23Z" user="Dan 9" uid="9484321" lat="44.4339646" lon="26.0481668"/>
 <node id="10769145389" visible="true" version="1" changeset="134229475" timestamp="2023-03-28T17:14:25Z" user="Dan 9" uid="9484321" lat="44.4334501" lon="26.0481507"/>
 <node id="10769145390" visible="true" version="2" changeset="188108986" timestamp="2026-08-27T17:24:10Z" user="Dan 9" uid="9484321" lat="44.4336604" lon="26.0479827"/>
 <node id="10769145391" visible="true" version="1" changeset="134229475" timestamp="2023-03-28T17:14:25Z" user="Dan 9" uid="9484321" lat="44.4335162" lon="26.0479902"/>
 <node id="10769145392" visible="true" version="1" changeset="134229475" timestamp="2023-03-28T17:14:25Z" user="Dan 9" uid="9484321" lat="44.4334760" lon="26.0480140"/>
 <node id="10769145393" visible="true" version="1" changeset="134229475" timestamp="2023-03-28T17:14:25Z" user="Dan 9" uid="9484321" lat="44.4334630" lon="26.0480359"/>
 <node id="10769145394" visible="true" version="1" changeset="134229475" timestamp="2023-03-28T17:14:25Z" user="Dan 9" uid="9484321" lat="44.4334499" lon="26.0481071"/>
 <node id="10769145395" visible="true" version="1" changeset="134229475" timestamp="2023-03-28T17:14:25Z" user="Dan 9" uid="9484321" lat="44.4334958" lon="26.0479986"/>
 <node id="10769145396" visible="true" version="1" changeset="134229475" timestamp="2023-03-28T17:14:25Z" user="Dan 9" uid="9484321" lat="44.4334534" lon="26.0480683"/>
 <node id="10769145397" visible="true" version="1" changeset="134229475" timestamp="2023-03-28T17:14:25Z" user="Dan 9" uid="9484321" lat="44.4337882" lon="26.0474138"/>
 <node id="10769145398" visible="true" version="1" changeset="134229475" timestamp="2023-03-28T17:14:25Z" user="Dan 9" uid="9484321" lat="44.4337862" lon="26.0472881"/>
 <node id="10769145399" visible="true" version="1" changeset="134229475" timestamp="2023-03-28T17:14:25Z" user="Dan 9" uid="9484321" lat="44.4338365" lon="26.0472865"/>
 <node id="10769145400" visible="true" version="1" changeset="134229475" timestamp="2023-03-28T17:14:25Z" user="Dan 9" uid="9484321" lat="44.4338385" lon="26.0474122"/>
 <node id="10769145401" visible="true" version="2" changeset="149567964" timestamp="2024-04-04T12:25:23Z" user="Dan 9" uid="9484321" lat="44.4338433" lon="26.0469406"/>
 <node id="10769145402" visible="true" version="2" changeset="149567964" timestamp="2024-04-04T12:25:23Z" user="Dan 9" uid="9484321" lat="44.4338857" lon="26.0504656"/>
 <node id="10769145403" visible="true" version="2" changeset="149567964" timestamp="2024-04-04T12:25:23Z" user="Dan 9" uid="9484321" lat="44.4336374" lon="26.0505139"/>
 <node id="10769145404" visible="true" version="2" changeset="149567964" timestamp="2024-04-04T12:25:23Z" user="Dan 9" uid="9484321" lat="44.4335949" lon="26.0501229"/>
 <node id="10769166805" visible="true" version="2" changeset="149567964" timestamp="2024-04-04T12:25:23Z" user="Dan 9" uid="9484321" lat="44.4338832" lon="26.0501941"/>
 <node id="10769166806" visible="true" version="2" changeset="149567964" timestamp="2024-04-04T12:25:23Z" user="Dan 9" uid="9484321" lat="44.4337080" lon="26.0500845"/>
 <node id="10769166807" visible="true" version="2" changeset="149567964" timestamp="2024-04-04T12:25:23Z" user="Dan 9" uid="9484321" lat="44.4337091" lon="26.0501973"/>
 <node id="10801517278" visible="true" version="3" changeset="165753409" timestamp="2025-05-03T10:59:48Z" user="dany2007" uid="1901989" lat="44.4315184" lon="26.0409618"/>
 <node id="10960432687" visible="true" version="3" changeset="149567964" timestamp="2024-04-04T12:25:23Z" user="Dan 9" uid="9484321" lat="44.4347898" lon="26.0459983"/>
 <node id="10960432688" visible="true" version="3" changeset="149567964" timestamp="2024-04-04T12:25:23Z" user="Dan 9" uid="9484321" lat="44.4348377" lon="26.0456814"/>
 <node id="10960432689" visible="true" version="4" changeset="149567964" timestamp="2024-04-04T12:25:23Z" user="Dan 9" uid="9484321" lat="44.4351451" lon="26.0477556">
  <tag k="entrance" v="main"/>
 </node>
 <node id="10960432690" visible="true" version="2" changeset="143026523" timestamp="2023-10-23T16:38:56Z" user="alexnder" uid="8430074" lat="44.4351669" lon="26.0477481"/>
 <node id="10960432691" visible="true" version="2" changeset="143026523" timestamp="2023-10-23T16:38:56Z" user="alexnder" uid="8430074" lat="44.4351727" lon="26.0481024"/>
 <node id="10960432692" visible="true" version="2" changeset="143026523" timestamp="2023-10-23T16:38:56Z" user="alexnder" uid="8430074" lat="44.4352837" lon="26.0477405"/>
 <node id="10960432693" visible="true" version="2" changeset="143026523" timestamp="2023-10-23T16:38:56Z" user="alexnder" uid="8430074" lat="44.4352873" lon="26.0480982"/>
 <node id="10960432694" visible="true" version="2" changeset="143026523" timestamp="2023-10-23T16:38:56Z" user="alexnder" uid="8430074" lat="44.4353680" lon="26.0477374"/>
 <node id="10960432695" visible="true" version="2" changeset="143026523" timestamp="2023-10-23T16:38:56Z" user="alexnder" uid="8430074" lat="44.4351632" lon="26.0473981"/>
 <node id="10960432696" visible="true" version="1" changeset="137032304" timestamp="2023-06-06T21:26:25Z" user="bubolex" uid="1497516" lat="44.4353615" lon="26.0473928"/>
 <node id="10960432697" visible="true" version="3" changeset="143031722" timestamp="2023-10-23T19:03:23Z" user="alexnder" uid="8430074" lat="44.4347522" lon="26.0481174"/>
 <node id="10960432698" visible="true" version="2" changeset="143031722" timestamp="2023-10-23T19:03:23Z" user="alexnder" uid="8430074" lat="44.4347434" lon="26.0473441"/>
 <node id="10960432699" visible="true" version="2" changeset="143026523" timestamp="2023-10-23T16:38:56Z" user="alexnder" uid="8430074" lat="44.4351629" lon="26.0473302"/>
 <node id="10973725616" visible="true" version="1" changeset="137284109" timestamp="2023-06-13T12:29:44Z" user="melo_1" uid="1281559" lat="44.4340942" lon="26.0667369"/>
 <node id="10973725636" visible="true" version="1" changeset="137284109" timestamp="2023-06-13T12:29:44Z" user="melo_1" uid="1281559" lat="44.4362788" lon="26.0665985"/>
 <node id="10974266583" visible="true" version="1" changeset="137294590" timestamp="2023-06-13T16:40:40Z" user="melo_1" uid="1281559" lat="44.4325667" lon="26.0644395"/>
 <node id="10974266596" visible="true" version="1" changeset="137294590" timestamp="2023-06-13T16:40:40Z" user="melo_1" uid="1281559" lat="44.4327174" lon="26.0644921"/>
 <node id="10974621432" visible="true" version="1" changeset="137299185" timestamp="2023-06-13T18:57:44Z" user="melo_1" uid="1281559" lat="44.4337979" lon="26.0666616"/>
 <node id="10974621449" visible="true" version="1" changeset="137299185" timestamp="2023-06-13T18:57:44Z" user="melo_1" uid="1281559" lat="44.4339081" lon="26.0667067"/>
 <node id="11001530354" visible="true" version="1" changeset="137685514" timestamp="2023-06-23T11:45:30Z" user="melo_1" uid="1281559" lat="44.4343493" lon="26.0733814"/>
 <node id="11001530355" visible="true" version="1" changeset="137685514" timestamp="2023-06-23T11:45:30Z" user="melo_1" uid="1281559" lat="44.4343685" lon="26.0744579"/>
 <node id="11001530356" visible="true" version="1" changeset="137685514" timestamp="2023-06-23T11:45:30Z" user="melo_1" uid="1281559" lat="44.4343807" lon="26.0752528"/>
 <node id="11001530357" visible="true" version="2" changeset="137685955" timestamp="2023-06-23T11:56:49Z" user="melo_1" uid="1281559" lat="44.4343791" lon="26.0761292"/>
 <node id="11001530358" visible="true" version="2" changeset="137685955" timestamp="2023-06-23T11:56:49Z" user="melo_1" uid="1281559" lat="44.4343820" lon="26.0770493"/>
 <node id="11160271939" visible="true" version="1" changeset="140665755" timestamp="2023-09-01T07:34:09Z" user="Teo Cata" uid="10517467" lat="44.4312576" lon="26.0680956"/>
 <node id="11283281243" visible="true" version="1" changeset="143010995" timestamp="2023-10-23T10:32:53Z" user="alexnder" uid="8430074" lat="44.4412999" lon="26.0475270"/>
 <node id="11283281244" visible="true" version="2" changeset="143026523" timestamp="2023-10-23T16:38:56Z" user="alexnder" uid="8430074" lat="44.4411227" lon="26.0474616"/>
 <node id="11283281245" visible="true" version="1" changeset="143010995" timestamp="2023-10-23T10:32:53Z" user="alexnder" uid="8430074" lat="44.4411705" lon="26.0483224"/>
 <node id="11283281246" visible="true" version="1" changeset="143010995" timestamp="2023-10-23T10:32:53Z" user="alexnder" uid="8430074" lat="44.4412152" lon="26.0480407"/>
 <node id="11283680848" visible="true" version="1" changeset="143021093" timestamp="2023-10-23T14:21:36Z" user="alexnder" uid="8430074" lat="44.4352552" lon="26.0457489"/>
 <node id="11283680849" visible="true" version="1" changeset="143021093" timestamp="2023-10-23T14:21:36Z" user="alexnder" uid="8430074" lat="44.4352086" lon="26.0457502"/>
 <node id="11283680850" visible="true" version="1" changeset="143021093" timestamp="2023-10-23T14:21:36Z" user="alexnder" uid="8430074" lat="44.4352105" lon="26.0459185"/>
 <node id="11283680851" visible="true" version="1" changeset="143021093" timestamp="2023-10-23T14:21:36Z" user="alexnder" uid="8430074" lat="44.4352578" lon="26.0459185"/>
 <node id="11283680852" visible="true" version="1" changeset="143021093" timestamp="2023-10-23T14:21:36Z" user="alexnder" uid="8430074" lat="44.4352602" lon="26.0460715"/>
 <node id="11283680853" visible="true" version="1" changeset="143021093" timestamp="2023-10-23T14:21:36Z" user="alexnder" uid="8430074" lat="44.4352168" lon="26.0460728"/>
 <node id="11283680854" visible="true" version="1" changeset="143021093" timestamp="2023-10-23T14:21:36Z" user="alexnder" uid="8430074" lat="44.4352148" lon="26.0460976"/>
 <node id="11283680855" visible="true" version="1" changeset="143021093" timestamp="2023-10-23T14:21:36Z" user="alexnder" uid="8430074" lat="44.4352182" lon="26.0461291"/>
 <node id="11283680856" visible="true" version="1" changeset="143021093" timestamp="2023-10-23T14:21:36Z" user="alexnder" uid="8430074" lat="44.4352287" lon="26.0461438"/>
 <node id="11283680857" visible="true" version="1" changeset="143021093" timestamp="2023-10-23T14:21:36Z" user="alexnder" uid="8430074" lat="44.4352900" lon="26.0462806"/>
 <node id="11283680858" visible="true" version="1" changeset="143021093" timestamp="2023-10-23T14:21:36Z" user="alexnder" uid="8430074" lat="44.4347207" lon="26.0462873"/>
 <node id="11283680859" visible="true" version="1" changeset="143021093" timestamp="2023-10-23T14:21:36Z" user="alexnder" uid="8430074" lat="44.4347959" lon="26.0460868"/>
 <node id="11283680860" visible="true" version="2" changeset="149567964" timestamp="2024-04-04T12:25:23Z" user="Dan 9" uid="9484321" lat="44.4351155" lon="26.0460785"/>
 <node id="11283680862" visible="true" version="1" changeset="143021093" timestamp="2023-10-23T14:21:36Z" user="alexnder" uid="8430074" lat="44.4351593" lon="26.0455739"/>
 <node id="11283680863" visible="true" version="1" changeset="143021093" timestamp="2023-10-23T14:21:36Z" user="alexnder" uid="8430074" lat="44.4351569" lon="26.0454065"/>
 <node id="11283680864" visible="true" version="1" changeset="143021093" timestamp="2023-10-23T14:21:36Z" user="alexnder" uid="8430074" lat="44.4353001" lon="26.0461422"/>
 <node id="11283680865" visible="true" version="1" changeset="143021093" timestamp="2023-10-23T14:21:36Z" user="alexnder" uid="8430074" lat="44.4353095" lon="26.0461323"/>
 <node id="11283680866" visible="true" version="1" changeset="143021093" timestamp="2023-10-23T14:21:36Z" user="alexnder" uid="8430074" lat="44.4353185" lon="26.0461198"/>
 <node id="11283680867" visible="true" version="1" changeset="143021093" timestamp="2023-10-23T14:21:36Z" user="alexnder" uid="8430074" lat="44.4353252" lon="26.0461070"/>
 <node id="11283680868" visible="true" version="1" changeset="143021093" timestamp="2023-10-23T14:21:36Z" user="alexnder" uid="8430074" lat="44.4353277" lon="26.0460927"/>
 <node id="11283683969" visible="true" version="1" changeset="143021093" timestamp="2023-10-23T14:21:36Z" user="alexnder" uid="8430074" lat="44.4352874" lon="26.0460801"/>
 <node id="11283683970" visible="true" version="1" changeset="143021093" timestamp="2023-10-23T14:21:36Z" user="alexnder" uid="8430074" lat="44.4353286" lon="26.0460789"/>
 <node id="11283683971" visible="true" version="1" changeset="143021093" timestamp="2023-10-23T14:21:36Z" user="alexnder" uid="8430074" lat="44.4349663" lon="26.0453586"/>
 <node id="11283683972" visible="true" version="2" changeset="149567964" timestamp="2024-04-04T12:25:23Z" user="Dan 9" uid="9484321" lat="44.4349475" lon="26.0455803"/>
 <node id="11283683973" visible="true" version="2" changeset="149567964" timestamp="2024-04-04T12:25:23Z" user="Dan 9" uid="9484321" lat="44.4350001" lon="26.0455791"/>
 <node id="11283683974" visible="true" version="1" changeset="143021093" timestamp="2023-10-23T14:21:36Z" user="alexnder" uid="8430074" lat="44.4350066" lon="26.0454123"/>
 <node id="11283683975" visible="true" version="1" changeset="143021093" timestamp="2023-10-23T14:21:36Z" user="alexnder" uid="8430074" lat="44.4352498" lon="26.0454029"/>
 <node id="11283683976" visible="true" version="1" changeset="143021093" timestamp="2023-10-23T14:21:36Z" user="alexnder" uid="8430074" lat="44.4352613" lon="26.0461432"/>
 <node id="11283683977" visible="true" version="1" changeset="143021093" timestamp="2023-10-23T14:21:36Z" user="alexnder" uid="8430074" lat="44.4352891" lon="26.0461432"/>
 <node id="11283683978" visible="true" version="1" changeset="143021093" timestamp="2023-10-23T14:21:36Z" user="alexnder" uid="8430074" lat="44.4352772" lon="26.0454008"/>
 <node id="11283683979" visible="true" version="1" changeset="143021093" timestamp="2023-10-23T14:21:36Z" user="alexnder" uid="8430074" lat="44.4353185" lon="26.0453996"/>
 <node id="11283683980" visible="true" version="1" changeset="143021093" timestamp="2023-10-23T14:21:36Z" user="alexnder" uid="8430074" lat="44.4353187" lon="26.0453452"/>
 <node id="11283683981" visible="true" version="1" changeset="143021093" timestamp="2023-10-23T14:21:36Z" user="alexnder" uid="8430074" lat="44.4347643" lon="26.0453036"/>
 <node id="11283683982" visible="true" version="1" changeset="143021093" timestamp="2023-10-23T14:21:36Z" user="alexnder" uid="8430074" lat="44.4347691" lon="26.0452715"/>
 <node id="11283683983" visible="true" version="1" changeset="143021093" timestamp="2023-10-23T14:21:36Z" user="alexnder" uid="8430074" lat="44.4347806" lon="26.0452500"/>
 <node id="11283683984" visible="true" version="1" changeset="143021093" timestamp="2023-10-23T14:21:36Z" user="alexnder" uid="8430074" lat="44.4347921" lon="26.0452393"/>
 <node id="11283683985" visible="true" version="1" changeset="143021093" timestamp="2023-10-23T14:21:36Z" user="alexnder" uid="8430074" lat="44.4348083" lon="26.0452393"/>
 <node id="11283683986" visible="true" version="1" changeset="143021093" timestamp="2023-10-23T14:21:36Z" user="alexnder" uid="8430074" lat="44.4352488" lon="26.0452339"/>
 <node id="11283683987" visible="true" version="1" changeset="143021093" timestamp="2023-10-23T14:21:36Z" user="alexnder" uid="8430074" lat="44.4352776" lon="26.0452446"/>
 <node id="11283683988" visible="true" version="1" changeset="143021093" timestamp="2023-10-23T14:21:36Z" user="alexnder" uid="8430074" lat="44.4352986" lon="26.0452634"/>
 <node id="11283683989" visible="true" version="1" changeset="143021093" timestamp="2023-10-23T14:21:36Z" user="alexnder" uid="8430074" lat="44.4353130" lon="26.0452902"/>
 <node id="11283683990" visible="true" version="1" changeset="143021093" timestamp="2023-10-23T14:21:36Z" user="alexnder" uid="8430074" lat="44.4346254" lon="26.0463457"/>
 <node id="11283683991" visible="true" version="1" changeset="143021093" timestamp="2023-10-23T14:21:36Z" user="alexnder" uid="8430074" lat="44.4346206" lon="26.0459085"/>
 <node id="11283683992" visible="true" version="1" changeset="143021093" timestamp="2023-10-23T14:21:36Z" user="alexnder" uid="8430074" lat="44.4347542" lon="26.0460037"/>
 <node id="11283683993" visible="true" version="1" changeset="143021093" timestamp="2023-10-23T14:21:36Z" user="alexnder" uid="8430074" lat="44.4347623" lon="26.0457049"/>
 <node id="11283683994" visible="true" version="1" changeset="143021093" timestamp="2023-10-23T14:21:36Z" user="alexnder" uid="8430074" lat="44.4346202" lon="26.0457100"/>
 <node id="11283683995" visible="true" version="1" changeset="143021093" timestamp="2023-10-23T14:21:36Z" user="alexnder" uid="8430074" lat="44.4346206" lon="26.0458401"/>
 <node id="11283683996" visible="true" version="1" changeset="143021093" timestamp="2023-10-23T14:21:36Z" user="alexnder" uid="8430074" lat="44.4347643" lon="26.0459447"/>
 <node id="11283683998" visible="true" version="1" changeset="143021093" timestamp="2023-10-23T14:21:36Z" user="alexnder" uid="8430074" lat="44.4346149" lon="26.0453667"/>
 <node id="11283683999" visible="true" version="2" changeset="149567964" timestamp="2024-04-04T12:25:23Z" user="Dan 9" uid="9484321" lat="44.4346189" lon="26.0456708"/>
 <node id="11283684000" visible="true" version="1" changeset="143021093" timestamp="2023-10-23T14:21:36Z" user="alexnder" uid="8430074" lat="44.4347672" lon="26.0456684"/>
 <node id="11283684001" visible="true" version="1" changeset="143021093" timestamp="2023-10-23T14:21:36Z" user="alexnder" uid="8430074" lat="44.4347681" lon="26.0455638"/>
 <node id="11283684002" visible="true" version="1" changeset="143021093" timestamp="2023-10-23T14:21:36Z" user="alexnder" uid="8430074" lat="44.4348696" lon="26.0455625"/>
 <node id="11283684003" visible="true" version="1" changeset="143021093" timestamp="2023-10-23T14:21:36Z" user="alexnder" uid="8430074" lat="44.4349443" lon="26.0453627"/>
 <node id="11283684004" visible="true" version="1" changeset="143021093" timestamp="2023-10-23T14:21:36Z" user="alexnder" uid="8430074" lat="44.4353063" lon="26.0450850"/>
 <node id="11283684005" visible="true" version="1" changeset="143021093" timestamp="2023-10-23T14:21:36Z" user="alexnder" uid="8430074" lat="44.4352862" lon="26.0450783"/>
 <node id="11283684006" visible="true" version="1" changeset="143021093" timestamp="2023-10-23T14:21:36Z" user="alexnder" uid="8430074" lat="44.4348658" lon="26.0450931"/>
 <node id="11283684007" visible="true" version="1" changeset="143021093" timestamp="2023-10-23T14:21:36Z" user="alexnder" uid="8430074" lat="44.4348486" lon="26.0451011"/>
 <node id="11283684008" visible="true" version="1" changeset="143021093" timestamp="2023-10-23T14:21:36Z" user="alexnder" uid="8430074" lat="44.4348399" lon="26.0451253"/>
 <node id="11283684009" visible="true" version="1" changeset="143021093" timestamp="2023-10-23T14:21:36Z" user="alexnder" uid="8430074" lat="44.4348476" lon="26.0451521"/>
 <node id="11283684010" visible="true" version="1" changeset="143021093" timestamp="2023-10-23T14:21:36Z" user="alexnder" uid="8430074" lat="44.4348677" lon="26.0451588"/>
 <node id="11283684011" visible="true" version="1" changeset="143021093" timestamp="2023-10-23T14:21:36Z" user="alexnder" uid="8430074" lat="44.4352986" lon="26.0451440"/>
 <node id="11283684012" visible="true" version="1" changeset="143021093" timestamp="2023-10-23T14:21:36Z" user="alexnder" uid="8430074" lat="44.4353101" lon="26.0451293"/>
 <node id="11283684013" visible="true" version="1" changeset="143021093" timestamp="2023-10-23T14:21:36Z" user="alexnder" uid="8430074" lat="44.4353120" lon="26.0451065"/>
 <node id="11283965408" visible="true" version="1" changeset="143026523" timestamp="2023-10-23T16:38:56Z" user="alexnder" uid="8430074" lat="44.4351526" lon="26.0480415"/>
 <node id="11283965409" visible="true" version="1" changeset="143026523" timestamp="2023-10-23T16:38:56Z" user="alexnder" uid="8430074" lat="44.4351488" lon="26.0480556"/>
 <node id="11283965410" visible="true" version="1" changeset="143026523" timestamp="2023-10-23T16:38:56Z" user="alexnder" uid="8430074" lat="44.4351401" lon="26.0480616"/>
 <node id="11283965411" visible="true" version="1" changeset="143026523" timestamp="2023-10-23T16:38:56Z" user="alexnder" uid="8430074" lat="44.4347734" lon="26.0480750"/>
 <node id="11283965412" visible="true" version="1" changeset="143026523" timestamp="2023-10-23T16:38:56Z" user="alexnder" uid="8430074" lat="44.4347676" lon="26.0480697"/>
 <node id="11283965413" visible="true" version="1" changeset="143026523" timestamp="2023-10-23T16:38:56Z" user="alexnder" uid="8430074" lat="44.4347628" lon="26.0478591"/>
 <node id="11283965414" visible="true" version="1" changeset="143026523" timestamp="2023-10-23T16:38:56Z" user="alexnder" uid="8430074" lat="44.4347652" lon="26.0478363"/>
 <node id="11283965415" visible="true" version="1" changeset="143026523" timestamp="2023-10-23T16:38:56Z" user="alexnder" uid="8430074" lat="44.4347782" lon="26.0478269"/>
 <node id="11283965416" visible="true" version="1" changeset="143026523" timestamp="2023-10-23T16:38:56Z" user="alexnder" uid="8430074" lat="44.4347916" lon="26.0478283"/>
 <node id="11283965417" visible="true" version="1" changeset="143026523" timestamp="2023-10-23T16:38:56Z" user="alexnder" uid="8430074" lat="44.4347973" lon="26.0478417"/>
 <node id="11283965418" visible="true" version="1" changeset="143026523" timestamp="2023-10-23T16:38:56Z" user="alexnder" uid="8430074" lat="44.4348011" lon="26.0479657"/>
 <node id="11283965419" visible="true" version="1" changeset="143026523" timestamp="2023-10-23T16:38:56Z" user="alexnder" uid="8430074" lat="44.4351507" lon="26.0479610"/>
 <node id="11283965420" visible="true" version="2" changeset="149567964" timestamp="2024-04-04T12:25:23Z" user="Dan 9" uid="9484321" lat="44.4349554" lon="26.0475468"/>
 <node id="11283965421" visible="true" version="2" changeset="149567964" timestamp="2024-04-04T12:25:23Z" user="Dan 9" uid="9484321" lat="44.4349533" lon="26.0473432"/>
 <node id="11283965422" visible="true" version="2" changeset="149567964" timestamp="2024-04-04T12:25:23Z" user="Dan 9" uid="9484321" lat="44.4350938" lon="26.0473402"/>
 <node id="11283965423" visible="true" version="2" changeset="149567964" timestamp="2024-04-04T12:25:23Z" user="Dan 9" uid="9484321" lat="44.4350960" lon="26.0475439"/>
 <node id="11283965445" visible="true" version="1" changeset="143026523" timestamp="2023-10-23T16:38:56Z" user="alexnder" uid="8430074" lat="44.4370952" lon="26.0449044"/>
 <node id="11284510571" visible="true" version="2" changeset="181820840" timestamp="2026-04-25T19:33:26Z" user="one_electro_dan" uid="22582172" lat="44.4353211" lon="26.0481495"/>
 <node id="11284510572" visible="true" version="2" changeset="181820840" timestamp="2026-04-25T19:33:26Z" user="one_electro_dan" uid="22582172" lat="44.4353230" lon="26.0482669"/>
 <node id="11284510573" visible="true" version="2" changeset="181820840" timestamp="2026-04-25T19:33:26Z" user="one_electro_dan" uid="22582172" lat="44.4352085" lon="26.0482692"/>
 <node id="11284510574" visible="true" version="2" changeset="181820840" timestamp="2026-04-25T19:33:26Z" user="one_electro_dan" uid="22582172" lat="44.4352059" lon="26.0481528"/>
 <node id="11284510575" visible="true" version="1" changeset="143031722" timestamp="2023-10-23T19:03:23Z" user="alexnder" uid="8430074" lat="44.4351981" lon="26.0481615"/>
 <node id="11284510576" visible="true" version="1" changeset="143031722" timestamp="2023-10-23T19:03:23Z" user="alexnder" uid="8430074" lat="44.4351899" lon="26.0481569"/>
 <node id="11284510577" visible="true" version="1" changeset="143031722" timestamp="2023-10-23T19:03:23Z" user="alexnder" uid="8430074" lat="44.4351730" lon="26.0481584"/>
 <node id="11284510578" visible="true" version="1" changeset="143031722" timestamp="2023-10-23T19:03:23Z" user="alexnder" uid="8430074" lat="44.4351631" lon="26.0481700"/>
 <node id="11284510579" visible="true" version="1" changeset="143031722" timestamp="2023-10-23T19:03:23Z" user="alexnder" uid="8430074" lat="44.4351651" lon="26.0482625"/>
 <node id="11284510580" visible="true" version="1" changeset="143031722" timestamp="2023-10-23T19:03:23Z" user="alexnder" uid="8430074" lat="44.4351693" lon="26.0482734"/>
 <node id="11284510581" visible="true" version="1" changeset="143031722" timestamp="2023-10-23T19:03:23Z" user="alexnder" uid="8430074" lat="44.4351981" lon="26.0482746"/>
 <node id="11284510582" visible="true" version="1" changeset="143031722" timestamp="2023-10-23T19:03:23Z" user="alexnder" uid="8430074" lat="44.4352049" lon="26.0481725"/>
 <node id="11284510583" visible="true" version="1" changeset="143031722" timestamp="2023-10-23T19:03:23Z" user="alexnder" uid="8430074" lat="44.4352068" lon="26.0482602"/>
 <node id="11284510584" visible="true" version="1" changeset="143031722" timestamp="2023-10-23T19:03:23Z" user="alexnder" uid="8430074" lat="44.4351890" lon="26.0482762"/>
 <node id="11284510585" visible="true" version="1" changeset="143031722" timestamp="2023-10-23T19:03:23Z" user="alexnder" uid="8430074" lat="44.4351795" lon="26.0482774"/>
 <node id="11284510586" visible="true" version="1" changeset="143031722" timestamp="2023-10-23T19:03:23Z" user="alexnder" uid="8430074" lat="44.4351609" lon="26.0481569"/>
 <node id="11284510587" visible="true" version="1" changeset="143031722" timestamp="2023-10-23T19:03:23Z" user="alexnder" uid="8430074" lat="44.4351633" lon="26.0482745"/>
 <node id="11284510588" visible="true" version="1" changeset="143031722" timestamp="2023-10-23T19:03:23Z" user="alexnder" uid="8430074" lat="44.4347749" lon="26.0482912"/>
 <node id="11284510589" visible="true" version="1" changeset="143031722" timestamp="2023-10-23T19:03:23Z" user="alexnder" uid="8430074" lat="44.4347729" lon="26.0481741"/>
 <node id="11284510590" visible="true" version="1" changeset="143031722" timestamp="2023-10-23T19:03:23Z" user="alexnder" uid="8430074" lat="44.4347618" lon="26.0482875"/>
 <node id="11284510591" visible="true" version="1" changeset="143031722" timestamp="2023-10-23T19:03:23Z" user="alexnder" uid="8430074" lat="44.4347515" lon="26.0482777"/>
 <node id="11284510592" visible="true" version="1" changeset="143031722" timestamp="2023-10-23T19:03:23Z" user="alexnder" uid="8430074" lat="44.4347433" lon="26.0482630"/>
 <node id="11284510593" visible="true" version="1" changeset="143031722" timestamp="2023-10-23T19:03:23Z" user="alexnder" uid="8430074" lat="44.4347419" lon="26.0482032"/>
 <node id="11284510594" visible="true" version="1" changeset="143031722" timestamp="2023-10-23T19:03:23Z" user="alexnder" uid="8430074" lat="44.4347460" lon="26.0481876"/>
 <node id="11284510595" visible="true" version="1" changeset="143031722" timestamp="2023-10-23T19:03:23Z" user="alexnder" uid="8430074" lat="44.4347597" lon="26.0481757"/>
 <node id="11284510596" visible="true" version="1" changeset="143031722" timestamp="2023-10-23T19:03:23Z" user="alexnder" uid="8430074" lat="44.4347790" lon="26.0483602"/>
 <node id="11284510597" visible="true" version="1" changeset="143031722" timestamp="2023-10-23T19:03:23Z" user="alexnder" uid="8430074" lat="44.4347815" lon="26.0484940"/>
 <node id="11284510598" visible="true" version="1" changeset="143031722" timestamp="2023-10-23T19:03:23Z" user="alexnder" uid="8430074" lat="44.4347688" lon="26.0484926"/>
 <node id="11284510599" visible="true" version="1" changeset="143031722" timestamp="2023-10-23T19:03:23Z" user="alexnder" uid="8430074" lat="44.4347580" lon="26.0484827"/>
 <node id="11284510600" visible="true" version="1" changeset="143031722" timestamp="2023-10-23T19:03:23Z" user="alexnder" uid="8430074" lat="44.4347486" lon="26.0484643"/>
 <node id="11284510601" visible="true" version="1" changeset="143031722" timestamp="2023-10-23T19:03:23Z" user="alexnder" uid="8430074" lat="44.4347483" lon="26.0483967"/>
 <node id="11284510602" visible="true" version="1" changeset="143031722" timestamp="2023-10-23T19:03:23Z" user="alexnder" uid="8430074" lat="44.4347509" lon="26.0483791"/>
 <node id="11284510603" visible="true" version="1" changeset="143031722" timestamp="2023-10-23T19:03:23Z" user="alexnder" uid="8430074" lat="44.4347626" lon="26.0483648"/>
 <node id="11284510604" visible="true" version="1" changeset="143031722" timestamp="2023-10-23T19:03:23Z" user="alexnder" uid="8430074" lat="44.4353196" lon="26.0483482"/>
 <node id="11284510605" visible="true" version="1" changeset="143031722" timestamp="2023-10-23T19:03:23Z" user="alexnder" uid="8430074" lat="44.4353218" lon="26.0484730"/>
 <node id="11284510620" visible="true" version="1" changeset="143031722" timestamp="2023-10-23T19:03:23Z" user="alexnder" uid="8430074" lat="44.4353746" lon="26.0485892"/>
 <node id="11284510621" visible="true" version="1" changeset="143031722" timestamp="2023-10-23T19:03:23Z" user="alexnder" uid="8430074" lat="44.4353692" lon="26.0486098"/>
 <node id="11284510622" visible="true" version="1" changeset="143031722" timestamp="2023-10-23T19:03:23Z" user="alexnder" uid="8430074" lat="44.4353523" lon="26.0486190"/>
 <node id="11284510623" visible="true" version="1" changeset="143031722" timestamp="2023-10-23T19:03:23Z" user="alexnder" uid="8430074" lat="44.4350930" lon="26.0486320"/>
 <node id="11284510624" visible="true" version="1" changeset="143031722" timestamp="2023-10-23T19:03:23Z" user="alexnder" uid="8430074" lat="44.4350908" lon="26.0485731"/>
 <node id="11284510625" visible="true" version="1" changeset="143031722" timestamp="2023-10-23T19:03:23Z" user="alexnder" uid="8430074" lat="44.4353501" lon="26.0485632"/>
 <node id="11284510626" visible="true" version="1" changeset="143031722" timestamp="2023-10-23T19:03:23Z" user="alexnder" uid="8430074" lat="44.4353664" lon="26.0485678"/>
 <node id="11284510627" visible="true" version="1" changeset="143031722" timestamp="2023-10-23T19:03:23Z" user="alexnder" uid="8430074" lat="44.4350630" lon="26.0485743"/>
 <node id="11284510628" visible="true" version="1" changeset="143031722" timestamp="2023-10-23T19:03:23Z" user="alexnder" uid="8430074" lat="44.4350641" lon="26.0486339"/>
 <node id="11284510629" visible="true" version="1" changeset="143031722" timestamp="2023-10-23T19:03:23Z" user="alexnder" uid="8430074" lat="44.4347852" lon="26.0486492"/>
 <node id="11284510630" visible="true" version="1" changeset="143031722" timestamp="2023-10-23T19:03:23Z" user="alexnder" uid="8430074" lat="44.4347693" lon="26.0486477"/>
 <node id="11284510631" visible="true" version="1" changeset="143031722" timestamp="2023-10-23T19:03:23Z" user="alexnder" uid="8430074" lat="44.4347595" lon="26.0486408"/>
 <node id="11284510632" visible="true" version="1" changeset="143031722" timestamp="2023-10-23T19:03:23Z" user="alexnder" uid="8430074" lat="44.4347557" lon="26.0486217"/>
 <node id="11284510633" visible="true" version="1" changeset="143031722" timestamp="2023-10-23T19:03:23Z" user="alexnder" uid="8430074" lat="44.4347595" lon="26.0486026"/>
 <node id="11284510634" visible="true" version="1" changeset="143031722" timestamp="2023-10-23T19:03:23Z" user="alexnder" uid="8430074" lat="44.4347775" lon="26.0485880"/>
 <node id="11284510635" visible="true" version="1" changeset="143031722" timestamp="2023-10-23T19:03:23Z" user="alexnder" uid="8430074" lat="44.4347289" lon="26.0473811"/>
 <node id="11284510636" visible="true" version="1" changeset="143031722" timestamp="2023-10-23T19:03:23Z" user="alexnder" uid="8430074" lat="44.4347366" lon="26.0480644"/>
 <node id="11284510637" visible="true" version="1" changeset="143031722" timestamp="2023-10-23T19:03:23Z" user="alexnder" uid="8430074" lat="44.4347306" lon="26.0480774"/>
 <node id="11284510638" visible="true" version="1" changeset="143031722" timestamp="2023-10-23T19:03:23Z" user="alexnder" uid="8430074" lat="44.4346400" lon="26.0480782"/>
 <node id="11284510639" visible="true" version="1" changeset="143031722" timestamp="2023-10-23T19:03:23Z" user="alexnder" uid="8430074" lat="44.4346340" lon="26.0480682"/>
 <node id="11284510640" visible="true" version="1" changeset="143031722" timestamp="2023-10-23T19:03:23Z" user="alexnder" uid="8430074" lat="44.4346291" lon="26.0473811"/>
 <node id="11284510641" visible="true" version="1" changeset="143031722" timestamp="2023-10-23T19:03:23Z" user="alexnder" uid="8430074" lat="44.4346318" lon="26.0473673"/>
 <node id="11284510642" visible="true" version="1" changeset="143031722" timestamp="2023-10-23T19:03:23Z" user="alexnder" uid="8430074" lat="44.4346438" lon="26.0473581"/>
 <node id="11284510643" visible="true" version="1" changeset="143031722" timestamp="2023-10-23T19:03:23Z" user="alexnder" uid="8430074" lat="44.4347164" lon="26.0473551"/>
 <node id="11284510644" visible="true" version="1" changeset="143031722" timestamp="2023-10-23T19:03:23Z" user="alexnder" uid="8430074" lat="44.4347246" lon="26.0473635"/>
 <node id="11284510645" visible="true" version="1" changeset="143031722" timestamp="2023-10-23T19:03:23Z" user="alexnder" uid="8430074" lat="44.4346814" lon="26.0480924"/>
 <node id="11284510646" visible="true" version="1" changeset="143031722" timestamp="2023-10-23T19:03:23Z" user="alexnder" uid="8430074" lat="44.4346876" lon="26.0484829"/>
 <node id="11284510647" visible="true" version="1" changeset="143031722" timestamp="2023-10-23T19:03:23Z" user="alexnder" uid="8430074" lat="44.4346450" lon="26.0484843"/>
 <node id="11284510648" visible="true" version="1" changeset="143031722" timestamp="2023-10-23T19:03:23Z" user="alexnder" uid="8430074" lat="44.4346389" lon="26.0480937"/>
 <node id="11284510649" visible="true" version="2" changeset="146149435" timestamp="2024-01-11T15:55:09Z" user="Dan 9" uid="9484321" lat="44.4344872" lon="26.0486972"/>
 <node id="11284510650" visible="true" version="4" changeset="160497765" timestamp="2024-12-22T11:23:27Z" user="claudia10" uid="557496" lat="44.4346125" lon="26.0486915">
  <tag k="access" v="private"/>
  <tag k="barrier" v="gate"/>
 </node>
 <node id="11284510651" visible="true" version="1" changeset="143031722" timestamp="2023-10-23T19:03:23Z" user="alexnder" uid="8430074" lat="44.4344032" lon="26.0473105"/>
 <node id="11284510652" visible="true" version="1" changeset="143031722" timestamp="2023-10-23T19:03:23Z" user="alexnder" uid="8430074" lat="44.4344257" lon="26.0473068"/>
 <node id="11284510653" visible="true" version="1" changeset="143031722" timestamp="2023-10-23T19:03:23Z" user="alexnder" uid="8430074" lat="44.4343841" lon="26.0452215"/>
 <node id="11284510654" visible="true" version="1" changeset="143031722" timestamp="2023-10-23T19:03:23Z" user="alexnder" uid="8430074" lat="44.4343917" lon="26.0452230"/>
 <node id="11284510655" visible="true" version="1" changeset="143031722" timestamp="2023-10-23T19:03:23Z" user="alexnder" uid="8430074" lat="44.4344254" lon="26.0486015"/>
 <node id="11284510656" visible="true" version="1" changeset="143031722" timestamp="2023-10-23T19:03:23Z" user="alexnder" uid="8430074" lat="44.4344361" lon="26.0486005"/>
 <node id="11284510657" visible="true" version="1" changeset="143031722" timestamp="2023-10-23T19:03:23Z" user="alexnder" uid="8430074" lat="44.4344351" lon="26.0486882"/>
 <node id="11284510658" visible="true" version="1" changeset="143031722" timestamp="2023-10-23T19:03:23Z" user="alexnder" uid="8430074" lat="44.4344283" lon="26.0486890"/>
 <node id="11284510659" visible="true" version="1" changeset="143031722" timestamp="2023-10-23T19:03:23Z" user="alexnder" uid="8430074" lat="44.4344576" lon="26.0494136"/>
 <node id="11284510660" visible="true" version="1" changeset="143031722" timestamp="2023-10-23T19:03:23Z" user="alexnder" uid="8430074" lat="44.4344402" lon="26.0494176"/>
 <node id="11284510661" visible="true" version="2" changeset="171016304" timestamp="2025-08-26T08:58:58Z" user="betterMaps421" uid="23091446" lat="44.4344198" lon="26.0495302"/>
 <node id="11284510662" visible="true" version="2" changeset="171016304" timestamp="2025-08-26T08:58:58Z" user="betterMaps421" uid="23091446" lat="44.4344514" lon="26.0495295"/>
 <node id="11284510663" visible="true" version="2" changeset="171016304" timestamp="2025-08-26T08:58:58Z" user="betterMaps421" uid="23091446" lat="44.4344829" lon="26.0522475"/>
 <node id="11284510664" visible="true" version="2" changeset="171016304" timestamp="2025-08-26T08:58:58Z" user="betterMaps421" uid="23091446" lat="44.4344558" lon="26.0522510"/>
 <node id="11364303030" visible="true" version="2" changeset="172035488" timestamp="2025-09-16T21:27:52Z" user="Zarrink" uid="20204688" lat="44.4338933" lon="26.0041277">
  <tag k="name" v="Păcii"/>
  <tag k="network" v="Metrorex"/>
  <tag k="operator" v="Metrorex"/>
  <tag k="public_transport" v="stop_position"/>
  <tag k="railway" v="stop"/>
  <tag k="subway" v="yes"/>
 </node>
 <node id="11508798552" visible="true" version="1" changeset="146149435" timestamp="2024-01-11T15:55:09Z" user="Dan 9" uid="9484321" lat="44.4360454" lon="26.0502154"/>
 <node id="11508798553" visible="true" version="1" changeset="146149435" timestamp="2024-01-11T15:55:09Z" user="Dan 9" uid="9484321" lat="44.4360908" lon="26.0500275"/>
 <node id="11508798554" visible="true" version="2" changeset="158852590" timestamp="2024-11-07T11:51:58Z" user="Dan 9" uid="9484321" lat="44.4348851" lon="26.0499883"/>
 <node id="11508798555" visible="true" version="1" changeset="146149435" timestamp="2024-01-11T15:55:09Z" user="Dan 9" uid="9484321" lat="44.4360480" lon="26.0499763"/>
 <node id="11508798556" visible="true" version="1" changeset="146149435" timestamp="2024-01-11T15:55:09Z" user="Dan 9" uid="9484321" lat="44.4360556" lon="26.0500004"/>
 <node id="11508798557" visible="true" version="1" changeset="146149435" timestamp="2024-01-11T15:55:09Z" user="Dan 9" uid="9484321" lat="44.4350449" lon="26.0496482"/>
 <node id="11508798561" visible="true" version="1" changeset="146149435" timestamp="2024-01-11T15:55:09Z" user="Dan 9" uid="9484321" lat="44.4346491" lon="26.0525628">
  <tag k="crossing" v="uncontrolled"/>
  <tag k="crossing:markings" v="yes"/>
  <tag k="highway" v="crossing"/>
 </node>
 <node id="11508840132" visible="true" version="1" changeset="146149435" timestamp="2024-01-11T15:55:09Z" user="Dan 9" uid="9484321" lat="44.4351656" lon="26.0514749"/>
 <node id="11508840133" visible="true" version="1" changeset="146149435" timestamp="2024-01-11T15:55:09Z" user="Dan 9" uid="9484321" lat="44.4351696" lon="26.0518259"/>
 <node id="11508840134" visible="true" version="1" changeset="146149435" timestamp="2024-01-11T15:55:09Z" user="Dan 9" uid="9484321" lat="44.4346616" lon="26.0518372"/>
 <node id="11508840135" visible="true" version="1" changeset="146149435" timestamp="2024-01-11T15:55:09Z" user="Dan 9" uid="9484321" lat="44.4346461" lon="26.0504703"/>
 <node id="11508840136" visible="true" version="1" changeset="146149435" timestamp="2024-01-11T15:55:09Z" user="Dan 9" uid="9484321" lat="44.4347191" lon="26.0504687"/>
 <node id="11508840137" visible="true" version="1" changeset="146149435" timestamp="2024-01-11T15:55:09Z" user="Dan 9" uid="9484321" lat="44.4347318" lon="26.0515918"/>
 <node id="11508840138" visible="true" version="1" changeset="146149435" timestamp="2024-01-11T15:55:09Z" user="Dan 9" uid="9484321" lat="44.4348436" lon="26.0515893"/>
 <node id="11508840139" visible="true" version="1" changeset="146149435" timestamp="2024-01-11T15:55:09Z" user="Dan 9" uid="9484321" lat="44.4348424" lon="26.0514821"/>
 <node id="11508840140" visible="true" version="2" changeset="158852590" timestamp="2024-11-07T11:51:58Z" user="Dan 9" uid="9484321" lat="44.4349526" lon="26.0505441">
  <tag k="addr:city" v="București"/>
  <tag k="addr:country" v="RO"/>
  <tag k="addr:housenumber" v="6Q"/>
  <tag k="addr:postcode" v="061103"/>
  <tag k="addr:street" v="Bulevardul Iuliu Maniu"/>
  <tag k="leisure" v="fitness_centre"/>
  <tag k="name" v="Sweat"/>
  <tag k="opening_hours" v="Mo-Fr 06:00-22:00; Sa-Su 08:00-18:00"/>
  <tag k="phone" v="+40 770 642 390"/>
  <tag k="source:addr:housenumber" v="survey"/>
  <tag k="source:addr:street" v="survey"/>
  <tag k="website" v="https://sweat.ro/"/>
 </node>
 <node id="11508840141" visible="true" version="2" changeset="158852590" timestamp="2024-11-07T11:51:58Z" user="Dan 9" uid="9484321" lat="44.4349621" lon="26.0512879">
  <tag k="addr:city" v="București"/>
  <tag k="addr:country" v="RO"/>
  <tag k="addr:housenumber" v="6R"/>
  <tag k="addr:postcode" v="061103"/>
  <tag k="addr:street" v="Bulevardul Iuliu Maniu"/>
  <tag k="amenity" v="clinic"/>
  <tag k="healthcare" v="clinic"/>
  <tag k="healthcare:speciality" v="physiatry"/>
  <tag k="name" v="Kinetic"/>
  <tag k="opening_hours" v="Mo-Fr 07:00-21:00; Sa 07:00-17:00"/>
  <tag k="phone" v="+40 738 765 457"/>
  <tag k="source:addr:housenumber" v="survey"/>
  <tag k="source:addr:street" v="survey"/>
  <tag k="website" v="https://www.kinetic.ro/"/>
 </node>
 <node id="11508840142" visible="true" version="2" changeset="158852590" timestamp="2024-11-07T11:51:58Z" user="Dan 9" uid="9484321" lat="44.4349623" lon="26.0511092">
  <tag k="addr:city" v="București"/>
  <tag k="addr:country" v="RO"/>
  <tag k="addr:housenumber" v="6Q"/>
  <tag k="addr:postcode" v="061103"/>
  <tag k="addr:street" v="Bulevardul Iuliu Maniu"/>
  <tag k="amenity" v="clinic"/>
  <tag k="healthcare" v="clinic"/>
  <tag k="name" v="Regina Maria"/>
  <tag k="opening_hours" v="Mo-Fr 07:30-20:00; Sa 08:00-14:00"/>
  <tag k="source:addr:housenumber" v="survey"/>
  <tag k="source:addr:street" v="survey"/>
 </node>
 <node id="11508840146" visible="true" version="1" changeset="146149435" timestamp="2024-01-11T15:55:09Z" user="Dan 9" uid="9484321" lat="44.4346296" lon="26.0513514"/>
 <node id="11508840147" visible="true" version="1" changeset="146149435" timestamp="2024-01-11T15:55:09Z" user="Dan 9" uid="9484321" lat="44.4347515" lon="26.0514477"/>
 <node id="11508840148" visible="true" version="1" changeset="146149435" timestamp="2024-01-11T15:55:09Z" user="Dan 9" uid="9484321" lat="44.4347394" lon="26.0503828"/>
 <node id="11508840150" visible="true" version="1" changeset="146149435" timestamp="2024-01-11T15:55:09Z" user="Dan 9" uid="9484321" lat="44.4346366" lon="26.0517877"/>
 <node id="11508840154" visible="true" version="1" changeset="146149435" timestamp="2024-01-11T15:55:09Z" user="Dan 9" uid="9484321" lat="44.4348425" lon="26.0514970"/>
 <node id="11508840162" visible="true" version="1" changeset="146149435" timestamp="2024-01-11T15:55:09Z" user="Dan 9" uid="9484321" lat="44.4346338" lon="26.0516157"/>
 <node id="11508840163" visible="true" version="1" changeset="146149435" timestamp="2024-01-11T15:55:09Z" user="Dan 9" uid="9484321" lat="44.4347503" lon="26.0513466"/>
 <node id="11508840164" visible="true" version="1" changeset="146149435" timestamp="2024-01-11T15:55:09Z" user="Dan 9" uid="9484321" lat="44.4346912" lon="26.0514833"/>
 <node id="11508840165" visible="true" version="1" changeset="146149435" timestamp="2024-01-11T15:55:09Z" user="Dan 9" uid="9484321" lat="44.4347479" lon="26.0511304"/>
 <node id="11508840166" visible="true" version="1" changeset="146149435" timestamp="2024-01-11T15:55:09Z" user="Dan 9" uid="9484321" lat="44.4346268" lon="26.0511746"/>
 <node id="11508840167" visible="true" version="1" changeset="146149435" timestamp="2024-01-11T15:55:09Z" user="Dan 9" uid="9484321" lat="44.4347476" lon="26.0511029"/>
 <node id="11508840168" visible="true" version="1" changeset="146149435" timestamp="2024-01-11T15:55:09Z" user="Dan 9" uid="9484321" lat="44.4346226" lon="26.0509176"/>
 <node id="11508840169" visible="true" version="1" changeset="146149435" timestamp="2024-01-11T15:55:09Z" user="Dan 9" uid="9484321" lat="44.4346239" lon="26.0509956"/>
 <node id="11508840170" visible="true" version="1" changeset="146149435" timestamp="2024-01-11T15:55:09Z" user="Dan 9" uid="9484321" lat="44.4347242" lon="26.0509207"/>
 <node id="11508840171" visible="true" version="1" changeset="146149435" timestamp="2024-01-11T15:55:09Z" user="Dan 9" uid="9484321" lat="44.4346194" lon="26.0507146"/>
 <node id="11508840172" visible="true" version="1" changeset="146149435" timestamp="2024-01-11T15:55:09Z" user="Dan 9" uid="9484321" lat="44.4347209" lon="26.0506280"/>
 <node id="11508840174" visible="true" version="1" changeset="146149435" timestamp="2024-01-11T15:55:09Z" user="Dan 9" uid="9484321" lat="44.4347418" lon="26.0515916"/>
 <node id="11508840180" visible="true" version="4" changeset="158852590" timestamp="2024-11-07T11:51:58Z" user="Dan 9" uid="9484321" lat="44.4348560" lon="26.0511486">
  <tag k="addr:city" v="București"/>
  <tag k="addr:housenumber" v="6Q"/>
  <tag k="addr:postcode" v="061103"/>
  <tag k="addr:street" v="Bulevardul Iuliu Maniu"/>
  <tag k="brand" v="Manpower"/>
  <tag k="brand:wikidata" v="Q1472539"/>
  <tag k="name" v="Manpower"/>
  <tag k="office" v="employment_agency"/>
  <tag k="opening_hours" v="Mo-Fr 09:00-17:30"/>
  <tag k="phone" v="+40 213 121 898"/>
  <tag k="source:addr:housenumber" v="survey"/>
  <tag k="source:addr:street" v="survey"/>
  <tag k="website" v="https://www.manpower.ro/"/>
 </node>
 <node id="11508840181" visible="true" version="1" changeset="146149435" timestamp="2024-01-11T15:55:09Z" user="Dan 9" uid="9484321" lat="44.4347358" lon="26.0511099"/>
 <node id="11508840182" visible="true" version="1" changeset="146149435" timestamp="2024-01-11T15:55:09Z" user="Dan 9" uid="9484321" lat="44.4346549" lon="26.0509724"/>
 <node id="11521746888" visible="true" version="1" changeset="146320630" timestamp="2024-01-16T11:49:15Z" user="Kaduna" uid="20432991" lat="44.4338359" lon="26.0491244"/>
 <node id="11521746889" visible="true" version="1" changeset="146320630" timestamp="2024-01-16T11:49:15Z" user="Kaduna" uid="20432991" lat="44.4341533" lon="26.0491305"/>
 <node id="11521746890" visible="true" version="1" changeset="146320630" timestamp="2024-01-16T11:49:15Z" user="Kaduna" uid="20432991" lat="44.4341490" lon="26.0491117"/>
 <node id="11521746891" visible="true" version="1" changeset="146320630" timestamp="2024-01-16T11:49:15Z" user="Kaduna" uid="20432991" lat="44.4341323" lon="26.0491010"/>
 <node id="11521746892" visible="true" version="1" changeset="146320630" timestamp="2024-01-16T11:49:15Z" user="Kaduna" uid="20432991" lat="44.4338521" lon="26.0491023"/>
 <node id="11521746893" visible="true" version="1" changeset="146320630" timestamp="2024-01-16T11:49:15Z" user="Kaduna" uid="20432991" lat="44.4338416" lon="26.0491117"/>
 <node id="11521746894" visible="true" version="1" changeset="146320630" timestamp="2024-01-16T11:49:15Z" user="Kaduna" uid="20432991" lat="44.4338330" lon="26.0493954"/>
 <node id="11521746895" visible="true" version="1" changeset="146320630" timestamp="2024-01-16T11:49:15Z" user="Kaduna" uid="20432991" lat="44.4338402" lon="26.0494114"/>
 <node id="11521746896" visible="true" version="1" changeset="146320630" timestamp="2024-01-16T11:49:15Z" user="Kaduna" uid="20432991" lat="44.4338498" lon="26.0494161"/>
 <node id="11521746897" visible="true" version="1" changeset="146320630" timestamp="2024-01-16T11:49:15Z" user="Kaduna" uid="20432991" lat="44.4341552" lon="26.0494242"/>
 <node id="11521746898" visible="true" version="2" changeset="158852590" timestamp="2024-11-07T11:51:58Z" user="Dan 9" uid="9484321" lat="44.4343554" lon="26.0494448"/>
 <node id="11559873730" visible="true" version="2" changeset="149567964" timestamp="2024-04-04T12:25:23Z" user="Dan 9" uid="9484321" lat="44.4339769" lon="26.0495952">
  <tag k="addr:city" v="București"/>
  <tag k="addr:housenumber" v="7"/>
  <tag k="addr:street" v="Bulevardul Iuliu Maniu"/>
  <tag k="name" v="Bolt Market Apaca"/>
  <tag k="opening_hours" v="Mo-Fr 09:00-23:59"/>
  <tag k="operator" v="Bolt Technology OÜ"/>
  <tag k="phone" v="+40749191332"/>
  <tag k="shop" v="outpost"/>
 </node>
 <node id="11703652585" visible="true" version="1" changeset="148376444" timestamp="2024-03-08T10:11:00Z" user="Dan 9" uid="9484321" lat="44.4395012" lon="26.0017777"/>
 <node id="11703652594" visible="true" version="1" changeset="148376444" timestamp="2024-03-08T10:11:00Z" user="Dan 9" uid="9484321" lat="44.4394208" lon="26.0016887"/>
 <node id="11703652595" visible="true" version="1" changeset="148376444" timestamp="2024-03-08T10:11:00Z" user="Dan 9" uid="9484321" lat="44.4395491" lon="26.0018195"/>
 <node id="11703652619" visible="true" version="1" changeset="148376444" timestamp="2024-03-08T10:11:00Z" user="Dan 9" uid="9484321" lat="44.4393718" lon="26.0016439"/>
 <node id="11726997448" visible="true" version="1" changeset="148587537" timestamp="2024-03-13T10:55:57Z" user="Dan 9" uid="9484321" lat="44.4233484" lon="26.0655302"/>
 <node id="11730340133" visible="true" version="1" changeset="148635616" timestamp="2024-03-14T11:09:23Z" user="Dan 9" uid="9484321" lat="44.4257452" lon="26.0620707"/>
 <node id="11786828796" visible="true" version="1" changeset="149567964" timestamp="2024-04-04T12:25:23Z" user="Dan 9" uid="9484321" lat="44.4337220" lon="26.0504686"/>
 <node id="11786828797" visible="true" version="1" changeset="149567964" timestamp="2024-04-04T12:25:23Z" user="Dan 9" uid="9484321" lat="44.4337224" lon="26.0505123"/>
 <node id="11786828799" visible="true" version="1" changeset="149567964" timestamp="2024-04-04T12:25:23Z" user="Dan 9" uid="9484321" lat="44.4327903" lon="26.0507685"/>
 <node id="11786828800" visible="true" version="1" changeset="149567964" timestamp="2024-04-04T12:25:23Z" user="Dan 9" uid="9484321" lat="44.4329584" lon="26.0504849"/>
 <node id="11786828801" visible="true" version="1" changeset="149567964" timestamp="2024-04-04T12:25:23Z" user="Dan 9" uid="9484321" lat="44.4335954" lon="26.0501739"/>
 <node id="11786828802" visible="true" version="1" changeset="149567964" timestamp="2024-04-04T12:25:23Z" user="Dan 9" uid="9484321" lat="44.4336341" lon="26.0501732"/>
 <node id="11786828803" visible="true" version="1" changeset="149567964" timestamp="2024-04-04T12:25:23Z" user="Dan 9" uid="9484321" lat="44.4333505" lon="26.0510384"/>
 <node id="11786828809" visible="true" version="1" changeset="149567964" timestamp="2024-04-04T12:25:23Z" user="Dan 9" uid="9484321" lat="44.4329771" lon="26.0505110"/>
 <node id="11786828810" visible="true" version="1" changeset="149567964" timestamp="2024-04-04T12:25:23Z" user="Dan 9" uid="9484321" lat="44.4336556" lon="26.0501217"/>
 <node id="11786828811" visible="true" version="1" changeset="149567964" timestamp="2024-04-04T12:25:23Z" user="Dan 9" uid="9484321" lat="44.4336553" lon="26.0500854"/>
 <node id="11786828813" visible="true" version="1" changeset="149567964" timestamp="2024-04-04T12:25:23Z" user="Dan 9" uid="9484321" lat="44.4328514" lon="26.0506357"/>
 <node id="11786828816" visible="true" version="1" changeset="149567964" timestamp="2024-04-04T12:25:23Z" user="Dan 9" uid="9484321" lat="44.4338817" lon="26.0500758"/>
 <node id="11786828817" visible="true" version="1" changeset="149567964" timestamp="2024-04-04T12:25:23Z" user="Dan 9" uid="9484321" lat="44.4338827" lon="26.0501543"/>
 <node id="11786828818" visible="true" version="1" changeset="149567964" timestamp="2024-04-04T12:25:23Z" user="Dan 9" uid="9484321" lat="44.4337449" lon="26.0501577"/>
 <node id="11786828819" visible="true" version="1" changeset="149567964" timestamp="2024-04-04T12:25:23Z" user="Dan 9" uid="9484321" lat="44.4337439" lon="26.0500792"/>
 <node id="11786828820" visible="true" version="1" changeset="149567964" timestamp="2024-04-04T12:25:23Z" user="Dan 9" uid="9484321" lat="44.4331266" lon="26.0503002"/>
 <node id="11786828823" visible="true" version="2" changeset="158852590" timestamp="2024-11-07T11:51:58Z" user="Dan 9" uid="9484321" lat="44.4343786" lon="26.0510569"/>
 <node id="11786828824" visible="true" version="1" changeset="149567964" timestamp="2024-04-04T12:25:23Z" user="Dan 9" uid="9484321" lat="44.4342945" lon="26.0510587"/>
 <node id="11786828825" visible="true" version="1" changeset="149567964" timestamp="2024-04-04T12:25:23Z" user="Dan 9" uid="9484321" lat="44.4340026" lon="26.0510651"/>
 <node id="11786828826" visible="true" version="1" changeset="149567964" timestamp="2024-04-04T12:25:23Z" user="Dan 9" uid="9484321" lat="44.4342682" lon="26.0510593">
  <tag k="barrier" v="gate"/>
 </node>
 <node id="11786828827" visible="true" version="1" changeset="149567964" timestamp="2024-04-04T12:25:23Z" user="Dan 9" uid="9484321" lat="44.4339982" lon="26.0506516"/>
 <node id="11786828828" visible="true" version="1" changeset="149567964" timestamp="2024-04-04T12:25:23Z" user="Dan 9" uid="9484321" lat="44.4333839" lon="26.0506644"/>
 <node id="11786828829" visible="true" version="1" changeset="149567964" timestamp="2024-04-04T12:25:23Z" user="Dan 9" uid="9484321" lat="44.4333928" lon="26.0515062"/>
 <node id="11786828830" visible="true" version="1" changeset="149567964" timestamp="2024-04-04T12:25:23Z" user="Dan 9" uid="9484321" lat="44.4340071" lon="26.0514935"/>
 <node id="11786828831" visible="true" version="1" changeset="149567964" timestamp="2024-04-04T12:25:23Z" user="Dan 9" uid="9484321" lat="44.4339893" lon="26.0500771"/>
 <node id="11786828832" visible="true" version="1" changeset="149567964" timestamp="2024-04-04T12:25:23Z" user="Dan 9" uid="9484321" lat="44.4333892" lon="26.0511796"/>
 <node id="11786828846" visible="true" version="1" changeset="149567964" timestamp="2024-04-04T12:25:23Z" user="Dan 9" uid="9484321" lat="44.4342076" lon="26.0510160"/>
 <node id="11786828847" visible="true" version="1" changeset="149567964" timestamp="2024-04-04T12:25:23Z" user="Dan 9" uid="9484321" lat="44.4341404" lon="26.0510168"/>
 <node id="11786828848" visible="true" version="1" changeset="149567964" timestamp="2024-04-04T12:25:23Z" user="Dan 9" uid="9484321" lat="44.4341398" lon="26.0509099"/>
 <node id="11786828849" visible="true" version="1" changeset="149567964" timestamp="2024-04-04T12:25:23Z" user="Dan 9" uid="9484321" lat="44.4334983" lon="26.0499736"/>
 <node id="11786828850" visible="true" version="1" changeset="149567964" timestamp="2024-04-04T12:25:23Z" user="Dan 9" uid="9484321" lat="44.4323360" lon="26.0488587"/>
 <node id="11786828854" visible="true" version="1" changeset="149567964" timestamp="2024-04-04T12:25:23Z" user="Dan 9" uid="9484321" lat="44.4323318" lon="26.0486225"/>
 <node id="11786828855" visible="true" version="1" changeset="149567964" timestamp="2024-04-04T12:25:23Z" user="Dan 9" uid="9484321" lat="44.4323314" lon="26.0486098"/>
 <node id="11786828858" visible="true" version="1" changeset="149567964" timestamp="2024-04-04T12:25:23Z" user="Dan 9" uid="9484321" lat="44.4325430" lon="26.0485967"/>
 <node id="11786828864" visible="true" version="1" changeset="149567964" timestamp="2024-04-04T12:25:23Z" user="Dan 9" uid="9484321" lat="44.4330639" lon="26.0493708"/>
 <node id="11786828865" visible="true" version="1" changeset="149567964" timestamp="2024-04-04T12:25:23Z" user="Dan 9" uid="9484321" lat="44.4330645" lon="26.0493971"/>
 <node id="11786828866" visible="true" version="1" changeset="149567964" timestamp="2024-04-04T12:25:23Z" user="Dan 9" uid="9484321" lat="44.4333500" lon="26.0494069"/>
 <node id="11786828867" visible="true" version="1" changeset="149567964" timestamp="2024-04-04T12:25:23Z" user="Dan 9" uid="9484321" lat="44.4330272" lon="26.0482539"/>
 <node id="11786828868" visible="true" version="1" changeset="149567964" timestamp="2024-04-04T12:25:23Z" user="Dan 9" uid="9484321" lat="44.4334760" lon="26.0489347"/>
 <node id="11786842969" visible="true" version="1" changeset="149567964" timestamp="2024-04-04T12:25:23Z" user="Dan 9" uid="9484321" lat="44.4330314" lon="26.0484281"/>
 <node id="11786842970" visible="true" version="1" changeset="149567964" timestamp="2024-04-04T12:25:23Z" user="Dan 9" uid="9484321" lat="44.4332079" lon="26.0485105"/>
 <node id="11786842971" visible="true" version="1" changeset="149567964" timestamp="2024-04-04T12:25:23Z" user="Dan 9" uid="9484321" lat="44.4333319" lon="26.0485106"/>
 <node id="11786842972" visible="true" version="1" changeset="149567964" timestamp="2024-04-04T12:25:23Z" user="Dan 9" uid="9484321" lat="44.4333879" lon="26.0485913"/>
 <node id="11786842973" visible="true" version="1" changeset="149567964" timestamp="2024-04-04T12:25:23Z" user="Dan 9" uid="9484321" lat="44.4333956" lon="26.0488569"/>
 <node id="11786842974" visible="true" version="1" changeset="149567964" timestamp="2024-04-04T12:25:23Z" user="Dan 9" uid="9484321" lat="44.4334107" lon="26.0488940"/>
 <node id="11786842975" visible="true" version="1" changeset="149567964" timestamp="2024-04-04T12:25:23Z" user="Dan 9" uid="9484321" lat="44.4334429" lon="26.0489260"/>
 <node id="11786842976" visible="true" version="1" changeset="149567964" timestamp="2024-04-04T12:25:23Z" user="Dan 9" uid="9484321" lat="44.4333572" lon="26.0485246"/>
 <node id="11786842977" visible="true" version="1" changeset="149567964" timestamp="2024-04-04T12:25:23Z" user="Dan 9" uid="9484321" lat="44.4333798" lon="26.0485622"/>
 <node id="11786842978" visible="true" version="1" changeset="149567964" timestamp="2024-04-04T12:25:23Z" user="Dan 9" uid="9484321" lat="44.4342657" lon="26.0489110"/>
 <node id="11786842979" visible="true" version="1" changeset="149567964" timestamp="2024-04-04T12:25:23Z" user="Dan 9" uid="9484321" lat="44.4325745" lon="26.0485921"/>
 <node id="11786842980" visible="true" version="1" changeset="149567964" timestamp="2024-04-04T12:25:23Z" user="Dan 9" uid="9484321" lat="44.4336624" lon="26.0489668"/>
 <node id="11786842981" visible="true" version="1" changeset="149567964" timestamp="2024-04-04T12:25:23Z" user="Dan 9" uid="9484321" lat="44.4337373" lon="26.0489634"/>
 <node id="11786842982" visible="true" version="1" changeset="149567964" timestamp="2024-04-04T12:25:23Z" user="Dan 9" uid="9484321" lat="44.4337497" lon="26.0495211"/>
 <node id="11786842983" visible="true" version="1" changeset="149567964" timestamp="2024-04-04T12:25:23Z" user="Dan 9" uid="9484321" lat="44.4337494" lon="26.0495068"/>
 <node id="11786842984" visible="true" version="1" changeset="149567964" timestamp="2024-04-04T12:25:23Z" user="Dan 9" uid="9484321" lat="44.4335578" lon="26.0495567"/>
 <node id="11786842985" visible="true" version="1" changeset="149567964" timestamp="2024-04-04T12:25:23Z" user="Dan 9" uid="9484321" lat="44.4335429" lon="26.0496289"/>
 <node id="11786842986" visible="true" version="1" changeset="149567964" timestamp="2024-04-04T12:25:23Z" user="Dan 9" uid="9484321" lat="44.4337204" lon="26.0492310">
  <tag k="addr:city" v="București"/>
  <tag k="addr:housenumber" v="7"/>
  <tag k="addr:postcode" v="061072"/>
  <tag k="addr:street" v="Bulevardul Iuliu Maniu"/>
  <tag k="name" v="Cornerstone Technologies"/>
  <tag k="office" v="it"/>
  <tag k="opening_hours" v="Mo-Fr 09:00-18:00"/>
  <tag k="phone" v="+40 744 649 436"/>
  <tag k="website" v="https://cst.ro/"/>
 </node>
 <node id="11786842987" visible="true" version="1" changeset="149567964" timestamp="2024-04-04T12:25:23Z" user="Dan 9" uid="9484321" lat="44.4341708" lon="26.0497293"/>
 <node id="11786842988" visible="true" version="1" changeset="149567964" timestamp="2024-04-04T12:25:23Z" user="Dan 9" uid="9484321" lat="44.4342344" lon="26.0497281"/>
 <node id="11786842989" visible="true" version="1" changeset="149567964" timestamp="2024-04-04T12:25:23Z" user="Dan 9" uid="9484321" lat="44.4342362" lon="26.0499166"/>
 <node id="11786842990" visible="true" version="1" changeset="149567964" timestamp="2024-04-04T12:25:23Z" user="Dan 9" uid="9484321" lat="44.4341726" lon="26.0499178"/>
 <node id="11786842991" visible="true" version="1" changeset="149567964" timestamp="2024-04-04T12:25:23Z" user="Dan 9" uid="9484321" lat="44.4341121" lon="26.0498105">
  <tag k="addr:city" v="București"/>
  <tag k="addr:country" v="RO"/>
  <tag k="addr:housenumber" v="11"/>
  <tag k="addr:postcode" v="061072"/>
  <tag k="addr:street" v="Bulevardul Iuliu Maniu"/>
  <tag k="amenity" v="restaurant"/>
  <tag k="facebook" v="BingoChezGabi"/>
  <tag k="leisure" v="bingo_hall;pitch"/>
  <tag k="name" v="Bingo Chez Gabi"/>
  <tag k="opening_hours" v="Mo-Su 12:00-02:00"/>
  <tag k="phone" v="+40 727 211 386"/>
  <tag k="pitch" v="billiards;table_tennis"/>
  <tag k="website" v="https://biliardchezgabi.ro/"/>
 </node>
 <node id="11786842992" visible="true" version="1" changeset="149567964" timestamp="2024-04-04T12:25:23Z" user="Dan 9" uid="9484321" lat="44.4334375" lon="26.0494815"/>
 <node id="11786842993" visible="true" version="1" changeset="149567964" timestamp="2024-04-04T12:25:23Z" user="Dan 9" uid="9484321" lat="44.4333980" lon="26.0491725"/>
 <node id="11786842994" visible="true" version="1" changeset="149567964" timestamp="2024-04-04T12:25:23Z" user="Dan 9" uid="9484321" lat="44.4333784" lon="26.0491734"/>
 <node id="11786842995" visible="true" version="1" changeset="149567964" timestamp="2024-04-04T12:25:23Z" user="Dan 9" uid="9484321" lat="44.4333808" lon="26.0492754"/>
 <node id="11786842996" visible="true" version="1" changeset="149567964" timestamp="2024-04-04T12:25:23Z" user="Dan 9" uid="9484321" lat="44.4334101" lon="26.0492740"/>
 <node id="11786842997" visible="true" version="1" changeset="149567964" timestamp="2024-04-04T12:25:23Z" user="Dan 9" uid="9484321" lat="44.4334113" lon="26.0493236"/>
 <node id="11786842998" visible="true" version="1" changeset="149567964" timestamp="2024-04-04T12:25:23Z" user="Dan 9" uid="9484321" lat="44.4334689" lon="26.0495609"/>
 <node id="11786842999" visible="true" version="1" changeset="149567964" timestamp="2024-04-04T12:25:23Z" user="Dan 9" uid="9484321" lat="44.4334711" lon="26.0496524"/>
 <node id="11786843000" visible="true" version="1" changeset="149567964" timestamp="2024-04-04T12:25:23Z" user="Dan 9" uid="9484321" lat="44.4334378" lon="26.0494954"/>
 <node id="11786843001" visible="true" version="1" changeset="149567964" timestamp="2024-04-04T12:25:23Z" user="Dan 9" uid="9484321" lat="44.4334148" lon="26.0494965"/>
 <node id="11786843003" visible="true" version="1" changeset="149567964" timestamp="2024-04-04T12:25:23Z" user="Dan 9" uid="9484321" lat="44.4339226" lon="26.0463717"/>
 <node id="11786843004" visible="true" version="1" changeset="149567964" timestamp="2024-04-04T12:25:23Z" user="Dan 9" uid="9484321" lat="44.4339512" lon="26.0463268"/>
 <node id="11786843005" visible="true" version="1" changeset="149567964" timestamp="2024-04-04T12:25:23Z" user="Dan 9" uid="9484321" lat="44.4339336" lon="26.0463417"/>
 <node id="11786843006" visible="true" version="1" changeset="149567964" timestamp="2024-04-04T12:25:23Z" user="Dan 9" uid="9484321" lat="44.4339809" lon="26.0481869"/>
 <node id="11786843007" visible="true" version="1" changeset="149567964" timestamp="2024-04-04T12:25:23Z" user="Dan 9" uid="9484321" lat="44.4349675" lon="26.0453293"/>
 <node id="11786843008" visible="true" version="1" changeset="149567964" timestamp="2024-04-04T12:25:23Z" user="Dan 9" uid="9484321" lat="44.4348166" lon="26.0456818"/>
 <node id="11786843009" visible="true" version="1" changeset="149567964" timestamp="2024-04-04T12:25:23Z" user="Dan 9" uid="9484321" lat="44.4348850" lon="26.0455715"/>
 <node id="11786843010" visible="true" version="1" changeset="149567964" timestamp="2024-04-04T12:25:23Z" user="Dan 9" uid="9484321" lat="44.4348156" lon="26.0455736"/>
 <node id="11786843011" visible="true" version="1" changeset="149567964" timestamp="2024-04-04T12:25:23Z" user="Dan 9" uid="9484321" lat="44.4348189" lon="26.0459284"/>
 <node id="11868393876" visible="true" version="2" changeset="175175225" timestamp="2025-11-26T22:55:05Z" user="one_electro_dan" uid="22582172" lat="44.4315010" lon="26.0411807"/>
 <node id="11868393878" visible="true" version="1" changeset="150693863" timestamp="2024-04-30T07:53:04Z" user="Andy17" uid="25175" lat="44.4315582" lon="26.0426814"/>
 <node id="11868393881" visible="true" version="2" changeset="175175225" timestamp="2025-11-26T22:55:05Z" user="one_electro_dan" uid="22582172" lat="44.4315259" lon="26.0446846"/>
 <node id="11868420709" visible="true" version="2" changeset="186114859" timestamp="2026-07-21T13:02:26Z" user="Andy17" uid="25175" lat="44.4311426" lon="26.0380413"/>
 <node id="11878731335" visible="true" version="1" changeset="150877180" timestamp="2024-05-04T12:17:31Z" user="plut0_n" uid="21409089" lat="44.4348838" lon="26.0474347"/>
 <node id="11878731336" visible="true" version="1" changeset="150877180" timestamp="2024-05-04T12:17:31Z" user="plut0_n" uid="21409089" lat="44.4346933" lon="26.0474484"/>
 <node id="11878731337" visible="true" version="1" changeset="150877180" timestamp="2024-05-04T12:17:31Z" user="plut0_n" uid="21409089" lat="44.4347003" lon="26.0476413"/>
 <node id="11878731338" visible="true" version="1" changeset="150877180" timestamp="2024-05-04T12:17:31Z" user="plut0_n" uid="21409089" lat="44.4348909" lon="26.0476276"/>
 <node id="11878731339" visible="true" version="1" changeset="150877180" timestamp="2024-05-04T12:17:31Z" user="plut0_n" uid="21409089" lat="44.4351570" lon="26.0478745">
  <tag k="access" v="permissive"/>
  <tag k="amenity" v="bicycle_parking"/>
  <tag k="bicycle_parking" v="safe_loops"/>
  <tag k="capacity" v="5"/>
  <tag k="covered" v="no"/>
  <tag k="fee" v="no"/>
  <tag k="operator" v="Universitatea Politehnica"/>
  <tag k="operator:type" v="university"/>
 </node>
 <node id="11880920371" visible="true" version="2" changeset="165844255" timestamp="2025-05-05T12:43:29Z" user="Mateusz Konieczny - bot account" uid="3199858" lat="44.4351537" lon="26.0478320">
  <tag k="amenity" v="bench"/>
  <tag k="backrest" v="no"/>
  <tag k="colour" v="brown"/>
  <tag k="material" v="wood"/>
 </node>
 <node id="11880920372" visible="true" version="2" changeset="165844255" timestamp="2025-05-05T12:43:30Z" user="Mateusz Konieczny - bot account" uid="3199858" lat="44.4349260" lon="26.0481112">
  <tag k="amenity" v="bench"/>
  <tag k="backrest" v="no"/>
  <tag k="colour" v="brown"/>
  <tag k="material" v="wood"/>
 </node>
 <node id="11897523642" visible="true" version="6" changeset="158852590" timestamp="2024-11-07T11:51:58Z" user="Dan 9" uid="9484321" lat="44.4347591" lon="26.0498665">
  <tag k="addr:city" v="București"/>
  <tag k="addr:country" v="RO"/>
  <tag k="addr:housenumber" v="6R"/>
  <tag k="addr:postcode" v="061103"/>
  <tag k="addr:street" v="Bulevardul Iuliu Maniu"/>
  <tag k="brand" v="Penny"/>
  <tag k="brand:wikidata" v="Q284688"/>
  <tag k="brand:wikipedia" v="ro:Penny (supermarket)"/>
  <tag k="name" v="Penny"/>
  <tag k="opening_hours" v="24/7"/>
  <tag k="phone" v="0800 110 111"/>
  <tag k="self_service" v="only"/>
  <tag k="shop" v="convenience"/>
  <tag k="website" v="https://www.penny.ro/"/>
 </node>
 <node id="11998746459" visible="true" version="2" changeset="158831570" timestamp="2024-11-06T20:03:07Z" user="Dan 9" uid="9484321" lat="44.4348373" lon="26.0501190">
  <tag k="addr:city" v="București"/>
  <tag k="addr:housenumber" v="6L"/>
  <tag k="addr:postcode" v="061103"/>
  <tag k="addr:street" v="Bulevardul Iuliu Maniu"/>
  <tag k="name" v="WorkAsia.ro"/>
  <tag k="office" v="employment_agency"/>
  <tag k="opening_hours" v="Mo-Fr 09:00-18:00"/>
  <tag k="phone" v="+40743098272"/>
  <tag k="website" v="https://workasia.ro"/>
 </node>
 <node id="12037990436" visible="true" version="2" changeset="181633279" timestamp="2026-04-21T15:30:45Z" user="Dan 9" uid="9484321" lat="44.4381860" lon="26.0411742"/>
 <node id="12055001730" visible="true" version="1" changeset="153963863" timestamp="2024-07-15T09:59:24Z" user="plut0_n" uid="21409089" lat="44.4343704" lon="26.0299821"/>
 <node id="12055001752" visible="true" version="1" changeset="153963863" timestamp="2024-07-15T09:59:24Z" user="plut0_n" uid="21409089" lat="44.4343786" lon="26.0305960"/>
 <node id="12158166938" visible="true" version="1" changeset="156239986" timestamp="2024-09-05T16:42:38Z" user="Dan 9" uid="9484321" lat="44.4280908" lon="26.0479554"/>
 <node id="12178879082" visible="true" version="2" changeset="157392452" timestamp="2024-10-02T19:15:51Z" user="Buraddo" uid="2287200" lat="44.4350480" lon="26.0478060">
  <tag k="bunker_type" v="bomb_shelter"/>
  <tag k="description" v="Splaiul Independentei 313 Universitatea Politehnica Buc.Cladire Precis, Sector 6, BIF"/>
  <tag k="military" v="bunker"/>
  <tag k="ref" v="4519"/>
  <tag k="source" v="https://igsu.ro/Resources/Documente_Generale/Situatia_adaposturilor_de_protectie_civila.pdf"/>
 </node>
 <node id="12182532647" visible="true" version="2" changeset="156741667" timestamp="2024-09-17T17:58:36Z" user="Dan 9" uid="9484321" lat="44.4278090" lon="26.0358836">
  <tag k="barrier" v="lift_gate"/>
 </node>
 <node id="12211911027" visible="true" version="1" changeset="157303059" timestamp="2024-09-30T15:21:23Z" user="Dan 9" uid="9484321" lat="44.4342728" lon="26.0494365"/>
 <node id="12319355967" visible="true" version="3" changeset="180510347" timestamp="2026-03-27T16:06:32Z" user="razvan-v-poli" uid="23971167" lat="44.4348188" lon="26.0512994">
  <tag k="addr:city" v="București"/>
  <tag k="addr:housenumber" v="6Q"/>
  <tag k="addr:postcode" v="061103"/>
  <tag k="addr:street" v="Bulevardul Iuliu Maniu"/>
  <tag k="amenity" v="cafe"/>
  <tag k="cuisine" v="coffee_shop"/>
  <tag k="name" v="Tucano Coffee"/>
  <tag k="opening_hours" v="Mo-Fr 08:00-20:00; Sa 09:00-18:00"/>
  <tag k="outdoor_seating" v="no"/>
  <tag k="source:addr:housenumber" v="survey"/>
  <tag k="source:addr:street" v="survey"/>
 </node>
 <node id="12319355968" visible="true" version="2" changeset="180510347" timestamp="2026-03-27T16:06:32Z" user="razvan-v-poli" uid="23971167" lat="44.4347310" lon="26.0501184">
  <tag k="addr:city" v="București"/>
  <tag k="addr:country" v="RO"/>
  <tag k="addr:housenumber" v="6R"/>
  <tag k="addr:postcode" v="061103"/>
  <tag k="addr:street" v="Bulevardul Iuliu Maniu"/>
  <tag k="name" v="Bacania La Stan"/>
  <tag k="opening_hours" v="Mo-Su 10:00-22:00"/>
  <tag k="phone" v="+40 770 501 604"/>
  <tag k="shop" v="deli"/>
  <tag k="source:addr:housenumber" v="survey"/>
  <tag k="source:addr:street" v="survey"/>
  <tag k="website" v="https://bacanialastan.ro/"/>
 </node>
 <node id="12319475416" visible="true" version="1" changeset="158834301" timestamp="2024-11-06T21:30:50Z" user="Dan 9" uid="9484321" lat="44.4355295" lon="26.0489359">
  <tag k="access" v="private"/>
  <tag k="addr:flats" v="124-245"/>
  <tag k="entrance" v="staircase"/>
  <tag k="ref" v="Sc. 2"/>
 </node>
 <node id="12319475417" visible="true" version="1" changeset="158834301" timestamp="2024-11-06T21:30:50Z" user="Dan 9" uid="9484321" lat="44.4351500" lon="26.0489468">
  <tag k="access" v="private"/>
  <tag k="addr:flats" v="1-124"/>
  <tag k="entrance" v="staircase"/>
  <tag k="ref" v="Sc. 1"/>
 </node>
 <node id="12320402686" visible="true" version="1" changeset="158852590" timestamp="2024-11-07T11:51:58Z" user="Dan 9" uid="9484321" lat="44.4350231" lon="26.0490149">
  <tag k="addr:city" v="București"/>
  <tag k="addr:country" v="RO"/>
  <tag k="addr:housenumber" v="6E"/>
  <tag k="addr:postcode" v="061103"/>
  <tag k="addr:street" v="Bulevardul Iuliu Maniu"/>
  <tag k="amenity" v="doctors"/>
  <tag k="healthcare" v="doctor"/>
  <tag k="healthcare:speciality" v="ophthalmology"/>
  <tag k="name" v="Ofta"/>
  <tag k="phone" v="+40 770 358 242"/>
  <tag k="source:addr:housenumber" v="survey"/>
  <tag k="source:addr:street" v="survey"/>
  <tag k="website" v="https://otofta.ro/"/>
 </node>
 <node id="12321293234" visible="true" version="1" changeset="158870337" timestamp="2024-11-07T20:08:11Z" user="Dan 9" uid="9484321" lat="44.4345858" lon="26.0486923"/>
 <node id="12323345879" visible="true" version="2" changeset="180937033" timestamp="2026-04-06T10:26:12Z" user="razvan-v-poli" uid="23971167" lat="44.4346104" lon="26.0485493">
  <tag k="barrier" v="gate"/>
  <tag k="foot" v="permit"/>
  <tag k="maxwidth:physical" v="1"/>
  <tag k="source:maxwidth:physical" v="ARCore"/>
 </node>
 <node id="12326806426" visible="true" version="1" changeset="158934733" timestamp="2024-11-09T13:45:21Z" user="Dan 9" uid="9484321" lat="44.4339445" lon="26.0100822"/>
 <node id="12826015853" visible="true" version="1" changeset="166076562" timestamp="2025-05-10T16:13:56Z" user="bubolex" uid="1497516" lat="44.4337392" lon="26.0499772">
  <tag k="barrier" v="lift_gate"/>
 </node>
 <node id="12826325828" visible="true" version="1" changeset="166081004" timestamp="2025-05-10T18:12:12Z" user="bubolex" uid="1497516" lat="44.4314367" lon="26.0392402">
  <tag k="barrier" v="lift_gate"/>
 </node>
 <node id="12998007540" visible="true" version="2" changeset="169898676" timestamp="2025-08-03T11:01:06Z" user="betterMaps421" uid="23091446" lat="44.4400624" lon="26.0545428"/>
 <node id="13096191119" visible="true" version="1" changeset="170970847" timestamp="2025-08-25T11:21:54Z" user="betterMaps421" uid="23091446" lat="44.4401833" lon="26.0544168"/>
 <node id="13097928234" visible="true" version="1" changeset="171016304" timestamp="2025-08-26T08:58:58Z" user="betterMaps421" uid="23091446" lat="44.4344297" lon="26.0495300"/>
 <node id="13097928235" visible="true" version="1" changeset="171016304" timestamp="2025-08-26T08:58:58Z" user="betterMaps421" uid="23091446" lat="44.4344665" lon="26.0522496"/>
 <node id="13336318351" visible="true" version="1" changeset="175201967" timestamp="2025-11-27T15:01:42Z" user="Vikol" uid="6526146" lat="44.4440451" lon="26.0537636">
  <tag k="entrance" v="main"/>
 </node>
 <node id="13391410481" visible="true" version="1" changeset="176194441" timestamp="2025-12-20T19:50:02Z" user="rarad74" uid="128281" lat="44.4369945" lon="26.0449697"/>
 <node id="13735587926" visible="true" version="1" changeset="181429933" timestamp="2026-04-16T19:56:46Z" user="darksky995" uid="23630558" lat="44.4369660" lon="26.0447869"/>
 <node id="13735587929" visible="true" version="1" changeset="181429933" timestamp="2026-04-16T19:56:46Z" user="darksky995" uid="23630558" lat="44.4368377" lon="26.0448512"/>
 <node id="13735587930" visible="true" version="1" changeset="181429933" timestamp="2026-04-16T19:56:46Z" user="darksky995" uid="23630558" lat="44.4346364" lon="26.0449444"/>
 <node id="13735587935" visible="true" version="1" changeset="181429933" timestamp="2026-04-16T19:56:46Z" user="darksky995" uid="23630558" lat="44.4369423" lon="26.0448189"/>
 <node id="13735587936" visible="true" version="1" changeset="181429933" timestamp="2026-04-16T19:56:46Z" user="darksky995" uid="23630558" lat="44.4355674" lon="26.0449050"/>
 <node id="13738517340" visible="true" version="1" changeset="181477148" timestamp="2026-04-17T21:22:49Z" user="darksky995" uid="23630558" lat="44.4370473" lon="26.0446776"/>
 <node id="13738517342" visible="true" version="1" changeset="181477148" timestamp="2026-04-17T21:22:49Z" user="darksky995" uid="23630558" lat="44.4369160" lon="26.0448479"/>
 <node id="13746449723" visible="true" version="1" changeset="181599045" timestamp="2026-04-20T19:39:00Z" user="Dan 9" uid="9484321" lat="44.4348463" lon="26.0499774">
  <tag k="addr:city" v="București"/>
  <tag k="addr:country" v="RO"/>
  <tag k="addr:housenumber" v="6R"/>
  <tag k="addr:postcode" v="061103"/>
  <tag k="addr:street" v="Bulevardul Iuliu Maniu"/>
  <tag k="name" v="Etem"/>
  <tag k="office" v="company"/>
  <tag k="opening_hours" v="Mo-Fr 08:30-17:00"/>
  <tag k="phone" v="+40 762 232 974"/>
  <tag k="source:addr:housenumber" v="survey"/>
  <tag k="source:addr:street" v="survey"/>
  <tag k="website" v="https://etem.com/ro"/>
 </node>
 <node id="13746449724" visible="true" version="1" changeset="181599045" timestamp="2026-04-20T19:39:00Z" user="Dan 9" uid="9484321" lat="44.4337795" lon="26.0467558"/>
 <node id="13746449725" visible="true" version="1" changeset="181599045" timestamp="2026-04-20T19:39:00Z" user="Dan 9" uid="9484321" lat="44.4331561" lon="26.0467818"/>
 <node id="13746449726" visible="true" version="1" changeset="181599045" timestamp="2026-04-20T19:39:00Z" user="Dan 9" uid="9484321" lat="44.4331528" lon="26.0466241"/>
 <node id="13746449727" visible="true" version="1" changeset="181599045" timestamp="2026-04-20T19:39:00Z" user="Dan 9" uid="9484321" lat="44.4336497" lon="26.0466034"/>
 <node id="13746449728" visible="true" version="1" changeset="181599045" timestamp="2026-04-20T19:39:00Z" user="Dan 9" uid="9484321" lat="44.4336507" lon="26.0466485"/>
 <node id="13746449729" visible="true" version="1" changeset="181599045" timestamp="2026-04-20T19:39:00Z" user="Dan 9" uid="9484321" lat="44.4337771" lon="26.0466432"/>
 <node id="13746449730" visible="true" version="1" changeset="181599045" timestamp="2026-04-20T19:39:00Z" user="Dan 9" uid="9484321" lat="44.4336526" lon="26.0467611"/>
 <node id="13749487704" visible="true" version="1" changeset="181633279" timestamp="2026-04-21T15:30:45Z" user="Dan 9" uid="9484321" lat="44.4392820" lon="26.0379483"/>
 <node id="13749487705" visible="true" version="1" changeset="181633279" timestamp="2026-04-21T15:30:45Z" user="Dan 9" uid="9484321" lat="44.4392404" lon="26.0380614"/>
 <node id="13758035932" visible="true" version="1" changeset="181751213" timestamp="2026-04-24T07:47:13Z" user="darksky995" uid="23630558" lat="44.4346389" lon="26.0449443"/>
 <node id="13758035933" visible="true" version="1" changeset="181751213" timestamp="2026-04-24T07:47:13Z" user="darksky995" uid="23630558" lat="44.4369080" lon="26.0448482"/>
 <node id="13758035934" visible="true" version="1" changeset="181751213" timestamp="2026-04-24T07:47:13Z" user="darksky995" uid="23630558" lat="44.4369282" lon="26.0448378"/>
 <node id="13758035935" visible="true" version="1" changeset="181751213" timestamp="2026-04-24T07:47:13Z" user="darksky995" uid="23630558" lat="44.4370647" lon="26.0446541"/>
 <node id="13758035936" visible="true" version="1" changeset="181751213" timestamp="2026-04-24T07:47:13Z" user="darksky995" uid="23630558" lat="44.4370921" lon="26.0445973"/>
 <node id="13758035937" visible="true" version="1" changeset="181751213" timestamp="2026-04-24T07:47:13Z" user="darksky995" uid="23630558" lat="44.4375222" lon="26.0424584"/>
 <node id="13758035939" visible="true" version="1" changeset="181751213" timestamp="2026-04-24T07:47:13Z" user="darksky995" uid="23630558" lat="44.4375904" lon="26.0422378"/>
 <node id="13758035940" visible="true" version="1" changeset="181751213" timestamp="2026-04-24T07:47:13Z" user="darksky995" uid="23630558" lat="44.4372649" lon="26.0436255"/>
 <node id="13758035941" visible="true" version="1" changeset="181751213" timestamp="2026-04-24T07:47:13Z" user="darksky995" uid="23630558" lat="44.4371722" lon="26.0441466"/>
 <node id="13758035942" visible="true" version="1" changeset="181751213" timestamp="2026-04-24T07:47:13Z" user="darksky995" uid="23630558" lat="44.4369872" lon="26.0447584"/>
 <node id="13761554473" visible="true" version="1" changeset="181820840" timestamp="2026-04-25T19:33:26Z" user="one_electro_dan" uid="22582172" lat="44.4347739" lon="26.0482325"/>
 <node id="13761554474" visible="true" version="1" changeset="181820840" timestamp="2026-04-25T19:33:26Z" user="one_electro_dan" uid="22582172" lat="44.4353220" lon="26.0482104"/>
 <node id="13761554475" visible="true" version="1" changeset="181820840" timestamp="2026-04-25T19:33:26Z" user="one_electro_dan" uid="22582172" lat="44.4353212" lon="26.0484130"/>
 <node id="13761554476" visible="true" version="1" changeset="181820840" timestamp="2026-04-25T19:33:26Z" user="one_electro_dan" uid="22582172" lat="44.4352068" lon="26.0482136"/>
 <node id="13761554477" visible="true" version="1" changeset="181820840" timestamp="2026-04-25T19:33:26Z" user="one_electro_dan" uid="22582172" lat="44.4351617" lon="26.0482196"/>
 <node id="13761554478" visible="true" version="1" changeset="181820840" timestamp="2026-04-25T19:33:26Z" user="one_electro_dan" uid="22582172" lat="44.4347802" lon="26.0484240"/>
 <node id="14129377510" visible="true" version="1" changeset="188108986" timestamp="2026-08-27T17:24:10Z" user="Dan 9" uid="9484321" lat="44.4342321" lon="26.0483207"/>
 <node id="14129377511" visible="true" version="1" changeset="188108986" timestamp="2026-08-27T17:24:10Z" user="Dan 9" uid="9484321" lat="44.4334699" lon="26.0484571"/>
 <node id="14129377512" visible="true" version="1" changeset="188108986" timestamp="2026-08-27T17:24:10Z" user="Dan 9" uid="9484321" lat="44.4334948" lon="26.0484847"/>
 <node id="14129377513" visible="true" version="1" changeset="188108986" timestamp="2026-08-27T17:24:10Z" user="Dan 9" uid="9484321" lat="44.4335278" lon="26.0485073"/>
 <node id="14129377514" visible="true" version="1" changeset="188108986" timestamp="2026-08-27T17:24:10Z" user="Dan 9" uid="9484321" lat="44.4338181" lon="26.0486457"/>
 <node id="14129377515" visible="true" version="1" changeset="188108986" timestamp="2026-08-27T17:24:10Z" user="Dan 9" uid="9484321" lat="44.4342364" lon="26.0487217"/>
 <node id="14129377516" visible="true" version="1" changeset="188108986" timestamp="2026-08-27T17:24:10Z" user="Dan 9" uid="9484321" lat="44.4341902" lon="26.0483844"/>
 <node id="14129377517" visible="true" version="1" changeset="188108986" timestamp="2026-08-27T17:24:10Z" user="Dan 9" uid="9484321" lat="44.4341626" lon="26.0486733"/>
 <node id="14129377518" visible="true" version="1" changeset="188108986" timestamp="2026-08-27T17:24:10Z" user="Dan 9" uid="9484321" lat="44.4338685" lon="26.0486183"/>
 <node id="14129377519" visible="true" version="1" changeset="188108986" timestamp="2026-08-27T17:24:10Z" user="Dan 9" uid="9484321" lat="44.4337937" lon="26.0485291"/>
 <node id="14129377520" visible="true" version="1" changeset="188108986" timestamp="2026-08-27T17:24:10Z" user="Dan 9" uid="9484321" lat="44.4338028" lon="26.0483935"/>
 <node id="14129377521" visible="true" version="1" changeset="188108986" timestamp="2026-08-27T17:24:10Z" user="Dan 9" uid="9484321" lat="44.4338688" lon="26.0484023"/>
 <node id="14129377522" visible="true" version="1" changeset="188108986" timestamp="2026-08-27T17:24:10Z" user="Dan 9" uid="9484321" lat="44.4340033" lon="26.0483494"/>
 <way id="23608372" visible="true" version="20" changeset="177136673" timestamp="2026-01-12T12:46:38Z" user="dblnz" uid="18332913">
  <nd ref="11283965445"/>
  <nd ref="6351366388"/>
  <nd ref="13391410481"/>
  <nd ref="255689152"/>
  <nd ref="255689212"/>
  <nd ref="255689174"/>
  <nd ref="288300358"/>
  <nd ref="255689153"/>
  <nd ref="1341209731"/>
  <nd ref="8850944071"/>
  <nd ref="1341209740"/>
  <nd ref="255689154"/>
  <tag k="access" v="private"/>
  <tag k="highway" v="service"/>
  <tag k="maxspeed" v="20"/>
  <tag k="motorcar" v="yes"/>
  <tag k="motor_vehicle" v="yes"/>
  <tag k="surface" v="asphalt"/>
 </way>
 <way id="23608374" visible="true" version="12" changeset="85506594" timestamp="2020-05-20T15:05:38Z" user="Nodestrawaymus" uid="8899783">
  <nd ref="1341209731"/>
  <nd ref="255689176"/>
  <nd ref="288300445"/>
  <nd ref="255689209"/>
  <nd ref="255689174"/>
  <tag k="access" v="private"/>
  <tag k="highway" v="service"/>
  <tag k="maxspeed" v="20"/>
  <tag k="motorcar" v="yes"/>
  <tag k="motor_vehicle" v="yes"/>
  <tag k="surface" v="asphalt"/>
 </way>
 <way id="23608402" visible="true" version="55" changeset="181751213" timestamp="2026-04-24T07:47:13Z" user="darksky995" uid="23630558">
  <nd ref="255689293"/>
  <nd ref="7600418894"/>
  <nd ref="7600432316"/>
  <nd ref="255689294"/>
  <nd ref="7600479679"/>
  <nd ref="7602863478"/>
  <nd ref="7602863476"/>
  <nd ref="255689295"/>
  <nd ref="12998007540"/>
  <nd ref="9384325407"/>
  <nd ref="13096191119"/>
  <nd ref="6302624283"/>
  <nd ref="255689296"/>
  <nd ref="2100255493"/>
  <nd ref="2100255497"/>
  <nd ref="255689297"/>
  <nd ref="13336318351"/>
  <nd ref="567941487"/>
  <nd ref="255689299"/>
  <nd ref="5536577117"/>
  <nd ref="255689300"/>
  <nd ref="255689301"/>
  <nd ref="255689302"/>
  <nd ref="255689303"/>
  <nd ref="11283281245"/>
  <nd ref="11283281246"/>
  <nd ref="11283281243"/>
  <nd ref="11283281244"/>
  <nd ref="255689304"/>
  <nd ref="2393445820"/>
  <nd ref="2145392017"/>
  <nd ref="6551176082"/>
  <nd ref="6551176083"/>
  <nd ref="2145392016"/>
  <nd ref="6551176081"/>
  <nd ref="6551176080"/>
  <nd ref="6551176079"/>
  <nd ref="2145392015"/>
  <nd ref="6551198846"/>
  <nd ref="6551198844"/>
  <nd ref="6551198845"/>
  <nd ref="6551198847"/>
  <nd ref="255689305"/>
  <nd ref="6551198848"/>
  <nd ref="6551198849"/>
  <nd ref="2463152871"/>
  <nd ref="2361474675"/>
  <nd ref="2361474676"/>
  <nd ref="6551176063"/>
  <nd ref="6551176068"/>
  <nd ref="6551176069"/>
  <nd ref="6551176070"/>
  <nd ref="6551176071"/>
  <nd ref="6551176073"/>
  <nd ref="6551176077"/>
  <nd ref="12037990436"/>
  <nd ref="6551176074"/>
  <nd ref="13758035939"/>
  <nd ref="6551176075"/>
  <nd ref="13758035937"/>
  <nd ref="255689306"/>
  <nd ref="13758035940"/>
  <nd ref="13758035941"/>
  <nd ref="13758035936"/>
  <nd ref="255689307"/>
  <nd ref="13758035935"/>
  <nd ref="13738517340"/>
  <nd ref="13758035942"/>
  <nd ref="13735587926"/>
  <nd ref="13735587935"/>
  <nd ref="13758035934"/>
  <nd ref="255689308"/>
  <nd ref="13738517342"/>
  <nd ref="13758035933"/>
  <nd ref="13735587929"/>
  <nd ref="13735587936"/>
  <nd ref="13758035932"/>
  <nd ref="13735587930"/>
  <nd ref="255689309"/>
  <nd ref="8850944071"/>
  <nd ref="2818209409"/>
  <nd ref="12323345879"/>
  <nd ref="11284510650"/>
  <nd ref="255689310"/>
  <nd ref="255689311"/>
  <nd ref="7204220582"/>
  <nd ref="6329373353"/>
  <nd ref="255689312"/>
  <nd ref="6329376064"/>
  <nd ref="11508798553"/>
  <nd ref="255689313"/>
  <nd ref="2818484012"/>
  <nd ref="6329204707"/>
  <nd ref="2818484013"/>
  <nd ref="5878712058"/>
  <nd ref="6568384444"/>
  <nd ref="7602917517"/>
  <nd ref="255689314"/>
  <nd ref="7602917516"/>
  <nd ref="7602917518"/>
  <nd ref="302971173"/>
  <nd ref="2818578048"/>
  <nd ref="302971174"/>
  <nd ref="255689293"/>
  <tag k="addr:city" v="București"/>
  <tag k="addr:housenumber" v="313"/>
  <tag k="addr:postcode" v="060042"/>
  <tag k="addr:street" v="Splaiul Independenței"/>
  <tag k="amenity" v="university"/>
  <tag k="education" v="university"/>
  <tag k="heritage" v="2"/>
  <tag k="heritage:operator" v="lmi"/>
  <tag k="name" v="Universitatea Politehnica din București"/>
  <tag k="name:de" v="Polytechnische Universität Bukarest"/>
  <tag k="name:en" v="Politehnica University of Bucharest"/>
  <tag k="ref:RO:lmi" v="B-I-s-B-17888"/>
  <tag k="ref:RO:ran" v="179132.31"/>
  <tag k="website" v="https://www.pub.ro/"/>
  <tag k="wikidata" v="Q1465448"/>
  <tag k="wikipedia" v="en:Politehnica University of Bucharest"/>
 </way>
 <way id="32133401" visible="true" version="62" changeset="158852590" timestamp="2024-11-07T11:51:58Z" user="Dan 9" uid="9484321">
  <nd ref="2290455880"/>
  <nd ref="11521746898"/>
  <nd ref="6294573555"/>
  <nd ref="1725252743"/>
  <nd ref="6525526792"/>
  <tag k="busway" v="lane"/>
  <tag k="highway" v="primary"/>
  <tag k="int_ref" v="E 81"/>
  <tag k="lanes" v="3"/>
  <tag k="lit" v="yes"/>
  <tag k="maxspeed" v="30"/>
  <tag k="maxspeed:hgv" v="30"/>
  <tag k="name" v="Bulevardul Iuliu Maniu"/>
  <tag k="oneway" v="yes"/>
  <tag k="sidewalk" v="separate"/>
  <tag k="smoothness" v="excellent"/>
  <tag k="surface" v="asphalt"/>
  <tag k="surface_survey" v="2020AUG_"/>
  <tag k="trolley_wire" v="yes"/>
 </way>
 <way id="119334288" visible="true" version="11" changeset="149567964" timestamp="2024-04-04T12:25:23Z" user="Dan 9" uid="9484321">
  <nd ref="2453034160"/>
  <nd ref="1341209746"/>
  <nd ref="11786843004"/>
  <nd ref="11786843005"/>
  <nd ref="11786843003"/>
  <nd ref="2534603295"/>
  <nd ref="2534603296"/>
  <nd ref="10769145383"/>
  <nd ref="11786843006"/>
  <nd ref="10769145382"/>
  <nd ref="1341209743"/>
  <nd ref="2534603298"/>
  <tag k="highway" v="service"/>
  <tag k="maxspeed" v="30"/>
  <tag k="oneway" v="yes"/>
  <tag k="service" v="alley"/>
  <tag k="surface" v="asphalt"/>
 </way>
 <way id="152245242" visible="true" version="7" changeset="149567964" timestamp="2024-04-04T12:25:23Z" user="Dan 9" uid="9484321">
  <nd ref="1650719350"/>
  <nd ref="1650719422"/>
  <nd ref="1650719344"/>
  <nd ref="1650719398"/>
  <nd ref="1650719350"/>
  <tag k="addr:city" v="București"/>
  <tag k="addr:country" v="RO"/>
  <tag k="addr:housenumber" v="11A"/>
  <tag k="addr:postcode" v="061073"/>
  <tag k="addr:street" v="Bulevardul Iuliu Maniu"/>
  <tag k="building" v="apartments"/>
  <tag k="building:flats" v="80"/>
  <tag k="building:levels" v="5"/>
  <tag k="height" v="15"/>
  <tag k="name" v="Bl. D3"/>
  <tag k="start_date" v="1972"/>
 </way>
 <way id="152245869" visible="true" version="5" changeset="149567964" timestamp="2024-04-04T12:25:23Z" user="Dan 9" uid="9484321">
  <nd ref="1650722612"/>
  <nd ref="1650722614"/>
  <nd ref="1650722615"/>
  <nd ref="10769145401"/>
  <nd ref="1650722612"/>
  <tag k="addr:city" v="București"/>
  <tag k="addr:country" v="RO"/>
  <tag k="addr:housenumber" v="11B"/>
  <tag k="addr:postcode" v="061073"/>
  <tag k="addr:street" v="Bulevardul Iuliu Maniu"/>
  <tag k="building" v="apartments"/>
  <tag k="building:flats" v="60"/>
  <tag k="building:levels" v="5"/>
  <tag k="height" v="15"/>
  <tag k="name" v="Bl. D4"/>
 </way>
 <way id="198528544" visible="true" version="31" changeset="174347995" timestamp="2025-11-07T18:59:56Z" user="SGFRO" uid="20320807">
  <nd ref="2534596685"/>
  <nd ref="9208585671"/>
  <nd ref="10765838516"/>
  <nd ref="10765838518"/>
  <nd ref="6294573554"/>
  <nd ref="10765838532"/>
  <nd ref="11284510649"/>
  <nd ref="2534596679"/>
  <nd ref="619899931"/>
  <nd ref="255689154"/>
  <nd ref="1341209719"/>
  <nd ref="581780"/>
  <tag k="highway" v="primary"/>
  <tag k="int_ref" v="E 81"/>
  <tag k="lanes" v="3"/>
  <tag k="lit" v="yes"/>
  <tag k="maxspeed" v="50"/>
  <tag k="maxspeed:hgv" v="40"/>
  <tag k="name" v="Bulevardul Iuliu Maniu"/>
  <tag k="oneway" v="yes"/>
  <tag k="sidewalk" v="right"/>
  <tag k="smoothness" v="excellent"/>
  <tag k="surface" v="asphalt"/>
  <tag k="surface_survey" v="2020AUG_"/>
  <tag k="trolley_wire" v="yes"/>
 </way>
 <way id="219916424" visible="true" version="9" changeset="181633279" timestamp="2026-04-21T15:30:45Z" user="Dan 9" uid="9484321">
  <nd ref="2290455859"/>
  <nd ref="8850944091"/>
  <nd ref="5799421740"/>
  <nd ref="2290455895"/>
  <nd ref="2290455850"/>
  <tag k="access" v="private"/>
  <tag k="highway" v="service"/>
  <tag k="service" v="driveway"/>
 </way>
 <way id="219916429" visible="true" version="7" changeset="188108986" timestamp="2026-08-27T17:24:10Z" user="Dan 9" uid="9484321">
  <nd ref="2290455851"/>
  <nd ref="14129377513"/>
  <nd ref="14129377512"/>
  <nd ref="14129377511"/>
  <nd ref="2290455849"/>
  <nd ref="10769145389"/>
  <nd ref="10769145394"/>
  <nd ref="10769145396"/>
  <nd ref="10769145393"/>
  <nd ref="10769145392"/>
  <nd ref="10769145395"/>
  <nd ref="10769145391"/>
  <nd ref="10769145390"/>
  <nd ref="2290455890"/>
  <tag k="access" v="private"/>
  <tag k="highway" v="service"/>
  <tag k="service" v="driveway"/>
 </way>
 <way id="246408923" visible="true" version="5" changeset="149567964" timestamp="2024-04-04T12:25:23Z" user="Dan 9" uid="9484321">
  <nd ref="8761622141"/>
  <nd ref="8761622143"/>
  <nd ref="8761622142"/>
  <nd ref="2534598074"/>
  <nd ref="2534598072"/>
  <nd ref="8761622148"/>
  <nd ref="8761622147"/>
  <nd ref="2534598089"/>
  <nd ref="2534598088"/>
  <nd ref="8761622140"/>
  <nd ref="8761622139"/>
  <nd ref="2534598073"/>
  <nd ref="2534598071"/>
  <nd ref="8761622146"/>
  <nd ref="8761622145"/>
  <nd ref="8761622144"/>
  <nd ref="8761622141"/>
  <tag k="building" v="military"/>
  <tag k="building:levels" v="4"/>
  <tag k="military" v="office"/>
 </way>
 <way id="246409649" visible="true" version="5" changeset="149567964" timestamp="2024-04-04T12:25:23Z" user="Dan 9" uid="9484321">
  <nd ref="2534603295"/>
  <nd ref="8838906459"/>
  <nd ref="2534603273"/>
  <tag k="highway" v="service"/>
  <tag k="lit" v="yes"/>
  <tag k="maxspeed" v="30"/>
  <tag k="parking:left" v="yes"/>
  <tag k="parking:left:access" v="private"/>
  <tag k="parking:left:orientation" v="perpendicular"/>
  <tag k="parking:right" v="no"/>
  <tag k="service" v="alley"/>
  <tag k="sidewalk:left" v="no"/>
  <tag k="sidewalk:right" v="yes"/>
  <tag k="sidewalk:right:surface" v="asphalt"/>
  <tag k="surface" v="asphalt"/>
 </way>
 <way id="246409978" visible="true" version="2" changeset="134264255" timestamp="2023-03-29T13:47:17Z" user="Dan 9" uid="9484321">
  <nd ref="2534605319"/>
  <nd ref="2534605333"/>
  <nd ref="2534605332"/>
  <nd ref="2534605346"/>
  <nd ref="2534605347"/>
  <nd ref="2534605357"/>
  <nd ref="2534605356"/>
  <nd ref="2534605344"/>
  <nd ref="2534605345"/>
  <nd ref="2534605331"/>
  <nd ref="2534605330"/>
  <nd ref="2534605318"/>
  <nd ref="2534605319"/>
  <tag k="building" v="yes"/>
  <tag k="military" v="office"/>
 </way>
 <way id="246409980" visible="true" version="5" changeset="137032961" timestamp="2023-06-06T21:56:50Z" user="watmildon" uid="11303102">
  <nd ref="2534605334"/>
  <nd ref="2534605352"/>
  <nd ref="2534605353"/>
  <nd ref="2534605350"/>
  <nd ref="2534605351"/>
  <nd ref="2534605354"/>
  <nd ref="2534605355"/>
  <nd ref="2534605341"/>
  <nd ref="2534605340"/>
  <nd ref="2534605343"/>
  <nd ref="2534605342"/>
  <nd ref="2534605335"/>
  <nd ref="2534605334"/>
  <tag k="addr:city" v="București"/>
  <tag k="addr:housenumber" v="13"/>
  <tag k="addr:postcode" v="060802"/>
  <tag k="addr:street" v="Bulevardul Iuliu Maniu"/>
  <tag k="building" v="military"/>
  <tag k="building:levels" v="2"/>
  <tag k="military" v="office"/>
  <tag k="source:addr:housenumber" v="survey"/>
  <tag k="source:addr:street" v="survey"/>
 </way>
 <way id="247037166" visible="true" version="5" changeset="149567964" timestamp="2024-04-04T12:25:23Z" user="Dan 9" uid="9484321">
  <nd ref="2539792287"/>
  <nd ref="6859019443"/>
  <nd ref="6859019442"/>
  <nd ref="2539792226"/>
  <nd ref="11786842984"/>
  <nd ref="11786842998"/>
  <nd ref="11786842999"/>
  <nd ref="2539792215"/>
  <nd ref="11786843001"/>
  <nd ref="11786843000"/>
  <nd ref="11786842992"/>
  <nd ref="2539792212"/>
  <nd ref="2539792208"/>
  <nd ref="11786842997"/>
  <nd ref="11786842996"/>
  <nd ref="11786842995"/>
  <nd ref="11786842994"/>
  <nd ref="11786842993"/>
  <nd ref="2539792210"/>
  <nd ref="2539792249"/>
  <nd ref="11786842980"/>
  <nd ref="11786842981"/>
  <nd ref="2539792251"/>
  <nd ref="2539792262"/>
  <nd ref="2539792265"/>
  <nd ref="11786842983"/>
  <nd ref="11786842982"/>
  <nd ref="2539792287"/>
  <tag k="addr:city" v="București"/>
  <tag k="addr:country" v="RO"/>
  <tag k="addr:housenumber" v="7-11"/>
  <tag k="addr:postcode" v="061072"/>
  <tag k="addr:street" v="Bulevardul Iuliu Maniu"/>
  <tag k="building" v="office"/>
  <tag k="building:levels" v="4"/>
  <tag k="name" v="Corp Z"/>
 </way>
 <way id="247037206" visible="true" version="4" changeset="150132440" timestamp="2024-04-17T14:22:58Z" user="b-jazz-bot" uid="9451067">
  <nd ref="2539792268"/>
  <nd ref="2539792269"/>
  <nd ref="2539792276"/>
  <nd ref="2539792278"/>
  <nd ref="2539792268"/>
  <tag k="addr:city" v="București"/>
  <tag k="addr:country" v="RO"/>
  <tag k="addr:housenumber" v="7"/>
  <tag k="addr:postcode" v="061072"/>
  <tag k="addr:street" v="Bulevardul Iuliu Maniu"/>
  <tag k="building" v="commercial"/>
  <tag k="building:levels" v="2"/>
  <tag k="height" v="6"/>
  <tag k="name" v="Top Metrology"/>
  <tag k="office" v="company"/>
  <tag k="opening_hours" v="Mo-Fr 09:00-17:00"/>
  <tag k="phone" v="+40 746 608 707"/>
  <tag k="website" v="https://topmetrology.ro/"/>
 </way>
 <way id="277295273" visible="true" version="16" changeset="166695918" timestamp="2025-05-24T12:44:50Z" user="myvyny" uid="22933864">
  <nd ref="2817755339"/>
  <nd ref="2817755340"/>
  <nd ref="10765838532"/>
  <nd ref="2817755341"/>
  <nd ref="343206035"/>
  <nd ref="8450731733"/>
  <nd ref="12055001752"/>
  <nd ref="12055001730"/>
  <nd ref="7891462885"/>
  <nd ref="9934026494"/>
  <nd ref="343206040"/>
  <nd ref="343206043"/>
  <nd ref="1340873628"/>
  <nd ref="2817743254"/>
  <nd ref="2817743255"/>
  <nd ref="2817743256"/>
  <nd ref="2817743257"/>
  <nd ref="361484704"/>
  <nd ref="2817743258"/>
  <nd ref="2817743260"/>
  <nd ref="2817743261"/>
  <nd ref="7023063630"/>
  <tag k="electrified" v="rail"/>
  <tag k="frequency" v="0"/>
  <tag k="gauge" v="1432"/>
  <tag k="layer" v="-3"/>
  <tag k="name" v="M3"/>
  <tag k="operator" v="Metrorex"/>
  <tag k="railway" v="subway"/>
  <tag k="railway:preferred_direction" v="forward"/>
  <tag k="ref" v="M3"/>
  <tag k="tunnel" v="yes"/>
  <tag k="voltage" v="750"/>
 </way>
 <way id="296795027" visible="true" version="3" changeset="171016304" timestamp="2025-08-26T08:58:58Z" user="betterMaps421" uid="23091446">
  <nd ref="3006139633"/>
  <nd ref="11284510662"/>
  <nd ref="13097928234"/>
  <nd ref="11284510661"/>
  <nd ref="3006139733"/>
  <nd ref="3006139833"/>
  <nd ref="11284510664"/>
  <nd ref="13097928235"/>
  <nd ref="11284510663"/>
  <nd ref="3006139933"/>
  <nd ref="3006139633"/>
  <tag k="landuse" v="grass"/>
 </way>
 <way id="296795028" visible="true" version="2" changeset="143031722" timestamp="2023-10-23T19:03:23Z" user="alexnder" uid="8430074">
  <nd ref="3006140033"/>
  <nd ref="11284510659"/>
  <nd ref="11284510660"/>
  <nd ref="3006140133"/>
  <nd ref="3006140233"/>
  <nd ref="11284510658"/>
  <nd ref="11284510657"/>
  <nd ref="3006140134"/>
  <nd ref="3006140033"/>
  <tag k="landuse" v="grass"/>
 </way>
 <way id="296795081" visible="true" version="2" changeset="143031722" timestamp="2023-10-23T19:03:23Z" user="alexnder" uid="8430074">
  <nd ref="3006140135"/>
  <nd ref="11284510656"/>
  <nd ref="11284510655"/>
  <nd ref="3006140633"/>
  <nd ref="11284510651"/>
  <nd ref="3006140136"/>
  <nd ref="11284510653"/>
  <nd ref="11284510654"/>
  <nd ref="3006140733"/>
  <nd ref="11284510652"/>
  <nd ref="3006140135"/>
  <tag k="landuse" v="grass"/>
 </way>
 <way id="324602398" visible="true" version="10" changeset="188401282" timestamp="2026-09-02T06:02:18Z" user="ApaRiver" uid="21971206">
  <nd ref="2534596679"/>
  <nd ref="2290455880"/>
  <tag k="highway" v="primary_link"/>
  <tag k="lanes" v="2"/>
  <tag k="maxspeed" v="50"/>
  <tag k="oneway" v="no"/>
  <tag k="surface" v="asphalt"/>
 </way>
 <way id="324602399" visible="true" version="6" changeset="135818271" timestamp="2023-05-07T16:06:12Z" user="rarad74" uid="128281">
  <nd ref="255689154"/>
  <nd ref="255689155"/>
  <tag k="access" v="private"/>
  <tag k="foot" v="no"/>
  <tag k="highway" v="service"/>
  <tag k="maxspeed" v="50"/>
  <tag k="oneway" v="no"/>
  <tag k="surface" v="asphalt"/>
 </way>
 <way id="413799403" visible="true" version="9" changeset="143015644" timestamp="2023-10-23T12:13:13Z" user="alexnder" uid="8430074">
  <nd ref="288300331"/>
  <nd ref="288300494"/>
  <nd ref="7600432290"/>
  <nd ref="7600432291"/>
  <nd ref="288300889"/>
  <nd ref="288300939"/>
  <nd ref="288300892"/>
  <nd ref="288300340"/>
  <nd ref="288300941"/>
  <nd ref="288300343"/>
  <nd ref="6351351911"/>
  <nd ref="6351351910"/>
  <nd ref="6351351912"/>
  <nd ref="288300345"/>
  <nd ref="6681244820"/>
  <nd ref="6681244821"/>
  <nd ref="288300502"/>
  <nd ref="6329668370"/>
  <nd ref="288300350"/>
  <tag k="access" v="private"/>
  <tag k="highway" v="service"/>
  <tag k="maxspeed" v="20"/>
  <tag k="motorcar" v="yes"/>
  <tag k="motor_vehicle" v="yes"/>
  <tag k="surface" v="asphalt"/>
 </way>
 <way id="452377551" visible="true" version="11" changeset="149567964" timestamp="2024-04-04T12:25:23Z" user="Dan 9" uid="9484321">
  <nd ref="4491839526"/>
  <nd ref="11283683973"/>
  <nd ref="11283683972"/>
  <nd ref="4491839534"/>
  <nd ref="10960432688"/>
  <nd ref="9787404402"/>
  <nd ref="4491839516"/>
  <nd ref="4491839526"/>
  <tag k="addr:city" v="București"/>
  <tag k="addr:housenumber" v="6D"/>
  <tag k="addr:postcode" v="060042"/>
  <tag k="addr:street" v="Bulevardul Iuliu Maniu"/>
  <tag k="building" v="office"/>
  <tag k="building:levels" v="8"/>
  <tag k="building:levels:underground" v="1"/>
  <tag k="contact:website" v="http://campus.pub.ro/"/>
  <tag k="name" v="Centrul CAMPUS"/>
  <tag k="office" v="research"/>
 </way>
 <way id="452377555" visible="true" version="19" changeset="158852590" timestamp="2024-11-07T11:51:58Z" user="Dan 9" uid="9484321">
  <nd ref="4491839540"/>
  <nd ref="6859058196"/>
  <nd ref="6859058195"/>
  <nd ref="6859058194"/>
  <nd ref="6859058193"/>
  <nd ref="4491839543"/>
  <nd ref="4491839532"/>
  <nd ref="6329318086"/>
  <nd ref="6329318087"/>
  <nd ref="4491839542"/>
  <nd ref="6859058189"/>
  <nd ref="6859058190"/>
  <nd ref="6859058191"/>
  <nd ref="6859058192"/>
  <nd ref="4491839550"/>
  <nd ref="6859058204"/>
  <nd ref="6859058203"/>
  <nd ref="6859058202"/>
  <nd ref="6859058201"/>
  <nd ref="6859058200"/>
  <nd ref="6859058199"/>
  <nd ref="6859058198"/>
  <nd ref="6859058197"/>
  <nd ref="6859058205"/>
  <nd ref="6859058206"/>
  <nd ref="6859058207"/>
  <nd ref="6859058208"/>
  <nd ref="4491839552"/>
  <nd ref="4491839540"/>
  <tag k="addr:city" v="București"/>
  <tag k="addr:country" v="RO"/>
  <tag k="addr:housenumber" v="6C"/>
  <tag k="addr:postcode" v="061103"/>
  <tag k="addr:street" v="Bulevardul Iuliu Maniu"/>
  <tag k="building" v="apartments"/>
  <tag k="building:flats" v="86"/>
  <tag k="building:levels" v="14"/>
  <tag k="start_date" v="2015"/>
 </way>
 <way id="452377556" visible="true" version="9" changeset="149567964" timestamp="2024-04-04T12:25:23Z" user="Dan 9" uid="9484321">
  <nd ref="4491839533"/>
  <nd ref="10960432689"/>
  <nd ref="4491839525"/>
  <nd ref="4491839538"/>
  <nd ref="4491839549"/>
  <nd ref="4491839533"/>
  <tag k="addr:city" v="București"/>
  <tag k="addr:housenumber" v="6D"/>
  <tag k="addr:postcode" v="060042"/>
  <tag k="addr:street" v="Bulevardul Iuliu Maniu"/>
  <tag k="building" v="office"/>
  <tag k="building:levels" v="8"/>
  <tag k="contact:website" v="http://precis.acs.pub.ro/"/>
  <tag k="name" v="Centrul PRECIS"/>
  <tag k="office" v="research"/>
  <tag k="phone" v="+40 21 402 91 79"/>
 </way>
 <way id="592846445" visible="true" version="4" changeset="85506594" timestamp="2020-05-20T15:05:38Z" user="Nodestrawaymus" uid="8899783">
  <nd ref="5657140551"/>
  <nd ref="5657140560"/>
  <nd ref="5657140556"/>
  <tag k="access" v="private"/>
  <tag k="highway" v="service"/>
  <tag k="maxspeed" v="20"/>
  <tag k="motorcar" v="yes"/>
  <tag k="motor_vehicle" v="yes"/>
  <tag k="service" v="parking_aisle"/>
  <tag k="surface" v="asphalt"/>
 </way>
 <way id="592846446" visible="true" version="5" changeset="85506594" timestamp="2020-05-20T15:05:38Z" user="Nodestrawaymus" uid="8899783">
  <nd ref="288300350"/>
  <nd ref="288300353"/>
  <nd ref="288300355"/>
  <nd ref="5657140537"/>
  <tag k="access" v="private"/>
  <tag k="highway" v="service"/>
  <tag k="is_in:city" v="București"/>
  <tag k="maxspeed" v="20"/>
  <tag k="motorcar" v="yes"/>
  <tag k="motor_vehicle" v="yes"/>
  <tag k="surface" v="asphalt"/>
 </way>
 <way id="592846447" visible="true" version="9" changeset="158852590" timestamp="2024-11-07T11:51:58Z" user="Dan 9" uid="9484321">
  <nd ref="5657140538"/>
  <nd ref="12319475416"/>
  <nd ref="12319475417"/>
  <nd ref="5657140553"/>
  <nd ref="5657140555"/>
  <nd ref="5657140554"/>
  <nd ref="5657140538"/>
  <tag k="addr:city" v="București"/>
  <tag k="addr:country" v="RO"/>
  <tag k="addr:housenumber" v="6E"/>
  <tag k="addr:postcode" v="061103"/>
  <tag k="addr:street" v="Bulevardul Iuliu Maniu"/>
  <tag k="building" v="apartments"/>
  <tag k="building:flats" v="245"/>
  <tag k="building:levels" v="12"/>
  <tag k="start_date" v="2018"/>
 </way>
 <way id="592846448" visible="true" version="4" changeset="85506594" timestamp="2020-05-20T15:05:38Z" user="Nodestrawaymus" uid="8899783">
  <nd ref="5657140560"/>
  <nd ref="5657140558"/>
  <tag k="access" v="private"/>
  <tag k="highway" v="service"/>
  <tag k="maxspeed" v="20"/>
  <tag k="motorcar" v="yes"/>
  <tag k="motor_vehicle" v="yes"/>
  <tag k="service" v="parking_aisle"/>
  <tag k="surface" v="asphalt"/>
 </way>
 <way id="626748662" visible="true" version="12" changeset="166695918" timestamp="2025-05-24T12:44:50Z" user="myvyny" uid="22933864">
  <nd ref="8450731732"/>
  <nd ref="5916880385"/>
  <nd ref="5916877084"/>
  <nd ref="5916877083"/>
  <nd ref="6332332261"/>
  <nd ref="5916877082"/>
  <nd ref="5916877081"/>
  <nd ref="5916877080"/>
  <nd ref="5916877079"/>
  <nd ref="5916877078"/>
  <nd ref="5916877077"/>
  <nd ref="12326806426"/>
  <nd ref="10690055550"/>
  <nd ref="11364303030"/>
  <nd ref="5916877075"/>
  <nd ref="5916877074"/>
  <nd ref="5916877073"/>
  <nd ref="5916877072"/>
  <nd ref="5916877071"/>
  <nd ref="5916877070"/>
  <nd ref="5916877069"/>
  <nd ref="5916877068"/>
  <nd ref="5916877067"/>
  <nd ref="5916880386"/>
  <tag k="electrified" v="rail"/>
  <tag k="frequency" v="0"/>
  <tag k="gauge" v="1432"/>
  <tag k="layer" v="-3"/>
  <tag k="name" v="M3"/>
  <tag k="operator" v="Metrorex"/>
  <tag k="railway" v="subway"/>
  <tag k="railway:preferred_direction" v="backward"/>
  <tag k="ref" v="M3"/>
  <tag k="tunnel" v="yes"/>
  <tag k="voltage" v="750"/>
 </way>
 <way id="672183401" visible="true" version="7" changeset="180945274" timestamp="2026-04-06T12:56:54Z" user="razvan-v-poli" uid="23971167">
  <nd ref="6294573555"/>
  <nd ref="6294573554"/>
  <nd ref="7782133302"/>
  <tag k="crossing" v="marked"/>
  <tag k="crossing:markings" v="yes"/>
  <tag k="footway" v="crossing"/>
  <tag k="highway" v="footway"/>
  <tag k="lit" v="yes"/>
  <tag k="smoothness" v="good"/>
  <tag k="surface" v="asphalt"/>
 </way>
 <way id="675838030" visible="true" version="15" changeset="158852590" timestamp="2024-11-07T11:51:58Z" user="Dan 9" uid="9484321">
  <nd ref="255689313"/>
  <nd ref="6329204705"/>
  <nd ref="11508840135"/>
  <nd ref="11508840134"/>
  <nd ref="6329204706"/>
  <nd ref="6329204707"/>
  <nd ref="2818484012"/>
  <nd ref="255689313"/>
  <tag k="addr:city" v="București"/>
  <tag k="addr:housenumber" v="6H"/>
  <tag k="addr:postcode" v="061103"/>
  <tag k="addr:street" v="Bulevardul Iuliu Maniu"/>
  <tag k="building:levels" v="10"/>
  <tag k="landuse" v="commercial"/>
  <tag k="name" v="The Light"/>
  <tag k="source:addr:housenumber" v="survey"/>
  <tag k="source:addr:street" v="survey"/>
 </way>
 <way id="675849497" visible="true" version="7" changeset="116583642" timestamp="2022-01-25T12:36:51Z" user="Daniel Pavel" uid="103259">
  <nd ref="6351351913"/>
  <nd ref="6329300767"/>
  <tag k="highway" v="service"/>
  <tag k="service" v="parking_aisle"/>
  <tag k="surface" v="asphalt"/>
 </way>
 <way id="676018297" visible="true" version="7" changeset="180937023" timestamp="2026-04-06T10:26:11Z" user="razvan-v-poli" uid="23971167">
  <nd ref="6329308545"/>
  <nd ref="10960432693"/>
  <nd ref="10960432691"/>
  <nd ref="11880920372"/>
  <nd ref="10960432697"/>
  <nd ref="6329308546"/>
  <nd ref="6329300767"/>
  <tag k="highway" v="service"/>
  <tag k="service" v="parking_aisle"/>
  <tag k="smoothness" v="good"/>
  <tag k="surface" v="asphalt"/>
 </way>
 <way id="699470645" visible="true" version="9" changeset="158852590" timestamp="2024-11-07T11:51:58Z" user="Dan 9" uid="9484321">
  <nd ref="6568359740"/>
  <nd ref="6568359741"/>
  <nd ref="6568359742"/>
  <nd ref="6568359743"/>
  <nd ref="6568359740"/>
  <tag k="addr:city" v="București"/>
  <tag k="addr:country" v="RO"/>
  <tag k="addr:housenumber" v="6Q"/>
  <tag k="addr:postcode" v="061103"/>
  <tag k="addr:street" v="Bulevardul Iuliu Maniu"/>
  <tag k="building" v="office"/>
  <tag k="building:levels" v="11"/>
  <tag k="height" v="45"/>
  <tag k="name" v="The Light One"/>
  <tag k="source:addr:housenumber" v="survey"/>
  <tag k="source:addr:street" v="survey"/>
  <tag k="start_date" v="2019"/>
 </way>
 <way id="732469785" visible="true" version="4" changeset="149567964" timestamp="2024-04-04T12:25:23Z" user="Dan 9" uid="9484321">
  <nd ref="6859019424"/>
  <nd ref="6859019425"/>
  <nd ref="6859019430"/>
  <nd ref="11786842987"/>
  <nd ref="11786842990"/>
  <nd ref="6859019431"/>
  <nd ref="6859019434"/>
  <nd ref="6859019435"/>
  <nd ref="6859019429"/>
  <nd ref="6859019440"/>
  <nd ref="6859019441"/>
  <nd ref="6859019442"/>
  <nd ref="6859019443"/>
  <nd ref="2539792287"/>
  <nd ref="11786842982"/>
  <nd ref="6859019438"/>
  <nd ref="6859019437"/>
  <nd ref="6859019436"/>
  <nd ref="6859019426"/>
  <nd ref="6859019427"/>
  <nd ref="6859019428"/>
  <nd ref="6859019424"/>
  <tag k="addr:city" v="București"/>
  <tag k="addr:country" v="RO"/>
  <tag k="addr:housenumber" v="11"/>
  <tag k="addr:postcode" v="061072"/>
  <tag k="addr:street" v="Bulevardul Iuliu Maniu"/>
  <tag k="building" v="commercial"/>
  <tag k="building:levels" v="2"/>
  <tag k="height" v="8"/>
  <tag k="source:addr:housenumber" v="survey"/>
  <tag k="source:addr:street" v="survey"/>
 </way>
 <way id="732469786" visible="true" version="6" changeset="157226160" timestamp="2024-09-28T19:33:46Z" user="aliensqueegee" uid="21944146">
  <nd ref="6859019442"/>
  <nd ref="6859019441"/>
  <nd ref="6859019445"/>
  <nd ref="6859019446"/>
  <nd ref="11786842985"/>
  <nd ref="2539792226"/>
  <nd ref="6859019442"/>
  <tag k="addr:city" v="București"/>
  <tag k="addr:housenumber" v="7"/>
  <tag k="addr:postcode" v="061072"/>
  <tag k="addr:street" v="Bulevardul Iuliu Maniu"/>
  <tag k="building" v="commercial"/>
  <tag k="building:levels" v="2"/>
  <tag k="name" v="Corp S"/>
  <tag k="source:addr:housenumber" v="survey"/>
  <tag k="source:addr:street" v="survey"/>
 </way>
 <way id="732469789" visible="true" version="12" changeset="137032961" timestamp="2023-06-06T21:56:50Z" user="watmildon" uid="11303102">
  <nd ref="6859019476"/>
  <nd ref="5799421740"/>
  <nd ref="6859019477"/>
  <nd ref="6859019478"/>
  <nd ref="6859019479"/>
  <nd ref="8376178369"/>
  <nd ref="8376097578"/>
  <nd ref="8376097581"/>
  <nd ref="7281243739"/>
  <nd ref="7299394861"/>
  <nd ref="2539791995"/>
  <nd ref="6859019480"/>
  <nd ref="7299394856"/>
  <nd ref="6859019482"/>
  <nd ref="6859019483"/>
  <nd ref="7299394809"/>
  <nd ref="6859019484"/>
  <nd ref="6859058185"/>
  <nd ref="8376097543"/>
  <nd ref="6859058186"/>
  <nd ref="6859058187"/>
  <nd ref="6859019476"/>
  <tag k="addr:city" v="București"/>
  <tag k="addr:housenumber" v="13"/>
  <tag k="addr:street" v="Bulevardul Iuliu Maniu"/>
  <tag k="landuse" v="military"/>
  <tag k="military" v="office"/>
  <tag k="name" v="Inspectoratul General al Muzicilor Militare"/>
  <tag k="source:addr:housenumber" v="survey"/>
  <tag k="source:addr:street" v="survey"/>
 </way>
 <way id="779735514" visible="true" version="8" changeset="149567964" timestamp="2024-04-04T12:25:23Z" user="Dan 9" uid="9484321">
  <nd ref="7281243738"/>
  <nd ref="7281243744"/>
  <nd ref="7281243743"/>
  <nd ref="7281243742"/>
  <nd ref="7136982535"/>
  <nd ref="7281243741"/>
  <nd ref="11786842981"/>
  <nd ref="11786842980"/>
  <nd ref="7281243740"/>
  <nd ref="11786828866"/>
  <nd ref="2539792195"/>
  <nd ref="2539792162"/>
  <nd ref="6532355447"/>
  <nd ref="6532355448"/>
  <nd ref="11786828865"/>
  <nd ref="11786828864"/>
  <nd ref="6532355449"/>
  <nd ref="6532355450"/>
  <nd ref="6532355451"/>
  <nd ref="6532355452"/>
  <nd ref="6532355453"/>
  <nd ref="6532355454"/>
  <nd ref="2539791989"/>
  <nd ref="2539791986"/>
  <nd ref="6532355441"/>
  <nd ref="6532355442"/>
  <nd ref="2539791966"/>
  <nd ref="2539791962"/>
  <nd ref="2539791955"/>
  <nd ref="2539791951"/>
  <nd ref="11786828850"/>
  <nd ref="4491839556"/>
  <nd ref="2539791891"/>
  <nd ref="2539791882"/>
  <nd ref="11786828855"/>
  <nd ref="11786828854"/>
  <nd ref="7281243745"/>
  <nd ref="11786828858"/>
  <nd ref="11786842979"/>
  <nd ref="7281243739"/>
  <nd ref="8376097581"/>
  <nd ref="7281243738"/>
  <tag k="addr:city" v="București"/>
  <tag k="addr:housenumber" v="11D"/>
  <tag k="addr:postcode" v="061072"/>
  <tag k="addr:street" v="Bulevardul Iuliu Maniu"/>
  <tag k="amenity" v="school"/>
  <tag k="landuse" v="grass"/>
  <tag k="name" v="Grădinita nr. 274"/>
  <tag k="source:addr:housenumber" v="survey"/>
  <tag k="source:addr:street" v="survey"/>
 </way>
 <way id="833653017" visible="true" version="15" changeset="180365442" timestamp="2026-03-24T17:20:35Z" user="razvan-v-poli" uid="23971167">
  <nd ref="6242754210"/>
  <nd ref="7782133303"/>
  <nd ref="7782133297"/>
  <nd ref="3067743633"/>
  <nd ref="11508798561"/>
  <nd ref="7782133298"/>
  <nd ref="11508840150"/>
  <nd ref="11508840162"/>
  <nd ref="11508840146"/>
  <nd ref="11508840166"/>
  <nd ref="11508840169"/>
  <nd ref="11508840168"/>
  <nd ref="11508840171"/>
  <nd ref="7782133299"/>
  <nd ref="10765838553"/>
  <nd ref="10765838552"/>
  <nd ref="7782133302"/>
  <nd ref="7782133300"/>
  <nd ref="12321293234"/>
  <nd ref="9787404390"/>
  <nd ref="7782133301"/>
  <nd ref="9787404380"/>
  <nd ref="1341209740"/>
  <nd ref="7988593465"/>
  <nd ref="7988593464"/>
  <nd ref="8850944056"/>
  <nd ref="8850944055"/>
  <nd ref="8838906417"/>
  <nd ref="8850944054"/>
  <nd ref="8932303151"/>
  <nd ref="8850944049"/>
  <nd ref="8850944061"/>
  <nd ref="8850944053"/>
  <nd ref="8850944058"/>
  <nd ref="8850944052"/>
  <nd ref="8850944050"/>
  <nd ref="7590037126"/>
  <tag k="bicycle" v="designated"/>
  <tag k="footway" v="sidewalk"/>
  <tag k="highway" v="footway"/>
  <tag k="lit" v="yes"/>
  <tag k="segregated" v="yes"/>
  <tag k="surface" v="asphalt"/>
 </way>
 <way id="901692241" visible="true" version="5" changeset="149567964" timestamp="2024-04-04T12:25:23Z" user="Dan 9" uid="9484321">
  <nd ref="8376097527"/>
  <nd ref="8376097528"/>
  <nd ref="2539792179"/>
  <nd ref="2539792160"/>
  <nd ref="11786828820"/>
  <nd ref="11786828809"/>
  <nd ref="11786828800"/>
  <nd ref="11786828813"/>
  <nd ref="2539792063"/>
  <nd ref="8376089485"/>
  <nd ref="7281243735"/>
  <nd ref="7281243732"/>
  <nd ref="8376089486"/>
  <nd ref="8376089477"/>
  <nd ref="8376089476"/>
  <nd ref="11786828826"/>
  <nd ref="10766754035"/>
  <nd ref="8376097527"/>
  <tag k="landuse" v="military"/>
  <tag k="military" v="office"/>
  <tag k="name" v="UM 02296"/>
 </way>
 <way id="901692251" visible="true" version="3" changeset="149567964" timestamp="2024-04-04T12:25:23Z" user="Dan 9" uid="9484321">
  <nd ref="7281243740"/>
  <nd ref="11786842980"/>
  <nd ref="11786842981"/>
  <nd ref="7281243741"/>
  <nd ref="6909034279"/>
  <nd ref="8376097527"/>
  <nd ref="8376097528"/>
  <nd ref="2539792169"/>
  <nd ref="2539792203"/>
  <nd ref="2539792195"/>
  <nd ref="11786828866"/>
  <nd ref="7281243740"/>
  <tag k="landuse" v="commercial"/>
 </way>
 <way id="901692261" visible="true" version="4" changeset="188108986" timestamp="2026-08-27T17:24:10Z" user="Dan 9" uid="9484321">
  <nd ref="8376097578"/>
  <nd ref="8376097579"/>
  <nd ref="8838906452"/>
  <nd ref="8838906453"/>
  <nd ref="8838906456"/>
  <nd ref="8376097580"/>
  <nd ref="2290455851"/>
  <nd ref="7281243743"/>
  <nd ref="7281243744"/>
  <nd ref="7281243738"/>
  <nd ref="8376097581"/>
  <nd ref="8376097578"/>
  <tag k="building" v="no"/>
 </way>
 <way id="941776079" visible="true" version="7" changeset="158852590" timestamp="2024-11-07T11:51:58Z" user="Dan 9" uid="9484321">
  <nd ref="8721428402"/>
  <nd ref="8721428403"/>
  <nd ref="9975002663"/>
  <nd ref="9975002664"/>
  <nd ref="8721428404"/>
  <nd ref="8721428407"/>
  <nd ref="8721428406"/>
  <nd ref="11508798554"/>
  <nd ref="8721428402"/>
  <tag k="addr:city" v="București"/>
  <tag k="addr:country" v="RO"/>
  <tag k="addr:housenumber" v="6R C1"/>
  <tag k="addr:postcode" v="061103"/>
  <tag k="addr:street" v="Bulevardul Iuliu Maniu"/>
  <tag k="building" v="office"/>
  <tag k="building:flats" v="4"/>
  <tag k="building:levels" v="4"/>
  <tag k="building:material" v="glass"/>
  <tag k="source:addr:housenumber" v="survey"/>
  <tag k="source:addr:street" v="survey"/>
  <tag k="start_date" v="2021"/>
 </way>
 <way id="941776080" visible="true" version="8" changeset="158852590" timestamp="2024-11-07T11:51:58Z" user="Dan 9" uid="9484321">
  <nd ref="8721428405"/>
  <nd ref="8721428406"/>
  <nd ref="8721428407"/>
  <nd ref="8721428408"/>
  <nd ref="9975002668"/>
  <nd ref="9975002667"/>
  <nd ref="8721428409"/>
  <nd ref="8721428410"/>
  <nd ref="8721428405"/>
  <tag k="addr:city" v="București"/>
  <tag k="addr:country" v="RO"/>
  <tag k="addr:housenumber" v="6R C2"/>
  <tag k="addr:postcode" v="061103"/>
  <tag k="addr:street" v="Bulevardul Iuliu Maniu"/>
  <tag k="building" v="apartments"/>
  <tag k="building:flats" v="180"/>
  <tag k="building:levels" v="12"/>
  <tag k="height" v="40"/>
  <tag k="source:addr:housenumber" v="survey"/>
  <tag k="source:addr:street" v="survey"/>
  <tag k="start_date" v="2021"/>
 </way>
 <way id="946508319" visible="true" version="2" changeset="149567964" timestamp="2024-04-04T12:25:23Z" user="Dan 9" uid="9484321">
  <nd ref="11786828799"/>
  <nd ref="8761622133"/>
  <nd ref="8761622134"/>
  <nd ref="8761622135"/>
  <nd ref="8761622136"/>
  <nd ref="8761622137"/>
  <nd ref="8761622138"/>
  <tag k="railway" v="abandoned"/>
  <tag k="service" v="spur"/>
 </way>
 <way id="946508320" visible="true" version="2" changeset="149567964" timestamp="2024-04-04T12:25:23Z" user="Dan 9" uid="9484321">
  <nd ref="8761622149"/>
  <nd ref="8761622150"/>
  <nd ref="11786828803"/>
  <nd ref="8761622151"/>
  <nd ref="8761622152"/>
  <nd ref="8761622153"/>
  <nd ref="8761622154"/>
  <nd ref="11786828799"/>
  <tag k="railway" v="abandoned"/>
  <tag k="service" v="spur"/>
 </way>
 <way id="949836842" visible="true" version="52" changeset="188262510" timestamp="2026-08-30T17:36:09Z" user="Dan 9" uid="9484321">
  <nd ref="8016530691"/>
  <nd ref="8793034200"/>
  <nd ref="8793034201"/>
  <nd ref="8793034202"/>
  <nd ref="8793034203"/>
  <nd ref="8793034204"/>
  <nd ref="8793034205"/>
  <nd ref="8793034206"/>
  <nd ref="11001530358"/>
  <nd ref="11001530357"/>
  <nd ref="11001530356"/>
  <nd ref="11001530355"/>
  <nd ref="11001530354"/>
  <nd ref="255691157"/>
  <nd ref="255691158"/>
  <nd ref="8793034207"/>
  <nd ref="8793034208"/>
  <nd ref="8793034209"/>
  <nd ref="8793034210"/>
  <nd ref="8793034211"/>
  <nd ref="255096125"/>
  <nd ref="255096126"/>
  <nd ref="255096127"/>
  <nd ref="1987287156"/>
  <nd ref="1987286792"/>
  <nd ref="255096110"/>
  <nd ref="8793034212"/>
  <nd ref="10973725636"/>
  <nd ref="10973725616"/>
  <nd ref="10974621449"/>
  <nd ref="10974621432"/>
  <nd ref="255095919"/>
  <nd ref="1885389704"/>
  <nd ref="2111305130"/>
  <nd ref="2111305093"/>
  <nd ref="10974266596"/>
  <nd ref="10974266583"/>
  <nd ref="255095918"/>
  <nd ref="2111305084"/>
  <nd ref="4666838927"/>
  <nd ref="8505010234"/>
  <nd ref="8505010248"/>
  <nd ref="8505010275"/>
  <nd ref="8505010276"/>
  <nd ref="8505010723"/>
  <nd ref="8793034213"/>
  <nd ref="8793034214"/>
  <nd ref="8793034215"/>
  <nd ref="8793034216"/>
  <nd ref="8793039117"/>
  <nd ref="11160271939"/>
  <nd ref="8793039118"/>
  <nd ref="8793039119"/>
  <nd ref="8793039120"/>
  <nd ref="8793039121"/>
  <nd ref="8793039122"/>
  <nd ref="8793039123"/>
  <nd ref="8793039124"/>
  <nd ref="8021603230"/>
  <nd ref="1096889324"/>
  <nd ref="1096889256"/>
  <nd ref="1096889292"/>
  <nd ref="8793039125"/>
  <nd ref="8021603221"/>
  <nd ref="8021603213"/>
  <nd ref="8021603220"/>
  <nd ref="8021603219"/>
  <nd ref="1096889330"/>
  <nd ref="1096889334"/>
  <nd ref="8021603226"/>
  <nd ref="8021603217"/>
  <nd ref="8021603216"/>
  <nd ref="11726997448"/>
  <nd ref="1096889318"/>
  <nd ref="1096889251"/>
  <nd ref="1096889277"/>
  <nd ref="9062049612"/>
  <nd ref="1096889359"/>
  <nd ref="4209223149"/>
  <nd ref="11730340133"/>
  <nd ref="7520953426"/>
  <nd ref="7810032477"/>
  <nd ref="7810032476"/>
  <nd ref="7810032479"/>
  <nd ref="7520953427"/>
  <nd ref="8793039126"/>
  <nd ref="8793039127"/>
  <nd ref="8793039128"/>
  <nd ref="8793039129"/>
  <nd ref="8793039130"/>
  <nd ref="8793039131"/>
  <nd ref="8793039132"/>
  <nd ref="8793039135"/>
  <nd ref="8793039136"/>
  <nd ref="8793039137"/>
  <nd ref="8793039138"/>
  <nd ref="12158166938"/>
  <nd ref="8793039139"/>
  <nd ref="6750540410"/>
  <nd ref="6750540407"/>
  <nd ref="7209519560"/>
  <nd ref="8376089504"/>
  <nd ref="9353863813"/>
  <nd ref="8780486141"/>
  <nd ref="11868393881"/>
  <nd ref="11868393878"/>
  <nd ref="11868393876"/>
  <nd ref="10801517278"/>
  <nd ref="8376097556"/>
  <nd ref="12826325828"/>
  <nd ref="7209519559"/>
  <nd ref="8793039140"/>
  <nd ref="6853235204"/>
  <nd ref="9826028197"/>
  <nd ref="9826028196"/>
  <nd ref="11868420709"/>
  <nd ref="8303410267"/>
  <nd ref="8303410268"/>
  <nd ref="1883081587"/>
  <nd ref="1883081595"/>
  <nd ref="6853235208"/>
  <nd ref="6853235207"/>
  <nd ref="6853235206"/>
  <nd ref="8793039141"/>
  <nd ref="1883081617"/>
  <nd ref="8793039142"/>
  <nd ref="1883081623"/>
  <nd ref="7321689148"/>
  <nd ref="12182532647"/>
  <nd ref="8793039144"/>
  <nd ref="8793039145"/>
  <nd ref="8793039146"/>
  <nd ref="8793039163"/>
  <nd ref="8793039162"/>
  <nd ref="8793039161"/>
  <nd ref="2197071023"/>
  <nd ref="2197055911"/>
  <nd ref="8879190572"/>
  <nd ref="8793039159"/>
  <nd ref="8793039158"/>
  <nd ref="8793039157"/>
  <nd ref="8793039156"/>
  <nd ref="8793039155"/>
  <nd ref="8793039154"/>
  <nd ref="8793039153"/>
  <nd ref="8793039152"/>
  <nd ref="8793039149"/>
  <nd ref="6529857278"/>
  <nd ref="8376097566"/>
  <nd ref="8780486153"/>
  <nd ref="6525629450"/>
  <nd ref="6853166806"/>
  <nd ref="6853211833"/>
  <nd ref="6853211834"/>
  <nd ref="8780483088"/>
  <nd ref="6853166805"/>
  <nd ref="8780486166"/>
  <nd ref="7600319812"/>
  <nd ref="6853166804"/>
  <nd ref="7600319811"/>
  <nd ref="1650723101"/>
  <nd ref="1650723111"/>
  <nd ref="1650723114"/>
  <nd ref="6859058186"/>
  <nd ref="6859058187"/>
  <nd ref="6859019476"/>
  <nd ref="5799421740"/>
  <nd ref="6859019477"/>
  <nd ref="6859019478"/>
  <nd ref="6859019479"/>
  <nd ref="8376178369"/>
  <nd ref="8376097578"/>
  <nd ref="8376097579"/>
  <nd ref="8838906452"/>
  <nd ref="8838906453"/>
  <nd ref="8838906456"/>
  <nd ref="8376097580"/>
  <nd ref="14129377510"/>
  <nd ref="14129377515"/>
 </way>
 <way id="954957615" visible="true" version="3" changeset="188108986" timestamp="2026-08-27T17:24:10Z" user="Dan 9" uid="9484321">
  <nd ref="8838906451"/>
  <nd ref="8838906458"/>
  <nd ref="8838906452"/>
  <nd ref="8838906453"/>
  <nd ref="8838906454"/>
  <nd ref="8838906451"/>
  <tag k="access" v="yes"/>
  <tag k="leisure" v="playground"/>
  <tag k="surface" v="tartan"/>
 </way>
 <way id="954957616" visible="true" version="2" changeset="134229475" timestamp="2023-03-28T17:14:25Z" user="Dan 9" uid="9484321">
  <nd ref="8838906454"/>
  <nd ref="8838906455"/>
  <nd ref="8838906456"/>
  <nd ref="8838906453"/>
  <nd ref="8838906454"/>
  <tag k="access" v="yes"/>
  <tag k="barrier" v="fence"/>
  <tag k="hoops" v="1"/>
  <tag k="leisure" v="pitch"/>
  <tag k="lit" v="yes"/>
  <tag k="sport" v="basketball"/>
  <tag k="surface" v="concrete"/>
 </way>
 <way id="954957617" visible="true" version="2" changeset="134229475" timestamp="2023-03-28T17:14:25Z" user="Dan 9" uid="9484321">
  <nd ref="8838906458"/>
  <nd ref="8838906459"/>
  <tag k="highway" v="footway"/>
 </way>
 <way id="956367706" visible="true" version="7" changeset="157303059" timestamp="2024-09-30T15:21:23Z" user="Dan 9" uid="9484321">
  <nd ref="2290455861"/>
  <nd ref="8850944086"/>
  <nd ref="8850944072"/>
  <nd ref="8850944077"/>
  <nd ref="8850944080"/>
  <nd ref="8850944087"/>
  <nd ref="8850944091"/>
  <nd ref="1341209746"/>
  <nd ref="1341209743"/>
  <nd ref="6228053256"/>
  <nd ref="11786842978"/>
  <nd ref="12211911027"/>
  <nd ref="8850944089"/>
  <nd ref="11786828824"/>
  <nd ref="6909034277"/>
  <nd ref="6242754208"/>
  <tag k="footway" v="sidewalk"/>
  <tag k="highway" v="footway"/>
  <tag k="lit" v="yes"/>
  <tag k="surface" v="asphalt"/>
 </way>
 <way id="997278043" visible="true" version="5" changeset="146149435" timestamp="2024-01-11T15:55:09Z" user="Dan 9" uid="9484321">
  <nd ref="9208585671"/>
  <nd ref="7782133299"/>
  <nd ref="9975002662"/>
  <nd ref="11508840148"/>
  <nd ref="9208585666"/>
  <nd ref="9208585665"/>
  <tag k="highway" v="service"/>
  <tag k="maxspeed" v="10"/>
  <tag k="service" v="parking_aisle"/>
  <tag k="surface" v="asphalt"/>
 </way>
 <way id="1065782038" visible="true" version="1" changeset="121796335" timestamp="2022-06-01T07:01:39Z" user="Ozzymand" uid="16162967">
  <nd ref="9787404374"/>
  <nd ref="9787404375"/>
  <nd ref="9787404376"/>
  <nd ref="9787404377"/>
  <nd ref="9787404378"/>
  <nd ref="9787404374"/>
  <tag k="natural" v="grassland"/>
 </way>
 <way id="1065782039" visible="true" version="7" changeset="180365437" timestamp="2026-03-24T17:20:32Z" user="razvan-v-poli" uid="23971167">
  <nd ref="9787404403"/>
  <nd ref="10960432687"/>
  <nd ref="9787404400"/>
  <nd ref="9787404404"/>
  <nd ref="9787404383"/>
  <nd ref="9787404384"/>
  <nd ref="9787404391"/>
  <nd ref="9787404385"/>
  <nd ref="9787404389"/>
  <tag k="access" v="permissive"/>
  <tag k="check_date:surface" v="2026-03-24"/>
  <tag k="footway" v="sidewalk"/>
  <tag k="highway" v="footway"/>
  <tag k="surface" v="paved"/>
 </way>
 <way id="1065782040" visible="true" version="3" changeset="180365437" timestamp="2026-03-24T17:20:35Z" user="razvan-v-poli" uid="23971167">
  <nd ref="9787404380"/>
  <nd ref="9787404381"/>
  <nd ref="9787404393"/>
  <nd ref="11786843007"/>
  <nd ref="9787404396"/>
  <nd ref="9787404395"/>
  <tag k="access" v="permissive"/>
  <tag k="footway" v="sidewalk"/>
  <tag k="highway" v="footway"/>
  <tag k="surface" v="asphalt"/>
 </way>
 <way id="1065782041" visible="true" version="2" changeset="180365437" timestamp="2026-03-24T17:20:32Z" user="razvan-v-poli" uid="23971167">
  <nd ref="9787404381"/>
  <nd ref="9787404397"/>
  <tag k="access" v="permissive"/>
  <tag k="check_date:surface" v="2026-03-24"/>
  <tag k="footway" v="sidewalk"/>
  <tag k="highway" v="footway"/>
  <tag k="surface" v="paved"/>
 </way>
 <way id="1065782042" visible="true" version="4" changeset="149567964" timestamp="2024-04-04T12:25:23Z" user="Dan 9" uid="9484321">
  <nd ref="11786843008"/>
  <nd ref="9787404397"/>
  <tag k="access" v="permissive"/>
  <tag k="footway" v="sidewalk"/>
  <tag k="highway" v="footway"/>
  <tag k="surface" v="paved"/>
 </way>
 <way id="1065782043" visible="true" version="1" changeset="121796335" timestamp="2022-06-01T07:01:39Z" user="Ozzymand" uid="16162967">
  <nd ref="9787404404"/>
  <nd ref="9787404403"/>
  <tag k="access" v="permissive"/>
  <tag k="footway" v="sidewalk"/>
  <tag k="highway" v="footway"/>
  <tag k="surface" v="paved"/>
 </way>
 <way id="1088820288" visible="true" version="1" changeset="125317986" timestamp="2022-08-24T13:54:31Z" user="Dan 9" uid="9484321">
  <nd ref="9208585666"/>
  <nd ref="9975002660"/>
  <nd ref="9975002661"/>
  <tag k="highway" v="service"/>
  <tag k="maxspeed" v="10"/>
  <tag k="service" v="parking_aisle"/>
  <tag k="surface" v="asphalt"/>
 </way>
 <way id="1157645200" visible="true" version="5" changeset="158852590" timestamp="2024-11-07T11:51:58Z" user="Dan 9" uid="9484321">
  <nd ref="10765811400"/>
  <nd ref="9975002668"/>
  <nd ref="8721428408"/>
  <nd ref="10765811401"/>
  <nd ref="10765811402"/>
  <nd ref="10765811403"/>
  <nd ref="10765811404"/>
  <nd ref="10765838505"/>
  <nd ref="10765811400"/>
  <tag k="addr:city" v="București"/>
  <tag k="addr:country" v="RO"/>
  <tag k="addr:housenumber" v="6R C3"/>
  <tag k="addr:postcode" v="061103"/>
  <tag k="addr:street" v="Bulevardul Iuliu Maniu"/>
  <tag k="building" v="apartments"/>
  <tag k="building:flats" v="155"/>
  <tag k="building:levels" v="12"/>
  <tag k="height" v="40"/>
  <tag k="source:addr:housenumber" v="survey"/>
  <tag k="source:addr:street" v="survey"/>
  <tag k="start_date" v="2021"/>
 </way>
 <way id="1157645203" visible="true" version="2" changeset="146149435" timestamp="2024-01-11T15:55:09Z" user="Dan 9" uid="9484321">
  <nd ref="10765838516"/>
  <nd ref="10765838553"/>
  <nd ref="10765838517"/>
  <nd ref="10765838527"/>
  <nd ref="10765838528"/>
  <nd ref="11508798552"/>
  <nd ref="10765838519"/>
  <nd ref="10765838526"/>
  <nd ref="10765838520"/>
  <nd ref="11508798556"/>
  <nd ref="11508798555"/>
  <nd ref="10765838529"/>
  <nd ref="10765838521"/>
  <nd ref="10765838530"/>
  <nd ref="10765838522"/>
  <nd ref="10765838523"/>
  <nd ref="10765838525"/>
  <nd ref="10765838524"/>
  <nd ref="10765838552"/>
  <nd ref="10765838518"/>
  <tag k="highway" v="service"/>
  <tag k="maxspeed" v="10"/>
  <tag k="motor_vehicle" v="private"/>
  <tag k="service" v="alley"/>
  <tag k="surface" v="asphalt"/>
 </way>
 <way id="1157645204" visible="true" version="2" changeset="146149435" timestamp="2024-01-11T15:55:09Z" user="Dan 9" uid="9484321">
  <nd ref="11508798557"/>
  <nd ref="10765838531"/>
  <tag k="highway" v="service"/>
  <tag k="incline" v="down"/>
  <tag k="maxspeed" v="10"/>
  <tag k="motor_vehicle" v="private"/>
  <tag k="service" v="alley"/>
  <tag k="surface" v="concrete"/>
 </way>
 <way id="1157645205" visible="true" version="1" changeset="134170933" timestamp="2023-03-27T10:34:32Z" user="Dan 9" uid="9484321">
  <nd ref="10765838532"/>
  <nd ref="7782133300"/>
  <nd ref="10765838547"/>
  <nd ref="10765838534"/>
  <nd ref="10765838536"/>
  <nd ref="10765838540"/>
  <nd ref="10765838541"/>
  <nd ref="10765838542"/>
  <nd ref="10765838543"/>
  <nd ref="10765838544"/>
  <nd ref="10765838539"/>
  <nd ref="10765838546"/>
  <nd ref="10765838545"/>
  <nd ref="10765838538"/>
  <tag k="highway" v="service"/>
  <tag k="maxspeed" v="10"/>
  <tag k="motor_vehicle" v="private"/>
  <tag k="service" v="driveway"/>
  <tag k="surface" v="asphalt"/>
 </way>
 <way id="1157645206" visible="true" version="2" changeset="158834301" timestamp="2024-11-06T21:30:50Z" user="Dan 9" uid="9484321">
  <nd ref="10765838535"/>
  <nd ref="10765838533"/>
  <tag k="highway" v="service"/>
  <tag k="maxspeed" v="5"/>
  <tag k="motor_vehicle" v="private"/>
  <tag k="service" v="driveway"/>
  <tag k="surface" v="concrete"/>
 </way>
 <way id="1157645207" visible="true" version="1" changeset="134170933" timestamp="2023-03-27T10:34:32Z" user="Dan 9" uid="9484321">
  <nd ref="10765838537"/>
  <nd ref="10765838538"/>
  <nd ref="10765838534"/>
  <tag k="highway" v="service"/>
  <tag k="maxspeed" v="10"/>
  <tag k="motor_vehicle" v="private"/>
  <tag k="service" v="driveway"/>
  <tag k="surface" v="asphalt"/>
 </way>
 <way id="1157645208" visible="true" version="1" changeset="134170933" timestamp="2023-03-27T10:34:32Z" user="Dan 9" uid="9484321">
  <nd ref="10765838547"/>
  <nd ref="10765838550"/>
  <nd ref="10765838551"/>
  <nd ref="10765838548"/>
  <nd ref="10765838549"/>
  <tag k="highway" v="service"/>
  <tag k="maxspeed" v="10"/>
  <tag k="motor_vehicle" v="private"/>
  <tag k="service" v="driveway"/>
  <tag k="surface" v="asphalt"/>
 </way>
 <way id="1157980663" visible="true" version="3" changeset="134259051" timestamp="2023-03-29T11:35:41Z" user="Dan 9" uid="9484321">
  <nd ref="10769145397"/>
  <nd ref="10769145398"/>
  <nd ref="10769145399"/>
  <nd ref="10769145400"/>
  <nd ref="10769145397"/>
  <tag k="addr:city" v="București"/>
  <tag k="addr:postcode" v="061072"/>
  <tag k="addr:street" v="Bulevardul Iuliu Maniu"/>
  <tag k="building" v="industrial"/>
  <tag k="operator" v="Enel"/>
  <tag k="operator:wikidata" v="Q651222"/>
  <tag k="power" v="substation"/>
  <tag k="ref" v="T 2018"/>
  <tag k="substation" v="minor_distribution"/>
  <tag k="voltage" v="10000"/>
 </way>
 <way id="1157980664" visible="true" version="2" changeset="149567964" timestamp="2024-04-04T12:25:23Z" user="Dan 9" uid="9484321">
  <nd ref="10769145402"/>
  <nd ref="11786828796"/>
  <nd ref="11786828797"/>
  <nd ref="10769145403"/>
  <nd ref="11786828802"/>
  <nd ref="11786828801"/>
  <nd ref="10769145404"/>
  <nd ref="11786828810"/>
  <nd ref="11786828811"/>
  <nd ref="10769166806"/>
  <nd ref="10769166807"/>
  <nd ref="10769166805"/>
  <nd ref="10769145402"/>
  <tag k="building" v="military"/>
  <tag k="building:levels" v="2"/>
  <tag k="military" v="office"/>
  <tag k="start_date" v="2022"/>
 </way>
 <way id="1180092922" visible="true" version="3" changeset="180937025" timestamp="2026-04-06T10:26:11Z" user="razvan-v-poli" uid="23971167">
  <nd ref="10960432694"/>
  <nd ref="10960432692"/>
  <nd ref="10960432690"/>
  <nd ref="10960432689"/>
  <tag k="highway" v="footway"/>
  <tag k="smoothness" v="excellent"/>
  <tag k="surface" v="asphalt"/>
 </way>
 <way id="1180092923" visible="true" version="3" changeset="180937025" timestamp="2026-04-06T10:26:11Z" user="razvan-v-poli" uid="23971167">
  <nd ref="10960432690"/>
  <nd ref="10960432691"/>
  <tag k="highway" v="footway"/>
  <tag k="smoothness" v="excellent"/>
  <tag k="surface" v="concrete"/>
 </way>
 <way id="1180092924" visible="true" version="3" changeset="180937025" timestamp="2026-04-06T10:26:11Z" user="razvan-v-poli" uid="23971167">
  <nd ref="10960432692"/>
  <nd ref="10960432693"/>
  <tag k="highway" v="footway"/>
  <tag k="smoothness" v="excellent"/>
  <tag k="surface" v="concrete"/>
 </way>
 <way id="1180092925" visible="true" version="2" changeset="141461380" timestamp="2023-09-19T10:10:24Z" user="stragu" uid="531354">
  <nd ref="10960432690"/>
  <nd ref="10960432695"/>
  <nd ref="10960432696"/>
  <tag k="highway" v="footway"/>
  <tag k="surface" v="concrete"/>
 </way>
 <way id="1180092926" visible="true" version="2" changeset="180365437" timestamp="2026-03-24T17:20:32Z" user="razvan-v-poli" uid="23971167">
  <nd ref="10960432697"/>
  <nd ref="10960432698"/>
  <nd ref="9787404391"/>
  <tag k="check_date:surface" v="2026-03-24"/>
  <tag k="highway" v="footway"/>
  <tag k="surface" v="paved"/>
 </way>
 <way id="1180092927" visible="true" version="2" changeset="141506713" timestamp="2023-09-20T10:44:15Z" user="stragu" uid="531354">
  <nd ref="10960432698"/>
  <nd ref="10960432699"/>
  <nd ref="10960432695"/>
  <tag k="highway" v="footway"/>
  <tag k="surface" v="concrete"/>
 </way>
 <way id="1217791242" visible="true" version="3" changeset="149567964" timestamp="2024-04-04T12:25:23Z" user="Dan 9" uid="9484321">
  <nd ref="11283683975"/>
  <nd ref="11283680863"/>
  <nd ref="11283680862"/>
  <nd ref="4491839526"/>
  <nd ref="4491839516"/>
  <nd ref="11283680860"/>
  <nd ref="11283680859"/>
  <nd ref="11283680858"/>
  <nd ref="11283680857"/>
  <nd ref="11283683977"/>
  <nd ref="11283680856"/>
  <nd ref="11283680855"/>
  <nd ref="11283680854"/>
  <nd ref="11283680853"/>
  <nd ref="11283680852"/>
  <nd ref="11283680851"/>
  <nd ref="11283680850"/>
  <nd ref="11283680849"/>
  <nd ref="11283680848"/>
  <nd ref="11283683975"/>
  <tag k="access" v="private"/>
  <tag k="amenity" v="parking"/>
  <tag k="parking" v="surface"/>
 </way>
 <way id="1217791243" visible="true" version="1" changeset="143021093" timestamp="2023-10-23T14:21:36Z" user="alexnder" uid="8430074">
  <nd ref="11283683979"/>
  <nd ref="11283683970"/>
  <nd ref="11283683969"/>
  <nd ref="11283683978"/>
  <nd ref="11283683979"/>
  <tag k="amenity" v="parking"/>
  <tag k="parking" v="street_side"/>
 </way>
 <way id="1217791244" visible="true" version="1" changeset="143021093" timestamp="2023-10-23T14:21:36Z" user="alexnder" uid="8430074">
  <nd ref="11283683980"/>
  <nd ref="11283683979"/>
  <nd ref="11283683978"/>
  <nd ref="11283683969"/>
  <nd ref="11283683970"/>
  <nd ref="11283680868"/>
  <nd ref="11283680867"/>
  <nd ref="11283680866"/>
  <nd ref="11283680865"/>
  <nd ref="11283680864"/>
  <nd ref="11283683977"/>
  <nd ref="11283683976"/>
  <nd ref="11283680852"/>
  <nd ref="11283680851"/>
  <nd ref="11283680848"/>
  <nd ref="11283683975"/>
  <nd ref="11283680863"/>
  <nd ref="11283683974"/>
  <nd ref="11283683973"/>
  <nd ref="11283683972"/>
  <nd ref="11283683971"/>
  <nd ref="11283683980"/>
  <tag k="landuse" v="grass"/>
 </way>
 <way id="1217791245" visible="true" version="1" changeset="143021093" timestamp="2023-10-23T14:21:36Z" user="alexnder" uid="8430074">
  <nd ref="11283683989"/>
  <nd ref="11283683988"/>
  <nd ref="11283683987"/>
  <nd ref="11283683986"/>
  <nd ref="11283683985"/>
  <nd ref="11283683984"/>
  <nd ref="11283683983"/>
  <nd ref="11283683982"/>
  <nd ref="11283683981"/>
  <nd ref="11283683989"/>
  <tag k="landuse" v="grass"/>
 </way>
 <way id="1217791246" visible="true" version="1" changeset="143021093" timestamp="2023-10-23T14:21:36Z" user="alexnder" uid="8430074">
  <nd ref="11283683992"/>
  <nd ref="11283683991"/>
  <nd ref="11283683990"/>
  <nd ref="11283683992"/>
  <tag k="landuse" v="grass"/>
 </way>
 <way id="1217791247" visible="true" version="1" changeset="143021093" timestamp="2023-10-23T14:21:36Z" user="alexnder" uid="8430074">
  <nd ref="11283683993"/>
  <nd ref="11283683996"/>
  <nd ref="11283683995"/>
  <nd ref="11283683994"/>
  <nd ref="11283683993"/>
  <tag k="landuse" v="grass"/>
 </way>
 <way id="1217791248" visible="true" version="1" changeset="143021093" timestamp="2023-10-23T14:21:36Z" user="alexnder" uid="8430074">
  <nd ref="11283684003"/>
  <nd ref="11283684002"/>
  <nd ref="11283684001"/>
  <nd ref="11283684000"/>
  <nd ref="11283683999"/>
  <nd ref="11283683998"/>
  <nd ref="11283684003"/>
  <tag k="landuse" v="grass"/>
 </way>
 <way id="1217791249" visible="true" version="1" changeset="143021093" timestamp="2023-10-23T14:21:36Z" user="alexnder" uid="8430074">
  <nd ref="11283684013"/>
  <nd ref="11283684012"/>
  <nd ref="11283684011"/>
  <nd ref="11283684010"/>
  <nd ref="11283684009"/>
  <nd ref="11283684008"/>
  <nd ref="11283684007"/>
  <nd ref="11283684006"/>
  <nd ref="11283684005"/>
  <nd ref="11283684004"/>
  <nd ref="11283684013"/>
  <tag k="area:highway" v="traffic_island"/>
  <tag k="landuse" v="grass"/>
 </way>
 <way id="1217824300" visible="true" version="1" changeset="143026523" timestamp="2023-10-23T16:38:56Z" user="alexnder" uid="8430074">
  <nd ref="11283965419"/>
  <nd ref="11283965418"/>
  <nd ref="11283965417"/>
  <nd ref="11283965416"/>
  <nd ref="11283965415"/>
  <nd ref="11283965414"/>
  <nd ref="11283965413"/>
  <nd ref="11283965412"/>
  <nd ref="11283965411"/>
  <nd ref="11283965410"/>
  <nd ref="11283965409"/>
  <nd ref="11283965408"/>
  <nd ref="11283965419"/>
  <tag k="landuse" v="grass"/>
 </way>
 <way id="1217824301" visible="true" version="1" changeset="143026523" timestamp="2023-10-23T16:38:56Z" user="alexnder" uid="8430074">
  <nd ref="11283965423"/>
  <nd ref="11283965422"/>
  <nd ref="11283965421"/>
  <nd ref="11283965420"/>
  <nd ref="11283965423"/>
  <tag k="building" v="yes"/>
 </way>
 <way id="1217824302" visible="true" version="2" changeset="149567964" timestamp="2024-04-04T12:25:23Z" user="Dan 9" uid="9484321">
  <nd ref="11283680859"/>
  <nd ref="9787404402"/>
  <nd ref="4491839516"/>
  <nd ref="11283680860"/>
  <nd ref="11283680859"/>
  <tag k="landuse" v="grass"/>
 </way>
 <way id="1217866643" visible="true" version="3" changeset="181820840" timestamp="2026-04-25T19:33:26Z" user="one_electro_dan" uid="22582172">
  <nd ref="13761554476"/>
  <nd ref="11284510573"/>
  <nd ref="11284510572"/>
  <nd ref="13761554474"/>
  <nd ref="13761554476"/>
  <tag k="access" v="yes"/>
  <tag k="amenity" v="parking"/>
  <tag k="fee" v="no"/>
  <tag k="operator" v="Universitatea Politehnica din București"/>
  <tag k="parking" v="street_side"/>
 </way>
 <way id="1217866644" visible="true" version="1" changeset="143031722" timestamp="2023-10-23T19:03:23Z" user="alexnder" uid="8430074">
  <nd ref="11284510575"/>
  <nd ref="11284510576"/>
  <nd ref="11284510577"/>
  <nd ref="11284510578"/>
  <nd ref="11284510579"/>
  <nd ref="11284510580"/>
  <nd ref="11284510585"/>
  <nd ref="11284510584"/>
  <nd ref="11284510581"/>
  <nd ref="11284510583"/>
  <nd ref="11284510582"/>
  <nd ref="11284510575"/>
  <tag k="landuse" v="grass"/>
 </way>
 <way id="1217866645" visible="true" version="3" changeset="181820840" timestamp="2026-04-25T19:33:26Z" user="one_electro_dan" uid="22582172">
  <nd ref="13761554477"/>
  <nd ref="13761554473"/>
  <nd ref="11284510588"/>
  <nd ref="11284510587"/>
  <nd ref="13761554477"/>
  <tag k="access" v="yes"/>
  <tag k="amenity" v="parking"/>
  <tag k="fee" v="no"/>
  <tag k="operator" v="Universitatea Politehnica din București"/>
  <tag k="parking" v="street_side"/>
 </way>
 <way id="1217866646" visible="true" version="2" changeset="181820840" timestamp="2026-04-25T19:33:26Z" user="one_electro_dan" uid="22582172">
  <nd ref="11284510589"/>
  <nd ref="13761554473"/>
  <nd ref="11284510588"/>
  <nd ref="11284510590"/>
  <nd ref="11284510591"/>
  <nd ref="11284510592"/>
  <nd ref="11284510593"/>
  <nd ref="11284510594"/>
  <nd ref="11284510595"/>
  <nd ref="11284510589"/>
  <tag k="landuse" v="grass"/>
 </way>
 <way id="1217866647" visible="true" version="2" changeset="181820840" timestamp="2026-04-25T19:33:26Z" user="one_electro_dan" uid="22582172">
  <nd ref="11284510596"/>
  <nd ref="13761554478"/>
  <nd ref="11284510597"/>
  <nd ref="11284510598"/>
  <nd ref="11284510599"/>
  <nd ref="11284510600"/>
  <nd ref="11284510601"/>
  <nd ref="11284510602"/>
  <nd ref="11284510603"/>
  <nd ref="11284510596"/>
  <tag k="landuse" v="grass"/>
 </way>
 <way id="1217866648" visible="true" version="2" changeset="181820840" timestamp="2026-04-25T19:33:26Z" user="one_electro_dan" uid="22582172">
  <nd ref="13761554478"/>
  <nd ref="13761554475"/>
  <nd ref="11284510605"/>
  <nd ref="11284510597"/>
  <nd ref="13761554478"/>
  <tag k="access" v="yes"/>
  <tag k="amenity" v="parking"/>
  <tag k="fee" v="no"/>
  <tag k="operator" v="Universitatea Politehnica din București"/>
  <tag k="parking" v="street_side"/>
 </way>
 <way id="1217866651" visible="true" version="1" changeset="143031722" timestamp="2023-10-23T19:03:23Z" user="alexnder" uid="8430074">
  <nd ref="11284510620"/>
  <nd ref="11284510621"/>
  <nd ref="11284510622"/>
  <nd ref="11284510623"/>
  <nd ref="11284510624"/>
  <nd ref="11284510625"/>
  <nd ref="11284510626"/>
  <nd ref="11284510620"/>
  <tag k="area:highway" v="traffic_island"/>
  <tag k="landuse" v="grass"/>
 </way>
 <way id="1217866652" visible="true" version="1" changeset="143031722" timestamp="2023-10-23T19:03:23Z" user="alexnder" uid="8430074">
  <nd ref="11284510627"/>
  <nd ref="11284510628"/>
  <nd ref="11284510629"/>
  <nd ref="11284510630"/>
  <nd ref="11284510631"/>
  <nd ref="11284510632"/>
  <nd ref="11284510633"/>
  <nd ref="11284510634"/>
  <nd ref="11284510627"/>
  <tag k="area:highway" v="traffic_island"/>
  <tag k="landuse" v="grass"/>
 </way>
 <way id="1217866653" visible="true" version="1" changeset="143031722" timestamp="2023-10-23T19:03:23Z" user="alexnder" uid="8430074">
  <nd ref="6329300767"/>
  <nd ref="288300353"/>
  <tag k="highway" v="service"/>
 </way>
 <way id="1217866654" visible="true" version="1" changeset="143031722" timestamp="2023-10-23T19:03:23Z" user="alexnder" uid="8430074">
  <nd ref="11284510635"/>
  <nd ref="11284510636"/>
  <nd ref="11284510637"/>
  <nd ref="11284510638"/>
  <nd ref="11284510639"/>
  <nd ref="11284510640"/>
  <nd ref="11284510641"/>
  <nd ref="11284510642"/>
  <nd ref="11284510643"/>
  <nd ref="11284510644"/>
  <nd ref="11284510635"/>
  <tag k="landuse" v="grass"/>
 </way>
 <way id="1217866655" visible="true" version="3" changeset="181820840" timestamp="2026-04-25T19:33:26Z" user="one_electro_dan" uid="22582172">
  <nd ref="11284510645"/>
  <nd ref="11284510646"/>
  <nd ref="11284510647"/>
  <nd ref="11284510648"/>
  <nd ref="11284510645"/>
  <tag k="access" v="yes"/>
  <tag k="amenity" v="parking"/>
  <tag k="fee" v="no"/>
  <tag k="operator" v="Universitatea Politehnica din București"/>
  <tag k="parking" v="street_side"/>
 </way>
 <way id="1217866656" visible="true" version="3" changeset="161678227" timestamp="2025-01-23T15:08:42Z" user="Gorka115" uid="9458168">
  <nd ref="11284510649"/>
  <nd ref="12321293234"/>
  <nd ref="11284510650"/>
  <nd ref="288300350"/>
  <tag k="highway" v="service"/>
  <tag k="surface" v="asphalt"/>
 </way>
 <way id="1238883002" visible="true" version="1" changeset="146149435" timestamp="2024-01-11T15:55:09Z" user="Dan 9" uid="9484321">
  <nd ref="10765838523"/>
  <nd ref="11508798557"/>
  <tag k="highway" v="service"/>
  <tag k="maxspeed" v="10"/>
  <tag k="motor_vehicle" v="private"/>
  <tag k="service" v="alley"/>
  <tag k="surface" v="asphalt"/>
 </way>
 <way id="1238883016" visible="true" version="1" changeset="146149435" timestamp="2024-01-11T15:55:09Z" user="Dan 9" uid="9484321">
  <nd ref="11508840132"/>
  <nd ref="11508840133"/>
  <nd ref="11508840134"/>
  <nd ref="11508840135"/>
  <nd ref="11508840136"/>
  <nd ref="11508840172"/>
  <nd ref="11508840170"/>
  <nd ref="11508840137"/>
  <nd ref="11508840174"/>
  <nd ref="11508840138"/>
  <nd ref="11508840154"/>
  <nd ref="11508840139"/>
  <nd ref="11508840132"/>
  <tag k="landuse" v="grass"/>
 </way>
 <way id="1238883018" visible="true" version="2" changeset="180937025" timestamp="2026-04-06T10:26:13Z" user="razvan-v-poli" uid="23971167">
  <nd ref="11508840146"/>
  <nd ref="11508840164"/>
  <nd ref="11508840174"/>
  <tag k="highway" v="footway"/>
  <tag k="smoothness" v="excellent"/>
  <tag k="surface" v="paving_stones"/>
 </way>
 <way id="1238883019" visible="true" version="2" changeset="180937025" timestamp="2026-04-06T10:26:13Z" user="razvan-v-poli" uid="23971167">
  <nd ref="11508840147"/>
  <nd ref="11508840163"/>
  <nd ref="11508840165"/>
  <nd ref="11508840167"/>
  <nd ref="11508840148"/>
  <tag k="highway" v="footway"/>
  <tag k="smoothness" v="good"/>
  <tag k="surface" v="paving_stones"/>
 </way>
 <way id="1238883025" visible="true" version="2" changeset="180937025" timestamp="2026-04-06T10:26:13Z" user="razvan-v-poli" uid="23971167">
  <nd ref="11508840162"/>
  <nd ref="11508840164"/>
  <nd ref="11508840163"/>
  <tag k="highway" v="footway"/>
  <tag k="smoothness" v="excellent"/>
  <tag k="surface" v="paving_stones"/>
 </way>
 <way id="1238883026" visible="true" version="2" changeset="180937025" timestamp="2026-04-06T10:26:13Z" user="razvan-v-poli" uid="23971167">
  <nd ref="11508840146"/>
  <nd ref="11508840165"/>
  <tag k="highway" v="footway"/>
  <tag k="smoothness" v="excellent"/>
  <tag k="surface" v="paving_stones"/>
 </way>
 <way id="1238883027" visible="true" version="2" changeset="180937025" timestamp="2026-04-06T10:26:13Z" user="razvan-v-poli" uid="23971167">
  <nd ref="11508840166"/>
  <nd ref="11508840181"/>
  <nd ref="11508840167"/>
  <tag k="highway" v="footway"/>
  <tag k="smoothness" v="excellent"/>
  <tag k="surface" v="paving_stones"/>
 </way>
 <way id="1238883028" visible="true" version="2" changeset="180937025" timestamp="2026-04-06T10:26:13Z" user="razvan-v-poli" uid="23971167">
  <nd ref="11508840168"/>
  <nd ref="11508840182"/>
  <nd ref="11508840181"/>
  <nd ref="11508840165"/>
  <tag k="highway" v="footway"/>
  <tag k="smoothness" v="excellent"/>
  <tag k="surface" v="paving_stones"/>
 </way>
 <way id="1238883029" visible="true" version="1" changeset="146149435" timestamp="2024-01-11T15:55:09Z" user="Dan 9" uid="9484321">
  <nd ref="11508840169"/>
  <nd ref="11508840182"/>
  <nd ref="11508840170"/>
  <tag k="highway" v="footway"/>
  <tag k="surface" v="paving_stones"/>
 </way>
 <way id="1238883030" visible="true" version="2" changeset="180937025" timestamp="2026-04-06T10:26:13Z" user="razvan-v-poli" uid="23971167">
  <nd ref="11508840171"/>
  <nd ref="11508840172"/>
  <tag k="highway" v="footway"/>
  <tag k="smoothness" v="excellent"/>
  <tag k="surface" v="paving_stones"/>
 </way>
 <way id="1240146367" visible="true" version="2" changeset="161678227" timestamp="2025-01-23T15:08:39Z" user="Gorka115" uid="9458168">
  <nd ref="11521746892"/>
  <nd ref="11521746891"/>
  <nd ref="11521746890"/>
  <nd ref="11521746889"/>
  <nd ref="11521746897"/>
  <tag k="highway" v="service"/>
  <tag k="surface" v="asphalt"/>
 </way>
 <way id="1240146368" visible="true" version="3" changeset="161678227" timestamp="2025-01-23T15:08:37Z" user="Gorka115" uid="9458168">
  <nd ref="11521746898"/>
  <nd ref="12211911027"/>
  <nd ref="11521746897"/>
  <nd ref="11521746896"/>
  <nd ref="11521746895"/>
  <nd ref="11521746894"/>
  <nd ref="11521746888"/>
  <nd ref="11521746893"/>
  <nd ref="11521746892"/>
  <tag k="highway" v="service"/>
  <tag k="surface" v="asphalt"/>
 </way>
 <way id="1269036027" visible="true" version="1" changeset="149567964" timestamp="2024-04-04T12:25:23Z" user="Dan 9" uid="9484321">
  <nd ref="11786828816"/>
  <nd ref="11786828817"/>
  <nd ref="11786828818"/>
  <nd ref="11786828819"/>
  <nd ref="11786828816"/>
  <tag k="building" v="military"/>
  <tag k="building:levels" v="1"/>
  <tag k="military" v="office"/>
  <tag k="start_date" v="2022"/>
 </way>
 <way id="1269036028" visible="true" version="1" changeset="149567964" timestamp="2024-04-04T12:25:23Z" user="Dan 9" uid="9484321">
  <nd ref="11786828825"/>
  <nd ref="11786828830"/>
  <nd ref="11786828829"/>
  <nd ref="11786828832"/>
  <nd ref="11786828828"/>
  <nd ref="11786828827"/>
  <nd ref="11786828825"/>
  <tag k="access" v="private"/>
  <tag k="highway" v="service"/>
  <tag k="service" v="driveway"/>
  <tag k="surface" v="concrete"/>
 </way>
 <way id="1269036029" visible="true" version="1" changeset="149567964" timestamp="2024-04-04T12:25:23Z" user="Dan 9" uid="9484321">
  <nd ref="11786828826"/>
  <nd ref="11786828824"/>
  <nd ref="11786828823"/>
  <tag k="highway" v="service"/>
  <tag k="maxspeed" v="10"/>
  <tag k="service" v="driveway"/>
  <tag k="surface" v="asphalt"/>
 </way>
 <way id="1269036030" visible="true" version="2" changeset="156344302" timestamp="2024-09-08T10:17:13Z" user="Dan 9" uid="9484321">
  <nd ref="11786828827"/>
  <nd ref="11786828831"/>
  <tag k="access" v="private"/>
  <tag k="highway" v="service"/>
  <tag k="service" v="driveway"/>
  <tag k="surface" v="concrete"/>
 </way>
 <way id="1269036034" visible="true" version="1" changeset="149567964" timestamp="2024-04-04T12:25:23Z" user="Dan 9" uid="9484321">
  <nd ref="2871976201"/>
  <nd ref="11786828846"/>
  <nd ref="11786828847"/>
  <nd ref="11786828848"/>
  <nd ref="2871976201"/>
  <tag k="addr:city" v="București"/>
  <tag k="addr:country" v="RO"/>
  <tag k="addr:housenumber" v="7-9"/>
  <tag k="addr:postcode" v="061072"/>
  <tag k="addr:street" v="Bulevardul Iuliu Maniu"/>
  <tag k="building" v="military"/>
  <tag k="building:levels" v="1"/>
  <tag k="office" v="security"/>
  <tag k="source:addr:housenumber" v="survey"/>
  <tag k="source:addr:street" v="survey"/>
 </way>
 <way id="1269036035" visible="true" version="1" changeset="149567964" timestamp="2024-04-04T12:25:23Z" user="Dan 9" uid="9484321">
  <nd ref="11786828825"/>
  <nd ref="11786828826"/>
  <tag k="access" v="private"/>
  <tag k="highway" v="service"/>
  <tag k="service" v="driveway"/>
  <tag k="surface" v="concrete"/>
 </way>
 <way id="1269036036" visible="true" version="1" changeset="149567964" timestamp="2024-04-04T12:25:23Z" user="Dan 9" uid="9484321">
  <nd ref="11786828867"/>
  <nd ref="11786842969"/>
  <nd ref="11786842970"/>
  <nd ref="11786842971"/>
  <nd ref="11786842976"/>
  <nd ref="11786842977"/>
  <nd ref="11786842972"/>
  <nd ref="11786842973"/>
  <nd ref="11786842974"/>
  <nd ref="11786842975"/>
  <nd ref="11786828868"/>
  <nd ref="7136982535"/>
  <tag k="access" v="permit"/>
  <tag k="highway" v="footway"/>
 </way>
 <way id="1269036037" visible="true" version="1" changeset="149567964" timestamp="2024-04-04T12:25:23Z" user="Dan 9" uid="9484321">
  <nd ref="7136982535"/>
  <nd ref="11786842978"/>
  <tag k="access" v="permit"/>
  <tag k="highway" v="footway"/>
 </way>
 <way id="1269036038" visible="true" version="10" changeset="181751213" timestamp="2026-04-24T07:47:13Z" user="darksky995" uid="23630558">
  <nd ref="7136982535"/>
  <nd ref="7281243741"/>
  <nd ref="6909034279"/>
  <nd ref="8376097527"/>
  <nd ref="10766754035"/>
  <nd ref="6329204705"/>
  <nd ref="255689313"/>
  <nd ref="11508798553"/>
  <nd ref="6329376064"/>
  <nd ref="255689312"/>
  <nd ref="6329373353"/>
  <nd ref="7204220582"/>
  <nd ref="255689311"/>
  <nd ref="255689310"/>
  <nd ref="11284510650"/>
  <nd ref="12323345879"/>
  <nd ref="2818209409"/>
  <nd ref="8850944071"/>
  <nd ref="255689309"/>
  <nd ref="13735587930"/>
  <nd ref="13758035932"/>
  <nd ref="13735587936"/>
  <nd ref="13735587929"/>
  <nd ref="13758035933"/>
  <nd ref="13738517342"/>
  <nd ref="255689308"/>
  <nd ref="13758035934"/>
  <nd ref="13735587935"/>
  <nd ref="13735587926"/>
  <nd ref="13758035942"/>
  <nd ref="13738517340"/>
  <nd ref="13758035935"/>
  <nd ref="255689307"/>
  <nd ref="13758035936"/>
  <nd ref="13758035941"/>
  <nd ref="13758035940"/>
  <nd ref="255689306"/>
  <nd ref="13758035937"/>
  <nd ref="6551176075"/>
  <nd ref="13758035939"/>
  <nd ref="6551176074"/>
  <nd ref="12037990436"/>
  <nd ref="13749487705"/>
  <nd ref="13749487704"/>
  <nd ref="6551030198"/>
  <nd ref="6551030199"/>
  <nd ref="6551030201"/>
  <nd ref="6551030203"/>
  <nd ref="6551030204"/>
  <nd ref="6551030208"/>
  <nd ref="6551030209"/>
  <nd ref="6551030186"/>
  <nd ref="6551030210"/>
  <nd ref="8793034152"/>
  <nd ref="8793034153"/>
  <nd ref="8793034154"/>
  <nd ref="6550991882"/>
  <nd ref="6550991879"/>
  <nd ref="8793034155"/>
  <nd ref="8793034156"/>
  <nd ref="8793034157"/>
  <nd ref="6551466942"/>
  <nd ref="6551466939"/>
  <nd ref="6551378152"/>
  <nd ref="6551378149"/>
  <nd ref="8793034158"/>
  <nd ref="9387623610"/>
  <nd ref="9387623609"/>
  <nd ref="9387623608"/>
  <nd ref="8943561873"/>
  <nd ref="8943561872"/>
  <nd ref="8943561871"/>
  <nd ref="10730806171"/>
  <nd ref="8943561870"/>
  <nd ref="8943561869"/>
  <nd ref="3273445143"/>
  <nd ref="113911442"/>
  <nd ref="3273445145"/>
  <nd ref="113911443"/>
  <nd ref="113911444"/>
  <nd ref="3273445128"/>
  <nd ref="113911446"/>
  <nd ref="3273446662"/>
  <nd ref="113911447"/>
  <nd ref="113911449"/>
  <nd ref="3273445140"/>
  <nd ref="3273445150"/>
  <nd ref="113911450"/>
  <nd ref="3273445119"/>
  <nd ref="113911451"/>
  <nd ref="3273445157"/>
  <nd ref="113911452"/>
  <nd ref="3273445152"/>
  <nd ref="3273446670"/>
  <nd ref="113911454"/>
  <nd ref="113911455"/>
  <nd ref="113911457"/>
  <nd ref="3273445117"/>
  <nd ref="113911459"/>
  <nd ref="113911460"/>
  <nd ref="3273446679"/>
  <nd ref="113911462"/>
  <nd ref="113911463"/>
  <nd ref="113911465"/>
  <nd ref="174855325"/>
  <nd ref="174855326"/>
  <nd ref="113911466"/>
  <nd ref="174855328"/>
  <nd ref="113911467"/>
  <nd ref="4221495080"/>
  <nd ref="174855330"/>
  <nd ref="113911469"/>
  <nd ref="174855331"/>
  <nd ref="174855332"/>
  <nd ref="113911471"/>
  <nd ref="113911472"/>
  <nd ref="259382477"/>
  <nd ref="113914005"/>
  <nd ref="113914006"/>
  <nd ref="174855333"/>
  <nd ref="113914007"/>
  <nd ref="174855335"/>
  <nd ref="113914008"/>
  <nd ref="113914009"/>
  <nd ref="113914010"/>
  <nd ref="174855337"/>
  <nd ref="113914011"/>
  <nd ref="9838839794"/>
  <nd ref="9094877491"/>
  <nd ref="174855338"/>
  <nd ref="255225579"/>
  <nd ref="3298391600"/>
  <nd ref="3298391602"/>
  <nd ref="3298391601"/>
  <nd ref="9838839796"/>
  <nd ref="2817384191"/>
  <nd ref="2817384192"/>
  <nd ref="237721787"/>
  <nd ref="2817589038"/>
  <nd ref="2817384194"/>
  <nd ref="2817384196"/>
  <nd ref="268245739"/>
  <nd ref="6654960946"/>
  <nd ref="237721783"/>
  <nd ref="4898280204"/>
  <nd ref="3575454020"/>
  <nd ref="7684439657"/>
  <nd ref="3575454021"/>
  <nd ref="9094877489"/>
  <nd ref="8656261337"/>
  <nd ref="9094877488"/>
  <nd ref="982751567"/>
  <nd ref="6909229778"/>
  <nd ref="982751559"/>
  <nd ref="982751555"/>
  <nd ref="11703652595"/>
  <nd ref="11703652585"/>
  <nd ref="11703652594"/>
  <nd ref="11703652619"/>
  <nd ref="7951692903"/>
  <nd ref="7951692908"/>
  <nd ref="7951692907"/>
  <nd ref="982751499"/>
  <nd ref="2267967443"/>
  <nd ref="8457797468"/>
  <nd ref="2290562961"/>
  <nd ref="2290562928"/>
  <nd ref="7951692909"/>
  <nd ref="3774959333"/>
  <nd ref="3774959328"/>
  <nd ref="6490434801"/>
  <nd ref="2385772988"/>
  <nd ref="6057338982"/>
  <nd ref="2782755837"/>
  <nd ref="9321772881"/>
  <nd ref="7856188389"/>
  <nd ref="7951692890"/>
  <nd ref="7951692892"/>
  <nd ref="7951692893"/>
  <nd ref="7951692894"/>
  <nd ref="7951692889"/>
  <nd ref="7951692895"/>
  <nd ref="7951692887"/>
  <nd ref="8194930958"/>
 </way>
 <way id="1269036039" visible="true" version="1" changeset="149567964" timestamp="2024-04-04T12:25:23Z" user="Dan 9" uid="9484321">
  <nd ref="11786842987"/>
  <nd ref="11786842988"/>
  <nd ref="11786842989"/>
  <nd ref="11786842990"/>
  <nd ref="11786842987"/>
  <tag k="access" v="customers"/>
  <tag k="covered" v="yes"/>
  <tag k="leisure" v="outdoor_seating"/>
  <tag k="lit" v="yes"/>
  <tag k="operator" v="Chez Bingo Gabi"/>
 </way>
 <way id="1269036040" visible="true" version="2" changeset="180365437" timestamp="2026-03-24T17:20:32Z" user="razvan-v-poli" uid="23971167">
  <nd ref="9787404397"/>
  <nd ref="9787404400"/>
  <tag k="access" v="permissive"/>
  <tag k="check_date:surface" v="2026-03-24"/>
  <tag k="footway" v="sidewalk"/>
  <tag k="highway" v="footway"/>
  <tag k="surface" v="paved"/>
 </way>
 <way id="1269036041" visible="true" version="1" changeset="149567964" timestamp="2024-04-04T12:25:23Z" user="Dan 9" uid="9484321">
  <nd ref="11786843007"/>
  <nd ref="11786843009"/>
  <nd ref="11786843010"/>
  <nd ref="11786843008"/>
  <tag k="access" v="permissive"/>
  <tag k="footway" v="sidewalk"/>
  <tag k="highway" v="footway"/>
  <tag k="surface" v="paved"/>
 </way>
 <way id="1269036042" visible="true" version="1" changeset="149567964" timestamp="2024-04-04T12:25:23Z" user="Dan 9" uid="9484321">
  <nd ref="11786843008"/>
  <nd ref="11786843011"/>
  <nd ref="10960432687"/>
  <tag k="access" v="permissive"/>
  <tag k="footway" v="sidewalk"/>
  <tag k="highway" v="footway"/>
  <tag k="surface" v="paved"/>
 </way>
 <way id="1269036043" visible="true" version="1" changeset="149567964" timestamp="2024-04-04T12:25:23Z" user="Dan 9" uid="9484321">
  <nd ref="10960432688"/>
  <nd ref="11786843008"/>
  <tag k="access" v="permissive"/>
  <tag k="footway" v="sidewalk"/>
  <tag k="highway" v="footway"/>
  <tag k="surface" v="paved"/>
 </way>
 <way id="1269036044" visible="true" version="1" changeset="149567964" timestamp="2024-04-04T12:25:23Z" user="Dan 9" uid="9484321">
  <nd ref="9787404406"/>
  <nd ref="9787404403"/>
  <tag k="access" v="permissive"/>
  <tag k="footway" v="sidewalk"/>
  <tag k="highway" v="footway"/>
  <tag k="surface" v="paved"/>
 </way>
 <way id="1279629947" visible="true" version="1" changeset="150877180" timestamp="2024-05-04T12:17:31Z" user="plut0_n" uid="21409089">
  <nd ref="11878731335"/>
  <nd ref="11878731336"/>
  <nd ref="11878731337"/>
  <nd ref="11878731338"/>
  <nd ref="11878731335"/>
  <tag k="access" v="permissive"/>
  <tag k="amenity" v="bicycle_parking"/>
  <tag k="bicycle_parking" v="stands"/>
  <tag k="capacity" v="50"/>
  <tag k="covered" v="no"/>
  <tag k="fee" v="no"/>
  <tag k="operator" v="Universitatea Politehnica"/>
  <tag k="operator:type" v="university"/>
 </way>
 <way id="1282776541" visible="true" version="1" changeset="151305283" timestamp="2024-05-14T10:22:26Z" user="PulisakZ" uid="9026132">
  <nd ref="6525526792"/>
  <nd ref="11786828823"/>
  <nd ref="2534596677"/>
  <tag k="busway" v="lane"/>
  <tag k="highway" v="primary"/>
  <tag k="int_ref" v="E 81"/>
  <tag k="lanes" v="3"/>
  <tag k="lit" v="yes"/>
  <tag k="maxspeed" v="50"/>
  <tag k="maxspeed:hgv" v="40"/>
  <tag k="name" v="Bulevardul Iuliu Maniu"/>
  <tag k="oneway" v="yes"/>
  <tag k="sidewalk" v="separate"/>
  <tag k="smoothness" v="excellent"/>
  <tag k="surface" v="asphalt"/>
  <tag k="surface_survey" v="2020AUG_"/>
  <tag k="trolley_wire" v="yes"/>
 </way>
 <way id="1282776542" visible="true" version="1" changeset="151305283" timestamp="2024-05-14T10:22:26Z" user="PulisakZ" uid="9026132">
  <nd ref="581781"/>
  <nd ref="1341209741"/>
  <nd ref="255689155"/>
  <nd ref="2290455859"/>
  <nd ref="2453034160"/>
  <nd ref="2534603298"/>
  <nd ref="2290455880"/>
  <tag k="busway" v="lane"/>
  <tag k="highway" v="primary"/>
  <tag k="int_ref" v="E 81"/>
  <tag k="lanes" v="3"/>
  <tag k="lit" v="yes"/>
  <tag k="maxspeed" v="50"/>
  <tag k="maxspeed:hgv" v="40"/>
  <tag k="name" v="Bulevardul Iuliu Maniu"/>
  <tag k="oneway" v="yes"/>
  <tag k="sidewalk" v="separate"/>
  <tag k="smoothness" v="excellent"/>
  <tag k="surface" v="asphalt"/>
  <tag k="surface_survey" v="2020AUG_"/>
  <tag k="trolley_wire" v="yes"/>
 </way>
 <way id="1319075927" visible="true" version="2" changeset="166076562" timestamp="2025-05-10T16:13:56Z" user="bubolex" uid="1497516">
  <nd ref="6525526797"/>
  <nd ref="6525526796"/>
  <nd ref="6525526795"/>
  <nd ref="11786828849"/>
  <nd ref="6525526794"/>
  <nd ref="12826015853"/>
  <nd ref="6909034279"/>
  <nd ref="8850944089"/>
  <nd ref="6525526792"/>
  <tag k="highway" v="service"/>
  <tag k="oneway" v="yes"/>
  <tag k="service" v="driveway"/>
  <tag k="surface" v="asphalt"/>
 </way>
 <way id="1331474484" visible="true" version="1" changeset="158834301" timestamp="2024-11-06T21:30:50Z" user="Dan 9" uid="9484321">
  <nd ref="10765838534"/>
  <nd ref="10765838535"/>
  <tag k="highway" v="service"/>
  <tag k="maxspeed" v="5"/>
  <tag k="motor_vehicle" v="private"/>
  <tag k="service" v="driveway"/>
  <tag k="surface" v="asphalt"/>
 </way>
 <way id="1331913275" visible="true" version="2" changeset="180937034" timestamp="2026-04-06T10:26:12Z" user="razvan-v-poli" uid="23971167">
  <nd ref="9787404389"/>
  <nd ref="12323345879"/>
  <nd ref="9787404390"/>
  <tag k="access" v="permissive"/>
  <tag k="footway" v="sidewalk"/>
  <tag k="highway" v="footway"/>
  <tag k="surface" v="concrete"/>
 </way>
 <way id="1331913276" visible="true" version="1" changeset="158889840" timestamp="2024-11-08T10:37:37Z" user="Dan 9" uid="9484321">
  <nd ref="288300353"/>
  <nd ref="9787404389"/>
  <tag k="access" v="permissive"/>
  <tag k="highway" v="footway"/>
  <tag k="surface" v="paved"/>
 </way>
 <way id="1424955199" visible="true" version="1" changeset="171016304" timestamp="2025-08-26T08:58:58Z" user="betterMaps421" uid="23091446">
  <nd ref="13097928234"/>
  <nd ref="13097928235"/>
  <tag k="natural" v="tree_row"/>
 </way>
 <way id="1501541319" visible="true" version="1" changeset="181599045" timestamp="2026-04-20T19:39:00Z" user="Dan 9" uid="9484321">
  <nd ref="13746449724"/>
  <nd ref="13746449730"/>
  <nd ref="13746449725"/>
  <nd ref="13746449726"/>
  <nd ref="13746449727"/>
  <nd ref="13746449728"/>
  <nd ref="13746449729"/>
  <nd ref="13746449724"/>
  <tag k="building" v="yes"/>
  <tag k="building:levels" v="3"/>
  <tag k="height" v="10"/>
  <tag k="military" v="office"/>
  <tag k="start_date" v="2022"/>
 </way>
 <way id="1501541320" visible="true" version="1" changeset="181599045" timestamp="2026-04-20T19:39:00Z" user="Dan 9" uid="9484321">
  <nd ref="13746449728"/>
  <nd ref="13746449730"/>
  <nd ref="13746449724"/>
  <nd ref="13746449729"/>
  <nd ref="13746449728"/>
  <tag k="building:levels" v="1"/>
  <tag k="building:part" v="yes"/>
  <tag k="height" v="5"/>
 </way>
 <way id="1503694704" visible="true" version="1" changeset="181820840" timestamp="2026-04-25T19:33:26Z" user="one_electro_dan" uid="22582172">
  <nd ref="13761554475"/>
  <nd ref="13761554478"/>
  <nd ref="11284510596"/>
  <nd ref="11284510604"/>
  <nd ref="13761554475"/>
  <tag k="access" v="yes"/>
  <tag k="amenity" v="parking"/>
  <tag k="fee" v="no"/>
  <tag k="operator" v="Universitatea Politehnica din București"/>
  <tag k="parking" v="street_side"/>
 </way>
 <way id="1503694705" visible="true" version="1" changeset="181820840" timestamp="2026-04-25T19:33:26Z" user="one_electro_dan" uid="22582172">
  <nd ref="13761554474"/>
  <nd ref="11284510571"/>
  <nd ref="11284510574"/>
  <nd ref="13761554476"/>
  <nd ref="13761554474"/>
  <tag k="access" v="yes"/>
  <tag k="amenity" v="parking"/>
  <tag k="fee" v="no"/>
  <tag k="operator" v="Universitatea Politehnica din București"/>
  <tag k="parking" v="street_side"/>
 </way>
 <way id="1503694706" visible="true" version="1" changeset="181820840" timestamp="2026-04-25T19:33:26Z" user="one_electro_dan" uid="22582172">
  <nd ref="13761554477"/>
  <nd ref="11284510586"/>
  <nd ref="11284510589"/>
  <nd ref="13761554473"/>
  <nd ref="13761554477"/>
  <tag k="access" v="yes"/>
  <tag k="amenity" v="parking"/>
  <tag k="fee" v="no"/>
  <tag k="operator" v="Universitatea Politehnica din București"/>
  <tag k="parking" v="street_side"/>
 </way>
 <way id="1552985768" visible="true" version="1" changeset="188108986" timestamp="2026-08-27T17:24:10Z" user="Dan 9" uid="9484321">
  <nd ref="14129377515"/>
  <nd ref="2290455884"/>
  <nd ref="14129377514"/>
  <nd ref="2290455851"/>
  <tag k="access" v="private"/>
  <tag k="highway" v="service"/>
  <tag k="service" v="driveway"/>
 </way>
 <way id="1552985769" visible="true" version="1" changeset="188108986" timestamp="2026-08-27T17:24:10Z" user="Dan 9" uid="9484321">
  <nd ref="6228053256"/>
  <nd ref="14129377515"/>
  <tag k="access" v="private"/>
  <tag k="highway" v="service"/>
  <tag k="service" v="driveway"/>
 </way>
 <way id="1552985770" visible="true" version="1" changeset="188108986" timestamp="2026-08-27T17:24:10Z" user="Dan 9" uid="9484321">
  <nd ref="14129377515"/>
  <nd ref="7281243742"/>
  <nd ref="7136982535"/>
 </way>
 <way id="1552985771" visible="true" version="1" changeset="188108986" timestamp="2026-08-27T17:24:10Z" user="Dan 9" uid="9484321">
  <nd ref="14129377510"/>
  <nd ref="14129377515"/>
  <nd ref="7281243742"/>
  <nd ref="7281243743"/>
  <nd ref="2290455851"/>
  <nd ref="8376097580"/>
  <nd ref="14129377510"/>
  <tag k="addr:city" v="București"/>
  <tag k="addr:housenumber" v="11"/>
  <tag k="addr:postcode" v="061072"/>
  <tag k="addr:street" v="Bulevardul Iuliu Maniu"/>
  <tag k="amenity" v="childcare"/>
  <tag k="building" v="no"/>
 </way>
 <way id="1552985772" visible="true" version="1" changeset="188108986" timestamp="2026-08-27T17:24:10Z" user="Dan 9" uid="9484321">
  <nd ref="14129377516"/>
  <nd ref="14129377517"/>
  <nd ref="14129377518"/>
  <nd ref="14129377519"/>
  <nd ref="14129377520"/>
  <nd ref="14129377521"/>
  <nd ref="14129377522"/>
  <nd ref="14129377516"/>
  <tag k="addr:city" v="București"/>
  <tag k="addr:housenumber" v="11B"/>
  <tag k="addr:postcode" v="061072"/>
  <tag k="addr:street" v="Bulevardul Iuliu Maniu"/>
  <tag k="amenity" v="childcare"/>
  <tag k="building" v="yes"/>
  <tag k="building:levels" v="2"/>
  <tag k="height" v="8"/>
  <tag k="opening_hours" v="Mo-Fr 07:30-18:30"/>
  <tag k="operator" v="Grădiniței nr. 274"/>
  <tag k="operator:type" v="public"/>
  <tag k="phone" v="+40 21 316 33 45"/>
  <tag k="start_date" v="2026"/>
 </way>
 <relation id="38258" visible="true" version="1815" changeset="188330270" timestamp="2026-08-31T20:51:01Z" user="one_electro_dan" uid="22582172">
  <member type="way" ref="1444227853" role=""/>
  <member type="way" ref="1444227856" role=""/>
  <member type="way" ref="27814202" role="forward"/>
  <member type="way" ref="243206139" role=""/>
  <member type="way" ref="1171299700" role=""/>
  <member type="way" ref="1171299699" role=""/>
  <member type="way" ref="1171299698" role=""/>
  <member type="way" ref="1210498926" role=""/>
  <member type="way" ref="535461414" role=""/>
  <member type="way" ref="1531914425" role=""/>
  <member type="way" ref="1531914424" role=""/>
  <member type="way" ref="1531914423" role=""/>
  <member type="way" ref="1531914427" role=""/>
  <member type="way" ref="1531914428" role=""/>
  <member type="way" ref="1531914429" role=""/>
  <member type="way" ref="1065777518" role=""/>
  <member type="way" ref="1282845762" role=""/>
  <member type="way" ref="1282845763" role=""/>
  <member type="way" ref="1531914426" role=""/>
  <member type="way" ref="27814199" role="forward"/>
  <member type="way" ref="1282845761" role=""/>
  <member type="way" ref="1065777517" role=""/>
  <member type="way" ref="678418951" role=""/>
  <member type="way" ref="1282845760" role=""/>
  <member type="way" ref="1171299703" role=""/>
  <member type="way" ref="1171299702" role=""/>
  <member type="way" ref="212490956" role=""/>
  <member type="way" ref="524066267" role=""/>
  <member type="way" ref="722116080" role=""/>
  <member type="way" ref="722116076" role=""/>
  <member type="way" ref="722116079" role=""/>
  <member type="way" ref="722116078" role=""/>
  <member type="way" ref="212490890" role=""/>
  <member type="way" ref="1282845759" role=""/>
  <member type="way" ref="212490854" role=""/>
  <member type="way" ref="1282871478" role=""/>
  <member type="way" ref="1209549058" role=""/>
  <member type="way" ref="1209549057" role=""/>
  <member type="way" ref="1282871477" role=""/>
  <member type="way" ref="212490799" role=""/>
  <member type="way" ref="1147814601" role=""/>
  <member type="way" ref="721746168" role=""/>
  <member type="way" ref="721746167" role=""/>
  <member type="way" ref="212490746" role=""/>
  <member type="way" ref="669083072" role=""/>
  <member type="way" ref="1147840309" role=""/>
  <member type="way" ref="669083069" role=""/>
  <member type="way" ref="312235939" role=""/>
  <member type="way" ref="1147840308" role=""/>
  <member type="way" ref="225603587" role=""/>
  <member type="way" ref="312203624" role=""/>
  <member type="way" ref="312202365" role=""/>
  <member type="way" ref="1147840310" role=""/>
  <member type="way" ref="312198355" role=""/>
  <member type="way" ref="312201755" role=""/>
  <member type="way" ref="312194914" role=""/>
  <member type="way" ref="312194913" role=""/>
  <member type="way" ref="312198357" role=""/>
  <member type="way" ref="312200963" role=""/>
  <member type="way" ref="824460288" role=""/>
  <member type="way" ref="830649099" role=""/>
  <member type="way" ref="824460287" role=""/>
  <member type="way" ref="514580233" role=""/>
  <member type="way" ref="1163560435" role=""/>
  <member type="way" ref="1050342538" role=""/>
  <member type="way" ref="783396006" role=""/>
  <member type="way" ref="1282871468" role=""/>
  <member type="way" ref="1105237030" role=""/>
  <member type="way" ref="1105237032" role=""/>
  <member type="way" ref="1394248650" role=""/>
  <member type="way" ref="1105237036" role=""/>
  <member type="way" ref="1394248651" role=""/>
  <member type="way" ref="690390796" role=""/>
  <member type="way" ref="1283200177" role=""/>
  <member type="way" ref="1282871469" role=""/>
  <member type="way" ref="1282871470" role=""/>
  <member type="way" ref="44480451" role=""/>
  <member type="way" ref="1283200170" role=""/>
  <member type="way" ref="44480452" role=""/>
  <member type="way" ref="1283200176" role=""/>
  <member type="way" ref="311225251" role=""/>
  <member type="way" ref="1283200175" role=""/>
  <member type="way" ref="311225252" role=""/>
  <member type="way" ref="44480450" role=""/>
  <member type="way" ref="1283200169" role=""/>
  <member type="way" ref="44480449" role=""/>
  <member type="way" ref="551621478" role=""/>
  <member type="way" ref="551621477" role=""/>
  <member type="way" ref="1283200168" role=""/>
  <member type="way" ref="1283200172" role=""/>
  <member type="way" ref="1283200167" role=""/>
  <member type="way" ref="1283200171" role=""/>
  <member type="way" ref="1283200166" role=""/>
  <member type="way" ref="311242896" role=""/>
  <member type="way" ref="1283200173" role=""/>
  <member type="way" ref="1283200174" role=""/>
  <member type="way" ref="846691819" role=""/>
  <member type="way" ref="874731433" role=""/>
  <member type="way" ref="874731432" role=""/>
  <member type="way" ref="822799811" role=""/>
  <member type="way" ref="721734654" role=""/>
  <member type="way" ref="1283203980" role=""/>
  <member type="way" ref="721734652" role=""/>
  <member type="way" ref="721734653" role=""/>
  <member type="way" ref="247199260" role=""/>
  <member type="way" ref="1107548885" role=""/>
  <member type="way" ref="44480448" role=""/>
  <member type="way" ref="44480446" role=""/>
  <member type="way" ref="1283203978" role=""/>
  <member type="way" ref="872993439" role=""/>
  <member type="way" ref="872993438" role=""/>
  <member type="way" ref="1107548886" role=""/>
  <member type="way" ref="247199258" role=""/>
  <member type="way" ref="1283206435" role=""/>
  <member type="way" ref="1283206434" role=""/>
  <member type="way" ref="247199259" role=""/>
  <member type="way" ref="771270189" role=""/>
  <member type="way" ref="771270190" role=""/>
  <member type="way" ref="877436996" role=""/>
  <member type="way" ref="877436997" role=""/>
  <member type="way" ref="771270191" role=""/>
  <member type="way" ref="1311765873" role=""/>
  <member type="way" ref="1283208306" role=""/>
  <member type="way" ref="760117475" role=""/>
  <member type="way" ref="1283208305" role=""/>
  <member type="way" ref="760117474" role=""/>
  <member type="way" ref="247179577" role=""/>
  <member type="way" ref="1171287940" role=""/>
  <member type="way" ref="1171287939" role=""/>
  <member type="way" ref="753010881" role=""/>
  <member type="way" ref="722044970" role=""/>
  <member type="way" ref="722044968" role=""/>
  <member type="way" ref="1283216767" role=""/>
  <member type="way" ref="722044969" role=""/>
  <member type="way" ref="247179578" role=""/>
  <member type="way" ref="1283216766" role=""/>
  <member type="way" ref="247180419" role=""/>
  <member type="way" ref="1283216765" role=""/>
  <member type="way" ref="247180423" role=""/>
  <member type="way" ref="247180422" role=""/>
  <member type="way" ref="247180420" role=""/>
  <member type="way" ref="1283216764" role=""/>
  <member type="way" ref="770602513" role=""/>
  <member type="way" ref="770602512" role=""/>
  <member type="way" ref="756163255" role=""/>
  <member type="way" ref="770602511" role=""/>
  <member type="way" ref="1283216763" role=""/>
  <member type="way" ref="1171284879" role=""/>
  <member type="way" ref="1171284878" role=""/>
  <member type="way" ref="235378675" role=""/>
  <member type="way" ref="235378984" role=""/>
  <member type="way" ref="90978632" role=""/>
  <member type="way" ref="1283216762" role=""/>
  <member type="way" ref="1283216761" role=""/>
  <member type="way" ref="15282348" role=""/>
  <member type="way" ref="751537841" role=""/>
  <member type="way" ref="751537843" role=""/>
  <member type="way" ref="1171333618" role=""/>
  <member type="way" ref="1283216760" role=""/>
  <member type="way" ref="1283216759" role=""/>
  <member type="way" ref="751537842" role=""/>
  <member type="way" ref="90978626" role=""/>
  <member type="way" ref="1283222114" role=""/>
  <member type="way" ref="1283222111" role=""/>
  <member type="way" ref="751568306" role=""/>
  <member type="way" ref="751568307" role=""/>
  <member type="way" ref="1283222113" role=""/>
  <member type="way" ref="1283222112" role=""/>
  <member type="way" ref="751568308" role=""/>
  <member type="way" ref="722116380" role=""/>
  <member type="way" ref="479953735" role=""/>
  <member type="way" ref="722116381" role=""/>
  <member type="way" ref="90978617" role=""/>
  <member type="way" ref="807728835" role=""/>
  <member type="way" ref="807728841" role=""/>
  <member type="way" ref="90978634" role=""/>
  <member type="way" ref="1360581225" role=""/>
  <member type="way" ref="1330369761" role=""/>
  <member type="way" ref="1360581226" role=""/>
  <member type="way" ref="1360581224" role=""/>
  <member type="way" ref="90978620" role=""/>
  <member type="way" ref="771286008" role=""/>
  <member type="way" ref="1283224821" role=""/>
  <member type="way" ref="1283224820" role=""/>
  <member type="way" ref="832557334" role=""/>
  <member type="way" ref="771286005" role=""/>
  <member type="way" ref="1283238577" role=""/>
  <member type="way" ref="701429701" role=""/>
  <member type="way" ref="1283238580" role=""/>
  <member type="way" ref="1283238578" role=""/>
  <member type="way" ref="90978621" role=""/>
  <member type="way" ref="1283238579" role=""/>
  <member type="way" ref="771286004" role=""/>
  <member type="way" ref="235380453" role="forward"/>
  <member type="way" ref="235380455" role="forward"/>
  <member type="way" ref="235380456" role=""/>
  <member type="way" ref="832489874" role=""/>
  <member type="way" ref="832489873" role=""/>
  <member type="way" ref="90978610" role=""/>
  <member type="way" ref="752924225" role=""/>
  <member type="way" ref="1283238576" role=""/>
  <member type="way" ref="1170997879" role=""/>
  <member type="way" ref="343212308" role=""/>
  <member type="way" ref="711656622" role=""/>
  <member type="way" ref="1283260779" role=""/>
  <member type="way" ref="711656620" role=""/>
  <member type="way" ref="1283238575" role=""/>
  <member type="way" ref="235380454" role=""/>
  <member type="way" ref="1283260778" role=""/>
  <member type="way" ref="1305186593" role=""/>
  <member type="way" ref="777761859" role=""/>
  <member type="way" ref="1283260757" role=""/>
  <member type="way" ref="1283260759" role=""/>
  <member type="way" ref="1283260758" role=""/>
  <member type="way" ref="865366898" role=""/>
  <member type="way" ref="865366894" role=""/>
  <member type="way" ref="865366893" role=""/>
  <member type="way" ref="865366895" role=""/>
  <member type="way" ref="222851433" role=""/>
  <member type="way" ref="222851434" role=""/>
  <member type="way" ref="1283260774" role=""/>
  <member type="way" ref="1283260773" role=""/>
  <member type="way" ref="1283260766" role=""/>
  <member type="way" ref="1283260765" role=""/>
  <member type="way" ref="1283260763" role=""/>
  <member type="way" ref="1283260762" role=""/>
  <member type="way" ref="1283260772" role=""/>
  <member type="way" ref="1283260771" role=""/>
  <member type="way" ref="1283260770" role=""/>
  <member type="way" ref="1283260769" role=""/>
  <member type="way" ref="183725416" role=""/>
  <member type="way" ref="1283260767" role=""/>
  <member type="way" ref="1283260768" role=""/>
  <member type="way" ref="183725420" role=""/>
  <member type="way" ref="867282105" role=""/>
  <member type="way" ref="1283272814" role=""/>
  <member type="way" ref="867282107" role=""/>
  <member type="way" ref="1283272813" role=""/>
  <member type="way" ref="867282106" role=""/>
  <member type="way" ref="1283272812" role=""/>
  <member type="way" ref="1283272811" role=""/>
  <member type="way" ref="867290597" role=""/>
  <member type="way" ref="1106187378" role=""/>
  <member type="way" ref="1106384642" role=""/>
  <member type="way" ref="1283272810" role=""/>
  <member type="way" ref="1283272808" role=""/>
  <member type="way" ref="591561889" role=""/>
  <member type="way" ref="1106187381" role=""/>
  <member type="way" ref="1120457101" role=""/>
  <member type="way" ref="591561891" role=""/>
  <member type="way" ref="1491535365" role=""/>
  <member type="way" ref="1105237037" role=""/>
  <member type="way" ref="1105237033" role=""/>
  <member type="way" ref="495193762" role=""/>
  <member type="way" ref="1286901572" role=""/>
  <member type="way" ref="283346346" role=""/>
  <member type="way" ref="283346348" role=""/>
  <member type="way" ref="283346350" role=""/>
  <member type="way" ref="283346355" role=""/>
  <member type="way" ref="283346354" role=""/>
  <member type="way" ref="1286901577" role=""/>
  <member type="way" ref="628930709" role=""/>
  <member type="way" ref="687482884" role=""/>
  <member type="way" ref="636612863" role=""/>
  <member type="way" ref="617294354" role=""/>
  <member type="way" ref="1286901579" role=""/>
  <member type="way" ref="617294353" role=""/>
  <member type="way" ref="1287211490" role=""/>
  <member type="way" ref="617294357" role=""/>
  <member type="way" ref="1523447462" role=""/>
  <member type="way" ref="1523447463" role=""/>
  <member type="way" ref="823333565" role=""/>
  <member type="way" ref="617294363" role=""/>
  <member type="way" ref="617294364" role=""/>
  <member type="way" ref="636612855" role=""/>
  <member type="way" ref="636612848" role=""/>
  <member type="way" ref="1287211488" role=""/>
  <member type="way" ref="617294367" role=""/>
  <member type="way" ref="45903155" role=""/>
  <member type="way" ref="245003967" role=""/>
  <member type="way" ref="1237992429" role=""/>
  <member type="way" ref="1444012629" role=""/>
  <member type="way" ref="1444012628" role=""/>
  <member type="way" ref="503983010" role=""/>
  <member type="way" ref="45751962" role="forward"/>
  <member type="way" ref="45751969" role="forward"/>
  <member type="way" ref="617294371" role="forward"/>
  <member type="way" ref="702530814" role="forward"/>
  <member type="way" ref="69343679" role="forward"/>
  <member type="way" ref="617294372" role="forward"/>
  <member type="way" ref="617294374" role="forward"/>
  <member type="way" ref="169371060" role="forward"/>
  <member type="way" ref="169371046" role="forward"/>
  <member type="way" ref="169371062" role="forward"/>
  <member type="way" ref="169371056" role="forward"/>
  <member type="way" ref="45751956" role="forward"/>
  <member type="way" ref="45751948" role="forward"/>
  <member type="way" ref="45752441" role="forward"/>
  <member type="way" ref="45752436" role="forward"/>
  <member type="way" ref="617294382" role="forward"/>
  <member type="way" ref="617294383" role="forward"/>
  <member type="way" ref="169276455" role="forward"/>
  <member type="way" ref="169276441" role="forward"/>
  <member type="way" ref="1286632329" role="forward"/>
  <member type="way" ref="408048143" role="forward"/>
  <member type="way" ref="408048144" role="forward"/>
  <member type="way" ref="408048149" role="forward"/>
  <member type="way" ref="408048150" role="forward"/>
  <member type="way" ref="617294386" role="forward"/>
  <member type="way" ref="617294387" role="forward"/>
  <member type="way" ref="305294753" role="forward"/>
  <member type="way" ref="305294773" role="forward"/>
  <member type="way" ref="617294390" role="forward"/>
  <member type="way" ref="617294391" role="forward"/>
  <member type="way" ref="45752438" role="forward"/>
  <member type="way" ref="45752429" role="forward"/>
  <member type="way" ref="305294754" role="forward"/>
  <member type="way" ref="305294770" role="forward"/>
  <member type="way" ref="305294762" role="forward"/>
  <member type="way" ref="305294765" role="forward"/>
  <member type="way" ref="305294743" role="forward"/>
  <member type="way" ref="305294767" role="forward"/>
  <member type="way" ref="305294756" role="forward"/>
  <member type="way" ref="305294772" role="forward"/>
  <member type="way" ref="45752446" role="forward"/>
  <member type="way" ref="45752430" role="forward"/>
  <member type="way" ref="305294751" role="forward"/>
  <member type="way" ref="1444012561" role="forward"/>
  <member type="way" ref="1444012559" role="forward"/>
  <member type="way" ref="305294758" role="forward"/>
  <member type="way" ref="596145552" role="forward"/>
  <member type="way" ref="211457749" role="forward"/>
  <member type="way" ref="815526822" role="forward"/>
  <member type="way" ref="815526823" role="forward"/>
  <member type="way" ref="885123722" role="forward"/>
  <member type="way" ref="885123721" role="forward"/>
  <member type="way" ref="211119849" role="forward"/>
  <member type="way" ref="211119845" role="forward"/>
  <member type="way" ref="211119842" role="forward"/>
  <member type="way" ref="211119846" role="forward"/>
  <member type="way" ref="45752443" role="forward"/>
  <member type="way" ref="45752442" role="forward"/>
  <member type="way" ref="48706619" role="forward"/>
  <member type="way" ref="617657530" role="forward"/>
  <member type="way" ref="617657526" role="forward"/>
  <member type="way" ref="86203058" role="forward"/>
  <member type="way" ref="1136810050" role="forward"/>
  <member type="way" ref="1443944188" role="forward"/>
  <member type="way" ref="341992869" role=""/>
  <member type="way" ref="341992870" role=""/>
  <member type="way" ref="712440699" role=""/>
  <member type="way" ref="341992871" role=""/>
  <member type="way" ref="1443944204" role=""/>
  <member type="way" ref="1443944203" role=""/>
  <member type="way" ref="880665298" role=""/>
  <member type="way" ref="255043529" role=""/>
  <member type="way" ref="1130619172" role=""/>
  <member type="way" ref="530342170" role=""/>
  <member type="way" ref="530342171" role=""/>
  <member type="way" ref="1443944209" role=""/>
  <member type="way" ref="1443944210" role=""/>
  <member type="way" ref="1130619171" role=""/>
  <member type="way" ref="530341278" role=""/>
  <member type="way" ref="530341262" role=""/>
  <member type="way" ref="530340636" role=""/>
  <member type="way" ref="504059032" role=""/>
  <member type="way" ref="1443944213" role=""/>
  <member type="way" ref="1443944214" role=""/>
  <member type="way" ref="525871713" role=""/>
  <member type="way" ref="530338665" role=""/>
  <member type="way" ref="530338650" role=""/>
  <member type="way" ref="525871712" role=""/>
  <member type="way" ref="504059035" role=""/>
  <member type="way" ref="1443944220" role=""/>
  <member type="way" ref="1443944222" role=""/>
  <member type="way" ref="525864237" role=""/>
  <member type="way" ref="525864241" role=""/>
  <member type="way" ref="525864247" role=""/>
  <member type="way" ref="525864249" role=""/>
  <member type="way" ref="525865133" role=""/>
  <member type="way" ref="1443944227" role=""/>
  <member type="way" ref="1443944226" role=""/>
  <member type="way" ref="525865136" role=""/>
  <member type="way" ref="530335142" role=""/>
  <member type="way" ref="530335141" role=""/>
  <member type="way" ref="530334983" role=""/>
  <member type="way" ref="530334982" role=""/>
  <member type="way" ref="952666271" role=""/>
  <member type="way" ref="530334918" role=""/>
  <member type="way" ref="952666273" role=""/>
  <member type="way" ref="525872977" role=""/>
  <member type="way" ref="1443944230" role=""/>
  <member type="way" ref="1443944231" role=""/>
  <member type="way" ref="1443944233" role=""/>
  <member type="way" ref="1443944234" role=""/>
  <member type="way" ref="525872970" role=""/>
  <member type="way" ref="679877344" role=""/>
  <member type="way" ref="525874076" role=""/>
  <member type="way" ref="525874059" role=""/>
  <member type="way" ref="525874054" role=""/>
  <member type="way" ref="255039314" role=""/>
  <member type="way" ref="1443944239" role=""/>
  <member type="way" ref="1443944240" role=""/>
  <member type="way" ref="1443944244" role=""/>
  <member type="way" ref="1443944245" role=""/>
  <member type="way" ref="525875725" role=""/>
  <member type="way" ref="525875729" role=""/>
  <member type="way" ref="611977701" role=""/>
  <member type="way" ref="1443944247" role=""/>
  <member type="way" ref="1443944248" role=""/>
  <member type="way" ref="390997458" role=""/>
  <member type="way" ref="525877179" role=""/>
  <member type="way" ref="525877181" role=""/>
  <member type="way" ref="530973725" role=""/>
  <member type="way" ref="364393890" role=""/>
  <member type="way" ref="675145674" role=""/>
  <member type="way" ref="675145673" role=""/>
  <member type="way" ref="1443944254" role=""/>
  <member type="way" ref="1443944252" role=""/>
  <member type="way" ref="682145757" role=""/>
  <member type="way" ref="1443944255" role=""/>
  <member type="way" ref="1443944256" role=""/>
  <member type="way" ref="682145137" role=""/>
  <member type="way" ref="682144035" role=""/>
  <member type="way" ref="682144034" role=""/>
  <member type="way" ref="255039313" role=""/>
  <member type="way" ref="1443944259" role=""/>
  <member type="way" ref="1443944260" role=""/>
  <member type="way" ref="679737681" role=""/>
  <member type="way" ref="682141676" role=""/>
  <member type="way" ref="682141675" role=""/>
  <member type="way" ref="1443944265" role=""/>
  <member type="way" ref="1443944264" role=""/>
  <member type="way" ref="940755550" role=""/>
  <member type="way" ref="940755551" role=""/>
  <member type="way" ref="1443944270" role=""/>
  <member type="way" ref="1443944269" role=""/>
  <member type="way" ref="679737670" role=""/>
  <member type="way" ref="1443944272" role=""/>
  <member type="way" ref="1443944274" role=""/>
  <member type="way" ref="1443944276" role=""/>
  <member type="way" ref="1443944277" role=""/>
  <member type="way" ref="682119439" role=""/>
  <member type="way" ref="792545354" role=""/>
  <member type="way" ref="792545352" role=""/>
  <member type="way" ref="682119438" role=""/>
  <member type="way" ref="682116142" role=""/>
  <member type="way" ref="682116136" role=""/>
  <member type="way" ref="682116135" role=""/>
  <member type="way" ref="682116141" role=""/>
  <member type="way" ref="1443944282" role=""/>
  <member type="way" ref="1443944281" role=""/>
  <member type="way" ref="488610387" role=""/>
  <member type="way" ref="1443944285" role=""/>
  <member type="way" ref="1443944286" role=""/>
  <member type="way" ref="682116157" role=""/>
  <member type="way" ref="943321895" role=""/>
  <member type="way" ref="943321896" role=""/>
  <member type="way" ref="682116161" role=""/>
  <member type="way" ref="682116167" role=""/>
  <member type="way" ref="682116166" role=""/>
  <member type="way" ref="999520014" role=""/>
  <member type="way" ref="540173288" role=""/>
  <member type="way" ref="682116170" role=""/>
  <member type="way" ref="999520012" role=""/>
  <member type="way" ref="682116174" role=""/>
  <member type="way" ref="682116176" role=""/>
  <member type="way" ref="532662029" role=""/>
  <member type="way" ref="1443944290" role=""/>
  <member type="way" ref="1443944289" role=""/>
  <member type="way" ref="824708853" role=""/>
  <member type="way" ref="880629227" role=""/>
  <member type="way" ref="680769575" role=""/>
  <member type="way" ref="680769567" role=""/>
  <member type="way" ref="680768102" role=""/>
  <member type="way" ref="680768255" role=""/>
  <member type="way" ref="680768254" role=""/>
  <member type="way" ref="680768100" role=""/>
  <member type="way" ref="680766697" role=""/>
  <member type="way" ref="680766696" role=""/>
  <member type="way" ref="680765811" role=""/>
  <member type="way" ref="680765865" role=""/>
  <member type="way" ref="354316684" role=""/>
  <member type="way" ref="1443944295" role=""/>
  <member type="way" ref="1443944296" role=""/>
  <member type="way" ref="680754531" role=""/>
  <member type="way" ref="680754527" role=""/>
  <member type="way" ref="878972737" role=""/>
  <member type="way" ref="878972738" role=""/>
  <member type="way" ref="680791433" role=""/>
  <member type="way" ref="680753525" role=""/>
  <member type="way" ref="684438553" role=""/>
  <member type="way" ref="684438555" role=""/>
  <member type="way" ref="680749610" role=""/>
  <member type="way" ref="680749595" role=""/>
  <member type="way" ref="523473773" role=""/>
  <member type="way" ref="1443944299" role=""/>
  <member type="way" ref="1443944300" role=""/>
  <member type="way" ref="507856227" role=""/>
  <member type="way" ref="1443944301" role=""/>
  <member type="way" ref="1443944302" role=""/>
  <member type="way" ref="880729143" role=""/>
  <member type="way" ref="1443944307" role=""/>
  <member type="way" ref="1443944306" role=""/>
  <member type="way" ref="1443944305" role=""/>
  <member type="way" ref="1443944308" role=""/>
  <member type="way" ref="1136910858" role=""/>
  <member type="way" ref="700571229" role=""/>
  <member type="way" ref="283872946" role=""/>
  <member type="way" ref="283873542" role=""/>
  <member type="way" ref="283873540" role=""/>
  <member type="way" ref="283873537" role=""/>
  <member type="way" ref="967291241" role=""/>
  <member type="way" ref="968530479" role=""/>
  <member type="way" ref="218146579" role=""/>
  <member type="way" ref="218146601" role=""/>
  <member type="way" ref="218493482" role=""/>
  <member type="way" ref="320834037" role=""/>
  <member type="way" ref="320834042" role=""/>
  <member type="way" ref="253468442" role=""/>
  <member type="way" ref="253468451" role=""/>
  <member type="way" ref="1443089147" role=""/>
  <member type="way" ref="1443089148" role=""/>
  <member type="way" ref="721303759" role=""/>
  <member type="way" ref="237845109" role=""/>
  <member type="way" ref="721303760" role=""/>
  <member type="way" ref="721303758" role=""/>
  <member type="way" ref="721303757" role=""/>
  <member type="way" ref="1443089144" role=""/>
  <member type="way" ref="1443089143" role=""/>
  <member type="way" ref="369461818" role=""/>
  <member type="way" ref="238883343" role=""/>
  <member type="way" ref="443850820" role=""/>
  <member type="way" ref="443850831" role=""/>
  <member type="way" ref="443850827" role=""/>
  <member type="way" ref="443850830" role=""/>
  <member type="way" ref="443850823" role=""/>
  <member type="way" ref="443850824" role=""/>
  <member type="way" ref="1443089140" role=""/>
  <member type="way" ref="1443089137" role=""/>
  <member type="way" ref="237843588" role=""/>
  <member type="way" ref="369454329" role=""/>
  <member type="way" ref="237845094" role=""/>
  <member type="way" ref="237845090" role=""/>
  <member type="way" ref="237845056" role=""/>
  <member type="way" ref="1443089136" role=""/>
  <member type="way" ref="1443089135" role=""/>
  <member type="way" ref="252413565" role=""/>
  <member type="way" ref="255314145" role=""/>
  <member type="way" ref="1427195567" role=""/>
  <member type="way" ref="1427195569" role=""/>
  <member type="way" ref="1443089130" role=""/>
  <member type="way" ref="1443089129" role=""/>
  <member type="way" ref="1427195566" role=""/>
  <member type="way" ref="237845283" role=""/>
  <member type="way" ref="679877351" role=""/>
  <member type="way" ref="237845286" role=""/>
  <member type="way" ref="252696497" role=""/>
  <member type="way" ref="372493934" role=""/>
  <member type="way" ref="1427195570" role=""/>
  <member type="way" ref="1427195571" role=""/>
  <member type="way" ref="240126817" role=""/>
  <member type="way" ref="1427195572" role=""/>
  <member type="way" ref="1145692230" role=""/>
  <member type="way" ref="1145692229" role=""/>
  <member type="way" ref="1443089127" role=""/>
  <member type="way" ref="1443089128" role=""/>
  <member type="way" ref="684162862" role=""/>
  <member type="way" ref="684162866" role=""/>
  <member type="way" ref="1443089124" role=""/>
  <member type="way" ref="1443089121" role=""/>
  <member type="way" ref="430328775" role=""/>
  <member type="way" ref="252376436" role="forward"/>
  <member type="way" ref="87605276" role="forward"/>
  <member type="way" ref="87605278" role="forward"/>
  <member type="way" ref="87528129" role="forward"/>
  <member type="way" ref="87528135" role="forward"/>
  <member type="way" ref="87528130" role="forward"/>
  <member type="way" ref="87528118" role="forward"/>
  <member type="way" ref="87528136" role="forward"/>
  <member type="way" ref="87528120" role="forward"/>
  <member type="way" ref="87528145" role="forward"/>
  <member type="way" ref="686330157" role="forward"/>
  <member type="way" ref="87528154" role="forward"/>
  <member type="way" ref="87528155" role="forward"/>
  <member type="way" ref="721303747" role="forward"/>
  <member type="way" ref="683266756" role="forward"/>
  <member type="way" ref="721303743" role="forward"/>
  <member type="way" ref="87437320" role="forward"/>
  <member type="way" ref="87437319" role="forward"/>
  <member type="way" ref="87437323" role="forward"/>
  <member type="way" ref="183754580" role="forward"/>
  <member type="way" ref="183754582" role="forward"/>
  <member type="way" ref="87525336" role="forward"/>
  <member type="way" ref="1443089119" role="forward"/>
  <member type="way" ref="1443089120" role="forward"/>
  <member type="way" ref="1443089116" role="forward"/>
  <member type="way" ref="1443089115" role="forward"/>
  <member type="way" ref="87525333" role="forward"/>
  <member type="way" ref="87525334" role="forward"/>
  <member type="way" ref="87525345" role="forward"/>
  <member type="way" ref="87525325" role="forward"/>
  <member type="way" ref="87525329" role="forward"/>
  <member type="way" ref="87525343" role="forward"/>
  <member type="way" ref="721303740" role="forward"/>
  <member type="way" ref="721303739" role="forward"/>
  <member type="way" ref="721303736" role="forward"/>
  <member type="way" ref="87525339" role="forward"/>
  <member type="way" ref="1088530958" role="forward"/>
  <member type="way" ref="87525330" role="forward"/>
  <member type="way" ref="1120421378" role=""/>
  <member type="way" ref="254961134" role=""/>
  <member type="way" ref="591561844" role=""/>
  <member type="way" ref="591561850" role=""/>
  <member type="way" ref="1118444724" role=""/>
  <member type="way" ref="591561859" role=""/>
  <member type="way" ref="1118444722" role=""/>
  <member type="way" ref="660201269" role=""/>
  <member type="way" ref="1118444720" role=""/>
  <member type="way" ref="591561863" role=""/>
  <member type="way" ref="1118444725" role=""/>
  <member type="way" ref="591561865" role=""/>
  <member type="way" ref="591561866" role=""/>
  <member type="way" ref="591561869" role=""/>
  <member type="way" ref="1443089111" role=""/>
  <member type="way" ref="1443089112" role=""/>
  <member type="way" ref="591561870" role=""/>
  <member type="way" ref="1118444727" role=""/>
  <member type="way" ref="591561873" role=""/>
  <member type="way" ref="591561875" role=""/>
  <member type="way" ref="1118444729" role=""/>
  <member type="way" ref="591561877" role=""/>
  <member type="way" ref="1119417157" role=""/>
  <member type="way" ref="1118444730" role=""/>
  <member type="way" ref="591561878" role=""/>
  <member type="way" ref="802934286" role=""/>
  <member type="way" ref="591561886" role=""/>
  <member type="way" ref="591561887" role=""/>
  <member type="way" ref="802934287" role=""/>
  <member type="way" ref="591561879" role=""/>
  <member type="way" ref="1118444731" role=""/>
  <member type="way" ref="591561876" role=""/>
  <member type="way" ref="1118444728" role=""/>
  <member type="way" ref="591561874" role=""/>
  <member type="way" ref="591561872" role=""/>
  <member type="way" ref="1118444726" role=""/>
  <member type="way" ref="591561871" role=""/>
  <member type="way" ref="1443089110" role=""/>
  <member type="way" ref="1443089109" role=""/>
  <member type="way" ref="591561868" role=""/>
  <member type="way" ref="591561867" role=""/>
  <member type="way" ref="591561864" role=""/>
  <member type="way" ref="1118444718" role=""/>
  <member type="way" ref="591561862" role=""/>
  <member type="way" ref="1118444719" role=""/>
  <member type="way" ref="256595612" role=""/>
  <member type="way" ref="1118444721" role=""/>
  <member type="way" ref="591561858" role=""/>
  <member type="way" ref="1118444723" role=""/>
  <member type="way" ref="591561855" role=""/>
  <member type="way" ref="591561839" role=""/>
  <member type="way" ref="256595611" role=""/>
  <member type="way" ref="1136899491" role=""/>
  <member type="way" ref="1136899490" role=""/>
  <member type="way" ref="24025463" role=""/>
  <member type="way" ref="24025572" role=""/>
  <member type="way" ref="24025482" role="forward"/>
  <member type="way" ref="721303737" role="forward"/>
  <member type="way" ref="721303738" role="forward"/>
  <member type="way" ref="721303741" role="forward"/>
  <member type="way" ref="24025576" role="forward"/>
  <member type="way" ref="24025485" role="forward"/>
  <member type="way" ref="24025583" role="forward"/>
  <member type="way" ref="24025519" role="forward"/>
  <member type="way" ref="24025593" role="forward"/>
  <member type="way" ref="1443089113" role="forward"/>
  <member type="way" ref="1443089114" role="forward"/>
  <member type="way" ref="24025532" role="forward"/>
  <member type="way" ref="1443089117" role="forward"/>
  <member type="way" ref="1443089118" role="forward"/>
  <member type="way" ref="87525337" role="forward"/>
  <member type="way" ref="183754581" role="forward"/>
  <member type="way" ref="183754583" role="forward"/>
  <member type="way" ref="24025538" role="forward"/>
  <member type="way" ref="24025643" role="forward"/>
  <member type="way" ref="24025545" role="forward"/>
  <member type="way" ref="721303745" role="forward"/>
  <member type="way" ref="721303746" role="forward"/>
  <member type="way" ref="24025647" role="forward"/>
  <member type="way" ref="87528149" role="forward"/>
  <member type="way" ref="87528159" role="forward"/>
  <member type="way" ref="87528139" role="forward"/>
  <member type="way" ref="87528134" role="forward"/>
  <member type="way" ref="24025553" role="forward"/>
  <member type="way" ref="24025657" role="forward"/>
  <member type="way" ref="24025564" role="forward"/>
  <member type="way" ref="24025664" role="forward"/>
  <member type="way" ref="87605277" role="forward"/>
  <member type="way" ref="24025569" role="forward"/>
  <member type="way" ref="430328774" role=""/>
  <member type="way" ref="1443089122" role=""/>
  <member type="way" ref="1443089123" role=""/>
  <member type="way" ref="684162860" role=""/>
  <member type="way" ref="684162859" role=""/>
  <member type="way" ref="1443089126" role=""/>
  <member type="way" ref="1443089125" role=""/>
  <member type="way" ref="1145692227" role=""/>
  <member type="way" ref="1145692228" role=""/>
  <member type="way" ref="1427195573" role=""/>
  <member type="way" ref="240126818" role=""/>
  <member type="way" ref="1427195574" role=""/>
  <member type="way" ref="1283535749" role=""/>
  <member type="way" ref="237845281" role=""/>
  <member type="way" ref="372493940" role=""/>
  <member type="way" ref="1283535748" role=""/>
  <member type="way" ref="252696495" role=""/>
  <member type="way" ref="679877353" role=""/>
  <member type="way" ref="237845284" role=""/>
  <member type="way" ref="1283535747" role=""/>
  <member type="way" ref="1443089132" role=""/>
  <member type="way" ref="1443089131" role=""/>
  <member type="way" ref="237845282" role=""/>
  <member type="way" ref="237843589" role=""/>
  <member type="way" ref="1443089133" role=""/>
  <member type="way" ref="1443089134" role=""/>
  <member type="way" ref="237845044" role=""/>
  <member type="way" ref="237845061" role=""/>
  <member type="way" ref="237845072" role=""/>
  <member type="way" ref="237845073" role=""/>
  <member type="way" ref="369454330" role=""/>
  <member type="way" ref="1443089138" role=""/>
  <member type="way" ref="1443089139" role=""/>
  <member type="way" ref="238883342" role=""/>
  <member type="way" ref="443850826" role=""/>
  <member type="way" ref="443850825" role=""/>
  <member type="way" ref="443850829" role=""/>
  <member type="way" ref="443850821" role=""/>
  <member type="way" ref="443850828" role=""/>
  <member type="way" ref="443850822" role=""/>
  <member type="way" ref="237845089" role=""/>
  <member type="way" ref="1443089141" role=""/>
  <member type="way" ref="1443089142" role=""/>
  <member type="way" ref="369461819" role=""/>
  <member type="way" ref="721303755" role=""/>
  <member type="way" ref="721303756" role=""/>
  <member type="way" ref="1443089145" role=""/>
  <member type="way" ref="1443089146" role=""/>
  <member type="way" ref="253468443" role=""/>
  <member type="way" ref="253468450" role=""/>
  <member type="way" ref="253468444" role=""/>
  <member type="way" ref="320834041" role=""/>
  <member type="way" ref="253468448" role=""/>
  <member type="way" ref="252316755" role=""/>
  <member type="way" ref="218146594" role=""/>
  <member type="way" ref="218146563" role=""/>
  <member type="way" ref="1136912314" role=""/>
  <member type="way" ref="245324555" role=""/>
  <member type="way" ref="283872949" role=""/>
  <member type="way" ref="700571230" role=""/>
  <member type="way" ref="283872951" role=""/>
  <member type="way" ref="880729144" role=""/>
  <member type="way" ref="252837222" role=""/>
  <member type="way" ref="1443944304" role=""/>
  <member type="way" ref="1443944303" role=""/>
  <member type="way" ref="680793580" role=""/>
  <member type="way" ref="1281397103" role=""/>
  <member type="way" ref="1443944298" role=""/>
  <member type="way" ref="1443944297" role=""/>
  <member type="way" ref="680749600" role=""/>
  <member type="way" ref="684556514" role=""/>
  <member type="way" ref="680749605" role=""/>
  <member type="way" ref="684438558" role=""/>
  <member type="way" ref="680753526" role=""/>
  <member type="way" ref="684438554" role=""/>
  <member type="way" ref="680753528" role=""/>
  <member type="way" ref="878972740" role=""/>
  <member type="way" ref="878972739" role=""/>
  <member type="way" ref="680754530" role=""/>
  <member type="way" ref="680754528" role=""/>
  <member type="way" ref="824708854" role=""/>
  <member type="way" ref="1443944293" role=""/>
  <member type="way" ref="1443944294" role=""/>
  <member type="way" ref="523473772" role=""/>
  <member type="way" ref="680765866" role=""/>
  <member type="way" ref="680765810" role=""/>
  <member type="way" ref="680766701" role=""/>
  <member type="way" ref="680766699" role=""/>
  <member type="way" ref="680768098" role=""/>
  <member type="way" ref="680768097" role=""/>
  <member type="way" ref="680768257" role=""/>
  <member type="way" ref="680768256" role=""/>
  <member type="way" ref="680769587" role=""/>
  <member type="way" ref="880238754" role=""/>
  <member type="way" ref="354316685" role=""/>
  <member type="way" ref="881243605" role=""/>
  <member type="way" ref="1443944292" role=""/>
  <member type="way" ref="1443944291" role=""/>
  <member type="way" ref="846917787" role=""/>
  <member type="way" ref="1148836512" role=""/>
  <member type="way" ref="682116461" role=""/>
  <member type="way" ref="682116175" role=""/>
  <member type="way" ref="999520011" role=""/>
  <member type="way" ref="1007778495" role=""/>
  <member type="way" ref="682116173" role=""/>
  <member type="way" ref="540173290" role=""/>
  <member type="way" ref="682116169" role=""/>
  <member type="way" ref="999520015" role=""/>
  <member type="way" ref="682116168" role=""/>
  <member type="way" ref="682116163" role=""/>
  <member type="way" ref="943321898" role=""/>
  <member type="way" ref="943321897" role=""/>
  <member type="way" ref="682116158" role=""/>
  <member type="way" ref="1443944288" role=""/>
  <member type="way" ref="1443944287" role=""/>
  <member type="way" ref="682116140" role=""/>
  <member type="way" ref="1443944283" role=""/>
  <member type="way" ref="1443944284" role=""/>
  <member type="way" ref="682116139" role=""/>
  <member type="way" ref="682116138" role=""/>
  <member type="way" ref="682116137" role=""/>
  <member type="way" ref="682119441" role=""/>
  <member type="way" ref="682119440" role=""/>
  <member type="way" ref="792545351" role=""/>
  <member type="way" ref="792545353" role=""/>
  <member type="way" ref="1281397102" role=""/>
  <member type="way" ref="1443944278" role=""/>
  <member type="way" ref="1443944275" role=""/>
  <member type="way" ref="1443944273" role=""/>
  <member type="way" ref="1443944271" role=""/>
  <member type="way" ref="540173289" role=""/>
  <member type="way" ref="1443944267" role=""/>
  <member type="way" ref="1443944268" role=""/>
  <member type="way" ref="940755549" role=""/>
  <member type="way" ref="940755548" role=""/>
  <member type="way" ref="1443944263" role=""/>
  <member type="way" ref="1443944266" role=""/>
  <member type="way" ref="682141674" role=""/>
  <member type="way" ref="682141673" role=""/>
  <member type="way" ref="679737673" role=""/>
  <member type="way" ref="1443944262" role=""/>
  <member type="way" ref="1443944261" role=""/>
  <member type="way" ref="679737676" role=""/>
  <member type="way" ref="682144037" role=""/>
  <member type="way" ref="682144036" role=""/>
  <member type="way" ref="682145140" role=""/>
  <member type="way" ref="1443944258" role=""/>
  <member type="way" ref="1443944257" role=""/>
  <member type="way" ref="679734632" role=""/>
  <member type="way" ref="1443944251" role=""/>
  <member type="way" ref="1443944253" role=""/>
  <member type="way" ref="679734631" role=""/>
  <member type="way" ref="679734630" role=""/>
  <member type="way" ref="682205548" role=""/>
  <member type="way" ref="530973728" role=""/>
  <member type="way" ref="530973726" role=""/>
  <member type="way" ref="525877180" role=""/>
  <member type="way" ref="1281397101" role=""/>
  <member type="way" ref="364393889" role=""/>
  <member type="way" ref="1443944250" role=""/>
  <member type="way" ref="1443944249" role=""/>
  <member type="way" ref="525875728" role=""/>
  <member type="way" ref="525875724" role=""/>
  <member type="way" ref="1281397100" role=""/>
  <member type="way" ref="1443944243" role=""/>
  <member type="way" ref="1443944246" role=""/>
  <member type="way" ref="1443944242" role=""/>
  <member type="way" ref="1443944241" role=""/>
  <member type="way" ref="390997457" role=""/>
  <member type="way" ref="525874064" role=""/>
  <member type="way" ref="525874070" role=""/>
  <member type="way" ref="525874077" role=""/>
  <member type="way" ref="679877342" role=""/>
  <member type="way" ref="525872972" role=""/>
  <member type="way" ref="1443944236" role=""/>
  <member type="way" ref="1443944235" role=""/>
  <member type="way" ref="1443944232" role=""/>
  <member type="way" ref="1443944229" role=""/>
  <member type="way" ref="525872974" role=""/>
  <member type="way" ref="952666272" role=""/>
  <member type="way" ref="530334919" role=""/>
  <member type="way" ref="952666270" role=""/>
  <member type="way" ref="530334921" role=""/>
  <member type="way" ref="530334981" role=""/>
  <member type="way" ref="530334984" role=""/>
  <member type="way" ref="530335140" role=""/>
  <member type="way" ref="530335143" role=""/>
  <member type="way" ref="1443944225" role=""/>
  <member type="way" ref="1443944228" role=""/>
  <member type="way" ref="525865135" role=""/>
  <member type="way" ref="525865134" role=""/>
  <member type="way" ref="525864253" role=""/>
  <member type="way" ref="525864258" role=""/>
  <member type="way" ref="525864243" role=""/>
  <member type="way" ref="1443944221" role=""/>
  <member type="way" ref="1443944219" role=""/>
  <member type="way" ref="525864245" role=""/>
  <member type="way" ref="1091028498" role=""/>
  <member type="way" ref="525871711" role=""/>
  <member type="way" ref="525871714" role=""/>
  <member type="way" ref="530338655" role=""/>
  <member type="way" ref="530338660" role=""/>
  <member type="way" ref="1443944216" role=""/>
  <member type="way" ref="1443944215" role=""/>
  <member type="way" ref="504059033" role=""/>
  <member type="way" ref="530340634" role=""/>
  <member type="way" ref="1281397099" role=""/>
  <member type="way" ref="530340635" role=""/>
  <member type="way" ref="530341266" role=""/>
  <member type="way" ref="530341271" role=""/>
  <member type="way" ref="1443944211" role=""/>
  <member type="way" ref="1443944212" role=""/>
  <member type="way" ref="1130619170" role=""/>
  <member type="way" ref="530342168" role=""/>
  <member type="way" ref="880293902" role=""/>
  <member type="way" ref="1136804063" role=""/>
  <member type="way" ref="1287738863" role=""/>
  <member type="way" ref="1287738864" role=""/>
  <member type="way" ref="1443944202" role=""/>
  <member type="way" ref="1443944201" role=""/>
  <member type="way" ref="341992874" role=""/>
  <member type="way" ref="1377755743" role=""/>
  <member type="way" ref="341992872" role=""/>
  <member type="way" ref="671233233" role=""/>
  <member type="way" ref="341992873" role=""/>
  <member type="way" ref="83803292" role=""/>
  <member type="way" ref="617657525" role="forward"/>
  <member type="way" ref="617657524" role="forward"/>
  <member type="way" ref="617657528" role="forward"/>
  <member type="way" ref="48706620" role="forward"/>
  <member type="way" ref="45752444" role="forward"/>
  <member type="way" ref="45752432" role="forward"/>
  <member type="way" ref="211119856" role="forward"/>
  <member type="way" ref="211119843" role="forward"/>
  <member type="way" ref="211119844" role="forward"/>
  <member type="way" ref="211119851" role="forward"/>
  <member type="way" ref="885123724" role="forward"/>
  <member type="way" ref="885123723" role="forward"/>
  <member type="way" ref="596145554" role="forward"/>
  <member type="way" ref="815526824" role="forward"/>
  <member type="way" ref="617657531" role="forward"/>
  <member type="way" ref="596145553" role="forward"/>
  <member type="way" ref="211457746" role="forward"/>
  <member type="way" ref="1444012558" role="forward"/>
  <member type="way" ref="1444012560" role="forward"/>
  <member type="way" ref="305294744" role="forward"/>
  <member type="way" ref="305294771" role="forward"/>
  <member type="way" ref="45752445" role="forward"/>
  <member type="way" ref="45752427" role="forward"/>
  <member type="way" ref="305294752" role="forward"/>
  <member type="way" ref="305294768" role="forward"/>
  <member type="way" ref="305294755" role="forward"/>
  <member type="way" ref="305294766" role="forward"/>
  <member type="way" ref="305294759" role="forward"/>
  <member type="way" ref="305294769" role="forward"/>
  <member type="way" ref="305294742" role="forward"/>
  <member type="way" ref="305294763" role="forward"/>
  <member type="way" ref="45752437" role="forward"/>
  <member type="way" ref="45752434" role="forward"/>
  <member type="way" ref="617294389" role="forward"/>
  <member type="way" ref="617294388" role="forward"/>
  <member type="way" ref="305294757" role="forward"/>
  <member type="way" ref="305294741" role="forward"/>
  <member type="way" ref="617294384" role="forward"/>
  <member type="way" ref="617294385" role="forward"/>
  <member type="way" ref="408048148" role="forward"/>
  <member type="way" ref="408048147" role="forward"/>
  <member type="way" ref="408048146" role="forward"/>
  <member type="way" ref="408048145" role="forward"/>
  <member type="way" ref="169276442" role="forward"/>
  <member type="way" ref="169276448" role="forward"/>
  <member type="way" ref="617294381" role="forward"/>
  <member type="way" ref="617294380" role="forward"/>
  <member type="way" ref="45752440" role="forward"/>
  <member type="way" ref="45752439" role="forward"/>
  <member type="way" ref="45751957" role="forward"/>
  <member type="way" ref="45751953" role="forward"/>
  <member type="way" ref="169371068" role="forward"/>
  <member type="way" ref="169371043" role="forward"/>
  <member type="way" ref="169371054" role="forward"/>
  <member type="way" ref="169371063" role="forward"/>
  <member type="way" ref="617294375" role="forward"/>
  <member type="way" ref="617294373" role="forward"/>
  <member type="way" ref="702530813" role="forward"/>
  <member type="way" ref="45751968" role="forward"/>
  <member type="way" ref="617294370" role="forward"/>
  <member type="way" ref="45751965" role="forward"/>
  <member type="way" ref="245003966" role=""/>
  <member type="way" ref="1444012630" role=""/>
  <member type="way" ref="1444012627" role=""/>
  <member type="way" ref="503983009" role=""/>
  <member type="way" ref="949316824" role=""/>
  <member type="way" ref="245003965" role=""/>
  <member type="way" ref="30971123" role=""/>
  <member type="way" ref="617294366" role=""/>
  <member type="way" ref="1287211489" role=""/>
  <member type="way" ref="617294365" role=""/>
  <member type="way" ref="636612841" role=""/>
  <member type="way" ref="636612835" role=""/>
  <member type="way" ref="617294361" role=""/>
  <member type="way" ref="823333567" role=""/>
  <member type="way" ref="1523447461" role=""/>
  <member type="way" ref="1523447460" role=""/>
  <member type="way" ref="617294360" role=""/>
  <member type="way" ref="1287211491" role=""/>
  <member type="way" ref="617294359" role=""/>
  <member type="way" ref="1286901580" role=""/>
  <member type="way" ref="617294356" role=""/>
  <member type="way" ref="617294355" role=""/>
  <member type="way" ref="687482887" role=""/>
  <member type="way" ref="687482886" role=""/>
  <member type="way" ref="1286901573" role=""/>
  <member type="way" ref="1286901574" role=""/>
  <member type="way" ref="283346358" role=""/>
  <member type="way" ref="1286901575" role=""/>
  <member type="way" ref="1286901576" role=""/>
  <member type="way" ref="352237008" role=""/>
  <member type="way" ref="495193767" role=""/>
  <member type="way" ref="283346356" role=""/>
  <member type="way" ref="24978548" role=""/>
  <member type="way" ref="24978544" role=""/>
  <member type="way" ref="952669092" role=""/>
  <member type="way" ref="24979337" role=""/>
  <member type="way" ref="113466668" role=""/>
  <member type="way" ref="813878055" role=""/>
  <member type="way" ref="813878056" role=""/>
  <member type="way" ref="352466512" role=""/>
  <member type="way" ref="952669093" role=""/>
  <member type="way" ref="352466513" role=""/>
  <member type="way" ref="691984998" role=""/>
  <member type="way" ref="691984997" role=""/>
  <member type="way" ref="691984999" role=""/>
  <member type="way" ref="113466572" role=""/>
  <member type="way" ref="352471248" role=""/>
  <member type="way" ref="1172262104" role=""/>
  <member type="way" ref="352471249" role=""/>
  <member type="way" ref="952673738" role=""/>
  <member type="way" ref="113466678" role=""/>
  <member type="way" ref="679067325" role=""/>
  <member type="way" ref="698002828" role=""/>
  <member type="way" ref="813811722" role=""/>
  <member type="way" ref="952673739" role=""/>
  <member type="way" ref="813811721" role=""/>
  <member type="way" ref="952673740" role=""/>
  <member type="way" ref="952673741" role=""/>
  <member type="way" ref="952673742" role=""/>
  <member type="way" ref="952673743" role=""/>
  <member type="way" ref="698002829" role=""/>
  <member type="way" ref="698002830" role=""/>
  <member type="way" ref="113466571" role=""/>
  <member type="way" ref="952685464" role=""/>
  <member type="way" ref="952685463" role=""/>
  <member type="way" ref="1172237714" role=""/>
  <member type="way" ref="952685465" role=""/>
  <member type="way" ref="38969559" role=""/>
  <member type="way" ref="949316823" role=""/>
  <member type="way" ref="113466629" role=""/>
  <member type="way" ref="717141728" role=""/>
  <member type="way" ref="717141729" role=""/>
  <member type="way" ref="717141731" role=""/>
  <member type="way" ref="717141730" role=""/>
  <member type="way" ref="113466556" role=""/>
  <member type="way" ref="1172210739" role=""/>
  <member type="way" ref="113466570" role=""/>
  <member type="way" ref="343457362" role=""/>
  <member type="way" ref="343457361" role=""/>
  <member type="way" ref="172316925" role=""/>
  <member type="way" ref="172316912" role=""/>
  <member type="way" ref="172316937" role=""/>
  <member type="way" ref="952689565" role=""/>
  <member type="way" ref="172316915" role=""/>
  <member type="way" ref="717139911" role=""/>
  <member type="way" ref="949316822" role=""/>
  <member type="way" ref="113466603" role=""/>
  <member type="way" ref="113466683" role=""/>
  <member type="way" ref="169452194" role=""/>
  <member type="way" ref="717137927" role=""/>
  <member type="way" ref="717137926" role=""/>
  <member type="way" ref="169452189" role=""/>
  <member type="way" ref="717135599" role=""/>
  <member type="way" ref="717135600" role=""/>
  <member type="way" ref="124711641" role=""/>
  <member type="way" ref="1133105592" role=""/>
  <member type="way" ref="169450952" role=""/>
  <member type="way" ref="169451004" role=""/>
  <member type="way" ref="701712589" role=""/>
  <member type="way" ref="701712588" role=""/>
  <member type="way" ref="113466585" role=""/>
  <member type="way" ref="1133105591" role=""/>
  <member type="way" ref="952992347" role=""/>
  <member type="way" ref="952992348" role=""/>
  <member type="way" ref="952992349" role=""/>
  <member type="way" ref="1133105590" role=""/>
  <member type="way" ref="952992346" role=""/>
  <member type="way" ref="1133105589" role=""/>
  <member type="way" ref="952992350" role=""/>
  <member type="way" ref="1171841642" role=""/>
  <member type="way" ref="1378158568" role=""/>
  <member type="way" ref="113466606" role=""/>
  <member type="way" ref="1171841643" role=""/>
  <member type="way" ref="1278448441" role=""/>
  <member type="way" ref="692459699" role=""/>
  <member type="way" ref="692459691" role=""/>
  <member type="way" ref="1445251554" role=""/>
  <member type="way" ref="495193766" role=""/>
  <member type="way" ref="113466569" role=""/>
  <member type="way" ref="769945753" role=""/>
  <member type="way" ref="590240600" role=""/>
  <member type="way" ref="590240607" role=""/>
  <member type="way" ref="826142534" role=""/>
  <member type="way" ref="826142528" role=""/>
  <member type="way" ref="826142529" role=""/>
  <member type="way" ref="826142531" role=""/>
  <member type="way" ref="826142532" role=""/>
  <member type="way" ref="113466664" role=""/>
  <member type="way" ref="684259497" role=""/>
  <member type="way" ref="435787348" role=""/>
  <member type="way" ref="1171754990" role=""/>
  <member type="way" ref="1171754986" role=""/>
  <member type="way" ref="1171754987" role=""/>
  <member type="way" ref="684259502" role=""/>
  <member type="way" ref="717088411" role=""/>
  <member type="way" ref="113466645" role=""/>
  <member type="way" ref="929619252" role=""/>
  <member type="way" ref="929619251" role=""/>
  <member type="way" ref="717088412" role=""/>
  <member type="way" ref="717088413" role=""/>
  <member type="way" ref="113466582" role=""/>
  <member type="way" ref="455260773" role=""/>
  <member type="way" ref="632188085" role=""/>
  <member type="way" ref="455260774" role=""/>
  <member type="way" ref="455260772" role=""/>
  <member type="way" ref="113466673" role=""/>
  <member type="way" ref="717085115" role=""/>
  <member type="way" ref="717085116" role=""/>
  <member type="way" ref="717085117" role=""/>
  <member type="way" ref="113466627" role=""/>
  <member type="way" ref="113466604" role=""/>
  <member type="way" ref="1421566275" role=""/>
  <member type="way" ref="953385183" role=""/>
  <member type="way" ref="113466635" role=""/>
  <member type="way" ref="98586169" role=""/>
  <member type="way" ref="98586168" role=""/>
  <member type="way" ref="113466557" role=""/>
  <member type="way" ref="673618404" role=""/>
  <member type="way" ref="113466560" role=""/>
  <member type="way" ref="717083646" role=""/>
  <member type="way" ref="717083647" role=""/>
  <member type="way" ref="113466675" role=""/>
  <member type="way" ref="717051413" role=""/>
  <member type="way" ref="717051414" role=""/>
  <member type="way" ref="98465017" role=""/>
  <member type="way" ref="991152370" role=""/>
  <member type="way" ref="651086293" role=""/>
  <member type="way" ref="650999437" role=""/>
  <member type="way" ref="953411713" role=""/>
  <member type="way" ref="716753051" role=""/>
  <member type="way" ref="953411712" role=""/>
  <member type="way" ref="98464948" role=""/>
  <member type="way" ref="1111763925" role=""/>
  <member type="way" ref="953412546" role=""/>
  <member type="way" ref="173515814" role=""/>
  <member type="way" ref="173515758" role=""/>
  <member type="way" ref="716747142" role=""/>
  <member type="way" ref="1320670804" role=""/>
  <member type="way" ref="953417823" role=""/>
  <member type="way" ref="650999438" role=""/>
  <member type="way" ref="953417822" role=""/>
  <member type="way" ref="113466620" role=""/>
  <member type="way" ref="924856090" role=""/>
  <member type="way" ref="954614564" role=""/>
  <member type="way" ref="173449150" role=""/>
  <member type="way" ref="173449125" role=""/>
  <member type="way" ref="716740717" role=""/>
  <member type="way" ref="651086294" role=""/>
  <member type="way" ref="716740718" role=""/>
  <member type="way" ref="113466665" role=""/>
  <member type="way" ref="1171440863" role=""/>
  <member type="way" ref="124508090" role=""/>
  <member type="way" ref="33777819" role=""/>
  <member type="way" ref="1349765078" role=""/>
  <member type="way" ref="1349765082" role=""/>
  <member type="way" ref="1349765077" role=""/>
  <member type="way" ref="1349765079" role=""/>
  <member type="way" ref="1349765080" role=""/>
  <member type="way" ref="113466677" role=""/>
  <member type="way" ref="27810584" role=""/>
  <member type="way" ref="713705276" role=""/>
  <member type="way" ref="713705277" role=""/>
  <member type="way" ref="713705278" role=""/>
  <member type="way" ref="113466655" role=""/>
  <member type="way" ref="1171436054" role=""/>
  <member type="way" ref="185843786" role=""/>
  <member type="way" ref="185843795" role=""/>
  <member type="way" ref="713707582" role=""/>
  <member type="way" ref="713707583" role=""/>
  <member type="way" ref="713707584" role=""/>
  <member type="way" ref="713707580" role=""/>
  <member type="way" ref="185837957" role=""/>
  <member type="way" ref="113466558" role=""/>
  <member type="way" ref="1171329272" role=""/>
  <member type="way" ref="113466647" role=""/>
  <member type="way" ref="713709345" role=""/>
  <member type="way" ref="713709346" role=""/>
  <member type="way" ref="713709347" role=""/>
  <member type="way" ref="713711245" role=""/>
  <member type="way" ref="1171324887" role=""/>
  <member type="way" ref="713711246" role=""/>
  <member type="way" ref="713711247" role=""/>
  <member type="way" ref="187199148" role=""/>
  <member type="way" ref="713886244" role=""/>
  <member type="way" ref="713886245" role=""/>
  <member type="way" ref="713886246" role=""/>
  <member type="way" ref="187199124" role=""/>
  <member type="way" ref="713891334" role=""/>
  <member type="way" ref="713891333" role=""/>
  <member type="way" ref="113466681" role=""/>
  <member type="way" ref="113466602" role=""/>
  <member type="way" ref="1171317817" role=""/>
  <member type="way" ref="113466577" role=""/>
  <member type="way" ref="1171317816" role=""/>
  <member type="way" ref="1171315984" role=""/>
  <member type="way" ref="1171315985" role=""/>
  <member type="way" ref="713893123" role=""/>
  <member type="way" ref="713893122" role=""/>
  <member type="way" ref="713893120" role=""/>
  <member type="way" ref="745292693" role=""/>
  <member type="way" ref="745292694" role=""/>
  <member type="way" ref="113466638" role=""/>
  <member type="way" ref="713894193" role=""/>
  <member type="way" ref="713894192" role=""/>
  <member type="way" ref="40594932" role=""/>
  <member type="way" ref="1171298085" role=""/>
  <member type="way" ref="713899501" role=""/>
  <member type="way" ref="713899502" role=""/>
  <member type="way" ref="185067355" role=""/>
  <member type="way" ref="185067362" role=""/>
  <member type="way" ref="113466601" role=""/>
  <member type="way" ref="1171288612" role=""/>
  <member type="way" ref="187238501" role=""/>
  <member type="way" ref="713904165" role=""/>
  <member type="way" ref="713904166" role=""/>
  <member type="way" ref="187238489" role=""/>
  <member type="way" ref="97116958" role=""/>
  <member type="way" ref="1330682503" role=""/>
  <member type="way" ref="1331399322" role=""/>
  <member type="way" ref="1170992828" role=""/>
  <member type="way" ref="1170992821" role=""/>
  <member type="way" ref="1170992823" role=""/>
  <member type="way" ref="1170992827" role=""/>
  <member type="way" ref="185036346" role=""/>
  <member type="way" ref="1170992831" role=""/>
  <member type="way" ref="1170426815" role=""/>
  <member type="way" ref="185036321" role=""/>
  <member type="way" ref="713922818" role=""/>
  <member type="way" ref="652747875" role=""/>
  <member type="way" ref="713923702" role=""/>
  <member type="way" ref="713922817" role=""/>
  <member type="way" ref="713923703" role=""/>
  <member type="way" ref="185036340" role=""/>
  <member type="way" ref="184987919" role=""/>
  <member type="way" ref="184987916" role=""/>
  <member type="way" ref="1170418287" role=""/>
  <member type="way" ref="97116947" role=""/>
  <member type="way" ref="1170418291" role=""/>
  <member type="way" ref="97116776" role=""/>
  <member type="way" ref="97116778" role=""/>
  <member type="way" ref="713925578" role=""/>
  <member type="way" ref="713925579" role=""/>
  <member type="way" ref="713925580" role=""/>
  <member type="way" ref="713925953" role=""/>
  <member type="way" ref="713925954" role=""/>
  <member type="way" ref="713925955" role=""/>
  <member type="way" ref="713925956" role=""/>
  <member type="way" ref="817530303" role=""/>
  <member type="way" ref="1057871248" role=""/>
  <member type="way" ref="817530304" role=""/>
  <member type="way" ref="41226152" role=""/>
  <member type="way" ref="838178839" role=""/>
  <member type="way" ref="838178840" role=""/>
  <member type="way" ref="838178841" role=""/>
  <member type="way" ref="27396093" role=""/>
  <member type="way" ref="435040334" role=""/>
  <member type="way" ref="435040332" role=""/>
  <member type="way" ref="646579896" role=""/>
  <member type="way" ref="847809754" role=""/>
  <member type="way" ref="687964012" role=""/>
  <member type="way" ref="1349765081" role=""/>
  <member type="way" ref="1212445720" role=""/>
  <member type="way" ref="1232465915" role=""/>
  <member type="way" ref="1232465931" role=""/>
  <member type="way" ref="1212445719" role=""/>
  <member type="way" ref="635632342" role=""/>
  <member type="way" ref="725767452" role=""/>
  <member type="way" ref="725767453" role=""/>
  <member type="way" ref="1232465929" role=""/>
  <member type="way" ref="1321762971" role=""/>
  <member type="way" ref="691286476" role=""/>
  <member type="way" ref="24423554" role=""/>
  <member type="way" ref="691286470" role=""/>
  <member type="way" ref="184192469" role="forward"/>
  <member type="way" ref="666769666" role="forward"/>
  <member type="way" ref="184192476" role=""/>
  <member type="way" ref="1232465928" role=""/>
  <member type="way" ref="677043768" role="forward"/>
  <member type="way" ref="495193763" role=""/>
  <member type="way" ref="653168055" role=""/>
  <member type="way" ref="862077118" role=""/>
  <member type="way" ref="653168058" role=""/>
  <member type="way" ref="799491063" role=""/>
  <member type="way" ref="863817876" role=""/>
  <member type="way" ref="87716937" role=""/>
  <member type="way" ref="126923653" role=""/>
  <member type="way" ref="126923655" role=""/>
  <member type="way" ref="864647758" role=""/>
  <member type="way" ref="61274656" role=""/>
  <member type="way" ref="127240896" role=""/>
  <member type="way" ref="864647759" role=""/>
  <member type="way" ref="865208390" role=""/>
  <member type="way" ref="127240880" role=""/>
  <member type="way" ref="1061109518" role=""/>
  <member type="way" ref="908547352" role=""/>
  <member type="way" ref="908558908" role=""/>
  <member type="way" ref="597756352" role=""/>
  <member type="way" ref="1081867373" role=""/>
  <member type="way" ref="597756353" role=""/>
  <member type="way" ref="894435373" role=""/>
  <member type="way" ref="894435375" role=""/>
  <member type="way" ref="894435376" role=""/>
  <member type="way" ref="264622018" role=""/>
  <member type="way" ref="35960368" role=""/>
  <member type="way" ref="35960369" role=""/>
  <member type="way" ref="428245807" role=""/>
  <member type="way" ref="894435378" role=""/>
  <member type="way" ref="894435380" role=""/>
  <member type="way" ref="430062628" role=""/>
  <member type="way" ref="894435379" role=""/>
  <member type="way" ref="894435382" role=""/>
  <member type="way" ref="430039081" role=""/>
  <member type="way" ref="1442719879" role=""/>
  <member type="way" ref="892549787" role=""/>
  <member type="way" ref="302569766" role=""/>
  <member type="way" ref="200040377" role=""/>
  <member type="way" ref="526883036" role=""/>
  <member type="way" ref="894741095" role=""/>
  <member type="way" ref="903181320" role=""/>
  <member type="way" ref="200040380" role=""/>
  <member type="way" ref="894741099" role=""/>
  <member type="way" ref="894741101" role=""/>
  <member type="way" ref="885224380" role=""/>
  <member type="way" ref="910025554" role=""/>
  <member type="way" ref="894741102" role=""/>
  <member type="way" ref="885224379" role=""/>
  <member type="way" ref="894724814" role=""/>
  <member type="way" ref="204800812" role=""/>
  <member type="way" ref="204800809" role=""/>
  <member type="way" ref="422651189" role=""/>
  <member type="way" ref="894724812" role=""/>
  <member type="way" ref="422651190" role=""/>
  <member type="way" ref="894724811" role=""/>
  <member type="way" ref="894724810" role=""/>
  <member type="way" ref="422683853" role=""/>
  <member type="way" ref="422683854" role=""/>
  <member type="way" ref="1357109660" role=""/>
  <member type="way" ref="894724809" role=""/>
  <member type="way" ref="1472514956" role=""/>
  <member type="way" ref="732603248" role=""/>
  <member type="way" ref="27517036" role=""/>
  <member type="way" ref="437707244" role=""/>
  <member type="way" ref="741882426" role=""/>
  <member type="way" ref="668748831" role=""/>
  <member type="way" ref="621292337" role=""/>
  <member type="way" ref="668748832" role=""/>
  <member type="way" ref="621292338" role=""/>
  <member type="way" ref="740700741" role=""/>
  <member type="way" ref="740700742" role=""/>
  <member type="way" ref="740700743" role=""/>
  <member type="way" ref="437707241" role=""/>
  <member type="way" ref="714457240" role=""/>
  <member type="way" ref="714457241" role=""/>
  <member type="way" ref="714457242" role=""/>
  <member type="way" ref="714455707" role=""/>
  <member type="way" ref="714455708" role=""/>
  <member type="way" ref="714455709" role=""/>
  <member type="way" ref="870415114" role=""/>
  <member type="way" ref="76733412" role=""/>
  <member type="way" ref="713937590" role=""/>
  <member type="way" ref="713937591" role=""/>
  <member type="way" ref="713937592" role=""/>
  <member type="way" ref="76733409" role=""/>
  <member type="way" ref="437707504" role=""/>
  <member type="way" ref="437707502" role=""/>
  <member type="way" ref="437707505" role=""/>
  <member type="way" ref="232265961" role=""/>
  <member type="way" ref="232265956" role="forward"/>
  <member type="way" ref="26553539" role="forward"/>
  <member type="way" ref="87716822" role=""/>
  <member type="way" ref="864768747" role=""/>
  <member type="way" ref="87716861" role=""/>
  <member type="way" ref="845589859" role=""/>
  <member type="way" ref="905325766" role=""/>
  <member type="way" ref="848646018" role=""/>
  <member type="way" ref="840630340" role=""/>
  <member type="way" ref="864768748" role=""/>
  <member type="way" ref="307930655" role=""/>
  <member type="way" ref="457724904" role=""/>
  <member type="way" ref="845584532" role=""/>
  <member type="way" ref="840630332" role=""/>
  <member type="way" ref="457725382" role=""/>
  <member type="way" ref="457733839" role=""/>
  <member type="way" ref="457736807" role=""/>
  <member type="way" ref="885972024" role=""/>
  <member type="way" ref="148639621" role=""/>
  <member type="way" ref="148639629" role=""/>
  <member type="way" ref="93220735" role=""/>
  <member type="way" ref="93220730" role=""/>
  <member type="way" ref="307051213" role=""/>
  <member type="way" ref="892884114" role=""/>
  <member type="way" ref="854916982" role=""/>
  <member type="way" ref="854916983" role=""/>
  <member type="way" ref="453782692" role=""/>
  <member type="way" ref="881577465" role=""/>
  <member type="way" ref="881577459" role=""/>
  <member type="way" ref="345321019" role=""/>
  <member type="way" ref="453580412" role=""/>
  <member type="way" ref="453577644" role=""/>
  <member type="way" ref="261279702" role=""/>
  <member type="way" ref="876633188" role=""/>
  <member type="way" ref="840982053" role=""/>
  <member type="way" ref="127240893" role=""/>
  <member type="way" ref="127240892" role=""/>
  <member type="way" ref="653168056" role=""/>
  <member type="way" ref="892873952" role=""/>
  <member type="way" ref="840992524" role=""/>
  <member type="way" ref="653168059" role=""/>
  <member type="way" ref="653168054" role=""/>
  <member type="way" ref="1118444732" role=""/>
  <member type="way" ref="591561888" role=""/>
  <member type="way" ref="1120421379" role=""/>
  <member type="way" ref="1171754989" role=""/>
  <member type="way" ref="684259501" role=""/>
  <member type="way" ref="1171754988" role=""/>
  <member type="way" ref="1288367329" role=""/>
  <member type="way" ref="1288367331" role=""/>
  <member type="way" ref="646579895" role=""/>
  <member type="way" ref="1288367330" role=""/>
  <member type="way" ref="646579894" role=""/>
  <member type="way" ref="800469523" role=""/>
  <member type="way" ref="847809753" role=""/>
  <member type="way" ref="422361991" role=""/>
  <member type="way" ref="1503310093" role=""/>
  <member type="way" ref="769386988" role=""/>
  <member type="way" ref="769386987" role=""/>
  <member type="way" ref="1340614241" role=""/>
  <member type="way" ref="800399264" role=""/>
  <member type="way" ref="1231378490" role=""/>
  <member type="way" ref="1231378494" role=""/>
  <member type="way" ref="769386989" role=""/>
  <member type="way" ref="1444471000" role=""/>
  <member type="way" ref="1444470998" role=""/>
  <member type="way" ref="1444471002" role=""/>
  <member type="way" ref="1444470997" role=""/>
  <member type="way" ref="422361982" role=""/>
  <member type="way" ref="681308085" role=""/>
  <member type="way" ref="1092082985" role=""/>
  <member type="way" ref="681308086" role=""/>
  <member type="way" ref="681308087" role=""/>
  <member type="way" ref="681308088" role=""/>
  <member type="way" ref="681308089" role=""/>
  <member type="way" ref="646579898" role=""/>
  <member type="way" ref="591893901" role=""/>
  <member type="way" ref="1329916974" role=""/>
  <member type="way" ref="1454573764" role=""/>
  <member type="way" ref="591893899" role=""/>
  <member type="way" ref="1424288209" role="forward"/>
  <member type="way" ref="1454573766" role="forward"/>
  <member type="way" ref="1454573765" role="forward"/>
  <member type="way" ref="217754508" role="forward"/>
  <member type="way" ref="95947504" role="forward"/>
  <member type="way" ref="108770325" role="forward"/>
  <member type="way" ref="1373199727" role="forward"/>
  <member type="way" ref="1373199724" role="forward"/>
  <member type="way" ref="1373199728" role="forward"/>
  <member type="way" ref="1373199725" role="forward"/>
  <member type="way" ref="95946363" role="forward"/>
  <member type="way" ref="1373199726" role="forward"/>
  <member type="way" ref="123722901" role="forward"/>
  <member type="way" ref="123722896" role="forward"/>
  <member type="way" ref="123722894" role="forward"/>
  <member type="way" ref="264472328" role="forward"/>
  <member type="way" ref="264472333" role="forward"/>
  <member type="way" ref="1374835301" role="forward"/>
  <member type="way" ref="1374835300" role="forward"/>
  <member type="way" ref="1374835299" role="forward"/>
  <member type="way" ref="1374835298" role="forward"/>
  <member type="way" ref="123722898" role="forward"/>
  <member type="way" ref="1374835297" role="forward"/>
  <member type="way" ref="1374835296" role="forward"/>
  <member type="way" ref="260566936" role="forward"/>
  <member type="way" ref="760788729" role=""/>
  <member type="way" ref="1374835287" role=""/>
  <member type="way" ref="1374835288" role=""/>
  <member type="way" ref="1374844453" role=""/>
  <member type="way" ref="1374835289" role=""/>
  <member type="way" ref="1384107908" role=""/>
  <member type="way" ref="1384107907" role=""/>
  <member type="way" ref="1374844454" role=""/>
  <member type="way" ref="1374844455" role=""/>
  <member type="way" ref="1374835286" role="forward"/>
  <member type="way" ref="1374835285" role="forward"/>
  <member type="way" ref="1446633591" role="forward"/>
  <member type="way" ref="1446633590" role="forward"/>
  <member type="way" ref="1446633589" role="forward"/>
  <member type="way" ref="1448616440" role="forward"/>
  <member type="way" ref="1448616439" role="forward"/>
  <member type="way" ref="1448616438" role="forward"/>
  <member type="way" ref="1448616437" role="forward"/>
  <member type="way" ref="1448616436" role="forward"/>
  <member type="way" ref="1446633588" role="forward"/>
  <member type="way" ref="1446633577" role="forward"/>
  <member type="way" ref="1446633578" role="forward"/>
  <member type="way" ref="1446633585" role="forward"/>
  <member type="way" ref="1446633587" role="forward"/>
  <member type="way" ref="1446633586" role="forward"/>
  <member type="way" ref="1375032988" role="forward"/>
  <member type="way" ref="1551846105" role="forward"/>
  <member type="way" ref="1551846104" role="forward"/>
  <member type="way" ref="1375032987" role="forward"/>
  <member type="way" ref="1551846109" role="forward"/>
  <member type="way" ref="1551846113" role="forward"/>
  <member type="way" ref="1551846103" role="forward"/>
  <member type="way" ref="1551846112" role="forward"/>
  <member type="way" ref="1375032984" role="forward"/>
  <member type="way" ref="1552155166" role="forward"/>
  <member type="way" ref="1552155165" role="forward"/>
  <member type="way" ref="1552155168" role="forward"/>
  <member type="way" ref="1375032983" role="forward"/>
  <member type="way" ref="1552155175" role="forward"/>
  <member type="way" ref="1552155177" role="forward"/>
  <member type="way" ref="1552155176" role="forward"/>
  <member type="way" ref="1375032980" role="forward"/>
  <member type="way" ref="1375032979" role="forward"/>
  <member type="way" ref="1375032978" role="forward"/>
  <member type="way" ref="1375032977" role="forward"/>
  <member type="way" ref="1375032972" role="forward"/>
  <member type="way" ref="1375032971" role="forward"/>
  <member type="way" ref="1375032968" role="forward"/>
  <member type="way" ref="1375032967" role="forward"/>
  <member type="way" ref="1375032964" role="forward"/>
  <member type="way" ref="1375032963" role="forward"/>
  <member type="way" ref="1375032960" role="forward"/>
  <member type="way" ref="1375032959" role="forward"/>
  <member type="way" ref="1375032956" role="forward"/>
  <member type="way" ref="1375032955" role="forward"/>
  <member type="way" ref="1375032952" role="forward"/>
  <member type="way" ref="1375032951" role="forward"/>
  <member type="way" ref="1375032948" role="forward"/>
  <member type="way" ref="1375032947" role="forward"/>
  <member type="way" ref="1375032946" role="forward"/>
  <member type="way" ref="1375032945" role="forward"/>
  <member type="way" ref="1375032942" role="forward"/>
  <member type="way" ref="1375032941" role="forward"/>
  <member type="way" ref="1375032936" role="forward"/>
  <member type="way" ref="1375032935" role="forward"/>
  <member type="way" ref="1375032932" role="forward"/>
  <member type="way" ref="1446581848" role="forward"/>
  <member type="way" ref="1446581847" role="forward"/>
  <member type="way" ref="1446581846" role="forward"/>
  <member type="way" ref="1446581850" role="forward"/>
  <member type="way" ref="1446581845" role="forward"/>
  <member type="way" ref="1446581844" role="forward"/>
  <member type="way" ref="1375032931" role="forward"/>
  <member type="way" ref="260566938" role="forward"/>
  <member type="way" ref="1375032928" role="forward"/>
  <member type="way" ref="1375032927" role="forward"/>
  <member type="way" ref="1191548723" role="forward"/>
  <member type="way" ref="1191548925" role="forward"/>
  <member type="way" ref="1191548926" role="forward"/>
  <member type="way" ref="1191550495" role="forward"/>
  <member type="way" ref="1191550496" role="forward"/>
  <member type="way" ref="1191550499" role="forward"/>
  <member type="way" ref="1191550500" role="forward"/>
  <member type="way" ref="1375032924" role="forward"/>
  <member type="way" ref="1375032923" role="forward"/>
  <member type="way" ref="1375032920" role="forward"/>
  <member type="way" ref="1375032919" role="forward"/>
  <member type="way" ref="1191548722" role="forward"/>
  <member type="way" ref="1191550854" role="forward"/>
  <member type="way" ref="1191550853" role="forward"/>
  <member type="way" ref="123721987" role="forward"/>
  <member type="way" ref="123721989" role="forward"/>
  <member type="way" ref="1375032916" role="forward"/>
  <member type="way" ref="1375032915" role="forward"/>
  <member type="way" ref="229997258" role="forward"/>
  <member type="way" ref="696326483" role="forward"/>
  <member type="way" ref="1375032912" role="forward"/>
  <member type="way" ref="1375032911" role="forward"/>
  <member type="way" ref="1448612405" role="forward"/>
  <member type="way" ref="123721836" role="forward"/>
  <member type="way" ref="1448612404" role="forward"/>
  <member type="way" ref="1426024103" role="forward"/>
  <member type="way" ref="1433503444" role="forward"/>
  <member type="way" ref="1375032910" role="forward"/>
  <member type="way" ref="1448612418" role="forward"/>
  <member type="way" ref="1448612419" role="forward"/>
  <member type="way" ref="1448612417" role="forward"/>
  <member type="way" ref="1448612416" role="forward"/>
  <member type="way" ref="1433503445" role="forward"/>
  <member type="way" ref="1448612415" role="forward"/>
  <member type="way" ref="1448612414" role="forward"/>
  <member type="way" ref="1426024104" role="forward"/>
  <member type="way" ref="1383601099" role="forward"/>
  <member type="way" ref="1375032909" role="forward"/>
  <member type="way" ref="1436756388" role="forward"/>
  <member type="way" ref="1436756387" role="forward"/>
  <member type="way" ref="1436756386" role="forward"/>
  <member type="way" ref="1436756385" role="forward"/>
  <member type="way" ref="1436756384" role="forward"/>
  <member type="way" ref="123721839" role="forward"/>
  <member type="way" ref="1433503440" role="forward"/>
  <member type="way" ref="1433503443" role="forward"/>
  <member type="way" ref="1433503441" role="forward"/>
  <member type="way" ref="1383601100" role="forward"/>
  <member type="way" ref="1448612401" role="forward"/>
  <member type="way" ref="1433503442" role="forward"/>
  <member type="way" ref="696320383" role="forward"/>
  <member type="way" ref="619456296" role="forward"/>
  <member type="way" ref="1026065954" role="forward"/>
  <member type="way" ref="81725791" role="forward"/>
  <member type="way" ref="81725802" role="forward"/>
  <member type="way" ref="215028570" role="forward"/>
  <member type="way" ref="215028572" role="forward"/>
  <member type="way" ref="1282776552" role="forward"/>
  <member type="way" ref="81725714" role="forward"/>
  <member type="way" ref="219238675" role="forward"/>
  <member type="way" ref="628081111" role="forward"/>
  <member type="way" ref="628081109" role="forward"/>
  <member type="way" ref="1282776551" role="forward"/>
  <member type="way" ref="254466242" role="forward"/>
  <member type="way" ref="1461997417" role="forward"/>
  <member type="way" ref="138497640" role="forward"/>
  <member type="way" ref="451333759" role="forward"/>
  <member type="way" ref="451333749" role="forward"/>
  <member type="way" ref="451333753" role="forward"/>
  <member type="way" ref="148473105" role="forward"/>
  <member type="way" ref="665944104" role="forward"/>
  <member type="way" ref="196648893" role="forward"/>
  <member type="way" ref="665944101" role="forward"/>
  <member type="way" ref="226693007" role="forward"/>
  <member type="way" ref="1282776550" role="forward"/>
  <member type="way" ref="1050923011" role="forward"/>
  <member type="way" ref="1176543191" role="forward"/>
  <member type="way" ref="451327562" role="forward"/>
  <member type="way" ref="1282776549" role="forward"/>
  <member type="way" ref="1282776548" role="forward"/>
  <member type="way" ref="1282776547" role="forward"/>
  <member type="way" ref="50584779" role="forward"/>
  <member type="way" ref="964596254" role="forward"/>
  <member type="way" ref="223253410" role="forward"/>
  <member type="way" ref="635271978" role="forward"/>
  <member type="way" ref="219956107" role="forward"/>
  <member type="way" ref="1300099753" role="forward"/>
  <member type="way" ref="196676711" role="forward"/>
  <member type="way" ref="763458715" role="forward"/>
  <member type="way" ref="763458712" role="forward"/>
  <member type="way" ref="763458709" role="forward"/>
  <member type="way" ref="196520823" role="forward"/>
  <member type="way" ref="1462508356" role="forward"/>
  <member type="way" ref="1462508355" role="forward"/>
  <member type="way" ref="442024788" role="forward"/>
  <member type="way" ref="441744353" role="forward"/>
  <member type="way" ref="441744351" role="forward"/>
  <member type="way" ref="1282776546" role="forward"/>
  <member type="way" ref="1206974144" role="forward"/>
  <member type="way" ref="1282776545" role="forward"/>
  <member type="way" ref="1282776544" role="forward"/>
  <member type="way" ref="1282776543" role="forward"/>
  <member type="way" ref="1282776542" role="forward"/>
  <member type="way" ref="32133401" role="forward"/>
  <member type="way" ref="1282776541" role="forward"/>
  <member type="way" ref="723716277" role="forward"/>
  <member type="way" ref="241717659" role="forward"/>
  <member type="way" ref="198350132" role="forward"/>
  <member type="way" ref="723726654" role="forward"/>
  <member type="way" ref="302795167" role="forward"/>
  <member type="way" ref="239653290" role="forward"/>
  <member type="way" ref="8217902" role="forward"/>
  <member type="way" ref="301223786" role="forward"/>
  <member type="way" ref="1529006661" role="forward"/>
  <member type="way" ref="1529006658" role="forward"/>
  <member type="way" ref="1529011461" role="forward"/>
  <member type="way" ref="84490601" role="forward"/>
  <member type="way" ref="667035478" role="forward"/>
  <member type="way" ref="667035477" role="forward"/>
  <member type="way" ref="667035475" role="forward"/>
  <member type="way" ref="667035474" role="forward"/>
  <member type="way" ref="665627974" role="forward"/>
  <member type="way" ref="895746209" role=""/>
  <member type="way" ref="154325238" role="forward"/>
  <member type="way" ref="665627973" role="forward"/>
  <member type="way" ref="160469880" role="forward"/>
  <member type="way" ref="666184647" role="forward"/>
  <member type="way" ref="1452916275" role="forward"/>
  <member type="way" ref="666184646" role="forward"/>
  <member type="way" ref="160469879" role="forward"/>
  <member type="way" ref="665627971" role="forward"/>
  <member type="way" ref="196673062" role="forward"/>
  <member type="way" ref="665627968" role="forward"/>
  <member type="way" ref="1495063803" role="forward"/>
  <member type="way" ref="4865822" role="forward"/>
  <member type="way" ref="894655781" role="forward"/>
  <member type="way" ref="665627965" role="forward"/>
  <member type="way" ref="665627964" role="forward"/>
  <member type="way" ref="450554040" role="forward"/>
  <member type="way" ref="665627961" role="forward"/>
  <member type="way" ref="665627957" role="forward"/>
  <member type="way" ref="665627954" role="forward"/>
  <member type="way" ref="665627952" role="forward"/>
  <member type="way" ref="302797108" role="forward"/>
  <member type="way" ref="666950571" role="forward"/>
  <member type="way" ref="227053934" role="forward"/>
  <member type="way" ref="665445267" role="forward"/>
  <member type="way" ref="201079794" role="forward"/>
  <member type="way" ref="243206184" role="forward"/>
  <member type="way" ref="1188959743" role="forward"/>
  <member type="way" ref="1188959744" role="forward"/>
  <member type="way" ref="894784651" role="forward"/>
  <member type="way" ref="153967348" role="forward"/>
  <member type="way" ref="153967352" role="forward"/>
  <member type="way" ref="244601702" role="forward"/>
  <member type="way" ref="665110039" role="forward"/>
  <member type="way" ref="665110038" role="forward"/>
  <member type="way" ref="217748142" role="forward"/>
  <member type="way" ref="204909977" role="forward"/>
  <member type="way" ref="87716894" role="forward"/>
  <member type="way" ref="231121052" role="forward"/>
  <member type="way" ref="210831346" role="forward"/>
  <member type="way" ref="210831348" role="forward"/>
  <member type="way" ref="153964138" role="forward"/>
  <member type="way" ref="5137115" role="forward"/>
  <member type="way" ref="199262229" role="forward"/>
  <member type="way" ref="670511723" role="forward"/>
  <member type="way" ref="199262223" role="forward"/>
  <member type="way" ref="670511721" role="forward"/>
  <member type="way" ref="243206180" role="forward"/>
  <member type="way" ref="542671968" role="forward"/>
  <member type="way" ref="454281519" role="forward"/>
  <member type="way" ref="23485603" role="forward"/>
  <member type="way" ref="978867528" role="forward"/>
  <member type="way" ref="978867529" role="forward"/>
  <member type="way" ref="671891064" role="forward"/>
  <member type="way" ref="153964135" role="forward"/>
  <member type="way" ref="695574549" role="forward"/>
  <member type="way" ref="585851684" role="forward"/>
  <member type="way" ref="450554042" role="forward"/>
  <member type="way" ref="4045771" role="forward"/>
  <member type="way" ref="236194087" role="forward"/>
  <member type="way" ref="241211736" role="forward"/>
  <member type="way" ref="1435545963" role="forward"/>
  <member type="way" ref="895096890" role="forward"/>
  <member type="way" ref="204909978" role="forward"/>
  <member type="way" ref="27552726" role="forward"/>
  <member type="way" ref="665682527" role="forward"/>
  <member type="way" ref="1305419202" role="forward"/>
  <member type="way" ref="229477303" role="forward"/>
  <member type="way" ref="665694970" role="forward"/>
  <member type="way" ref="454281518" role="forward"/>
  <member type="way" ref="999276210" role="forward"/>
  <member type="way" ref="665694968" role="forward"/>
  <member type="way" ref="665695602" role="forward"/>
  <member type="way" ref="665695723" role="forward"/>
  <member type="way" ref="227053928" role="forward"/>
  <member type="way" ref="665696010" role="forward"/>
  <member type="way" ref="227053922" role="forward"/>
  <member type="way" ref="665696009" role="forward"/>
  <member type="way" ref="4865813" role="forward"/>
  <member type="way" ref="665696186" role="forward"/>
  <member type="way" ref="160469881" role="forward"/>
  <member type="way" ref="229820743" role="forward"/>
  <member type="way" ref="454281517" role="forward"/>
  <member type="way" ref="666701065" role="forward"/>
  <member type="way" ref="665696955" role="forward"/>
  <member type="way" ref="187899505" role="forward"/>
  <member type="way" ref="665697554" role="forward"/>
  <member type="way" ref="153967355" role="forward"/>
  <member type="way" ref="87716921" role="forward"/>
  <member type="way" ref="227497624" role="forward"/>
  <member type="way" ref="227497622" role="forward"/>
  <member type="way" ref="84490743" role="forward"/>
  <member type="way" ref="301226655" role=""/>
  <member type="way" ref="667017562" role=""/>
  <member type="way" ref="612898782" role=""/>
  <member type="way" ref="201180154" role="forward"/>
  <member type="way" ref="1529006660" role="forward"/>
  <member type="way" ref="1282766739" role="forward"/>
  <member type="way" ref="678011317" role="forward"/>
  <member type="way" ref="665933061" role="forward"/>
  <member type="way" ref="665933054" role="forward"/>
  <member type="way" ref="239653299" role="forward"/>
  <member type="way" ref="723726653" role="forward"/>
  <member type="way" ref="723716275" role="forward"/>
  <member type="way" ref="241717660" role="forward"/>
  <member type="way" ref="723716273" role="forward"/>
  <member type="way" ref="198528544" role="forward"/>
  <member type="way" ref="369596288" role="forward"/>
  <member type="way" ref="441744354" role="forward"/>
  <member type="way" ref="441744352" role="forward"/>
  <member type="way" ref="32133415" role="forward"/>
  <member type="way" ref="665904991" role="forward"/>
  <member type="way" ref="1518702652" role="forward"/>
  <member type="way" ref="903132485" role="forward"/>
  <member type="way" ref="665904990" role="forward"/>
  <member type="way" ref="665904989" role="forward"/>
  <member type="way" ref="665904988" role="forward"/>
  <member type="way" ref="665904985" role="forward"/>
  <member type="way" ref="665904984" role="forward"/>
  <member type="way" ref="665913830" role="forward"/>
  <member type="way" ref="34206893" role="forward"/>
  <member type="way" ref="697869054" role="forward"/>
  <member type="way" ref="227456694" role="forward"/>
  <member type="way" ref="763458706" role="forward"/>
  <member type="way" ref="763458708" role="forward"/>
  <member type="way" ref="763458711" role="forward"/>
  <member type="way" ref="665913824" role="forward"/>
  <member type="way" ref="196647431" role="forward"/>
  <member type="way" ref="665968658" role="forward"/>
  <member type="way" ref="964597279" role="forward"/>
  <member type="way" ref="223253411" role="forward"/>
  <member type="way" ref="1282766738" role="forward"/>
  <member type="way" ref="1282766737" role="forward"/>
  <member type="way" ref="665968657" role="forward"/>
  <member type="way" ref="1282766736" role="forward"/>
  <member type="way" ref="1282766735" role="forward"/>
  <member type="way" ref="451332012" role="forward"/>
  <member type="way" ref="667306476" role="forward"/>
  <member type="way" ref="667306475" role="forward"/>
  <member type="way" ref="667306474" role="forward"/>
  <member type="way" ref="667306473" role="forward"/>
  <member type="way" ref="1461999303" role="forward"/>
  <member type="way" ref="1282766733" role="forward"/>
  <member type="way" ref="160469876" role="forward"/>
  <member type="way" ref="667306471" role="forward"/>
  <member type="way" ref="667306472" role="forward"/>
  <member type="way" ref="667306470" role=""/>
  <member type="way" ref="891094806" role=""/>
  <member type="way" ref="226693006" role="forward"/>
  <member type="way" ref="1462502228" role="forward"/>
  <member type="way" ref="1462502226" role="forward"/>
  <member type="way" ref="196648894" role="forward"/>
  <member type="way" ref="676619975" role="forward"/>
  <member type="way" ref="1282776553" role="forward"/>
  <member type="way" ref="927211459" role="forward"/>
  <member type="way" ref="451333762" role="forward"/>
  <member type="way" ref="23481183" role="forward"/>
  <member type="way" ref="254466243" role="forward"/>
  <member type="way" ref="628081108" role="forward"/>
  <member type="way" ref="667236048" role="forward"/>
  <member type="way" ref="1025860179" role="forward"/>
  <member type="way" ref="196520812" role="forward"/>
  <member type="way" ref="81725797" role="forward"/>
  <member type="way" ref="215028575" role="forward"/>
  <member type="way" ref="1026065958" role="forward"/>
  <member type="way" ref="215028574" role="forward"/>
  <member type="way" ref="81725705" role="forward"/>
  <member type="way" ref="81725723" role="forward"/>
  <member type="way" ref="1448612402" role="forward"/>
  <member type="way" ref="1448612403" role="forward"/>
  <member type="way" ref="696320384" role="forward"/>
  <member type="way" ref="1436756394" role="forward"/>
  <member type="way" ref="1436756395" role="forward"/>
  <member type="way" ref="1436756393" role="forward"/>
  <member type="way" ref="1436756392" role="forward"/>
  <member type="way" ref="1436756391" role="forward"/>
  <member type="way" ref="1436756390" role="forward"/>
  <member type="way" ref="1433503458" role="forward"/>
  <member type="way" ref="1433503457" role="forward"/>
  <member type="way" ref="1433503446" role="forward"/>
  <member type="way" ref="1433503459" role="forward"/>
  <member type="way" ref="1375032908" role="forward"/>
  <member type="way" ref="1375032907" role="forward"/>
  <member type="way" ref="1448612413" role="forward"/>
  <member type="way" ref="123721838" role="forward"/>
  <member type="way" ref="1375032914" role="forward"/>
  <member type="way" ref="1375032913" role="forward"/>
  <member type="way" ref="123721837" role="forward"/>
  <member type="way" ref="229997259" role="forward"/>
  <member type="way" ref="1375032918" role="forward"/>
  <member type="way" ref="1375032917" role="forward"/>
  <member type="way" ref="229997260" role="forward"/>
  <member type="way" ref="123721986" role="forward"/>
  <member type="way" ref="1191550851" role="forward"/>
  <member type="way" ref="1191550852" role="forward"/>
  <member type="way" ref="1191548724" role="forward"/>
  <member type="way" ref="1375032922" role="forward"/>
  <member type="way" ref="1375032921" role="forward"/>
  <member type="way" ref="1375032926" role="forward"/>
  <member type="way" ref="1375032925" role="forward"/>
  <member type="way" ref="1191550498" role="forward"/>
  <member type="way" ref="1191550497" role="forward"/>
  <member type="way" ref="1191550494" role="forward"/>
  <member type="way" ref="1191550493" role="forward"/>
  <member type="way" ref="1191548924" role="forward"/>
  <member type="way" ref="1191548923" role="forward"/>
  <member type="way" ref="1191548725" role="forward"/>
  <member type="way" ref="1375032930" role="forward"/>
  <member type="way" ref="1375032929" role="forward"/>
  <member type="way" ref="696333681" role="forward"/>
  <member type="way" ref="1375032934" role="forward"/>
  <member type="way" ref="1446581843" role="forward"/>
  <member type="way" ref="1446581842" role="forward"/>
  <member type="way" ref="1446581841" role="forward"/>
  <member type="way" ref="1446581849" role="forward"/>
  <member type="way" ref="1446581840" role="forward"/>
  <member type="way" ref="1446581839" role="forward"/>
  <member type="way" ref="1375032933" role="forward"/>
  <member type="way" ref="1375032938" role="forward"/>
  <member type="way" ref="1375032937" role="forward"/>
  <member type="way" ref="1375032940" role="forward"/>
  <member type="way" ref="1375032939" role="forward"/>
  <member type="way" ref="1375032944" role="forward"/>
  <member type="way" ref="1375032943" role="forward"/>
  <member type="way" ref="1375032950" role="forward"/>
  <member type="way" ref="1375032949" role="forward"/>
  <member type="way" ref="1375032954" role="forward"/>
  <member type="way" ref="1375032953" role="forward"/>
  <member type="way" ref="1375032958" role="forward"/>
  <member type="way" ref="1375032957" role="forward"/>
  <member type="way" ref="1375032962" role="forward"/>
  <member type="way" ref="1375032961" role="forward"/>
  <member type="way" ref="1375032966" role="forward"/>
  <member type="way" ref="1375032965" role="forward"/>
  <member type="way" ref="1375032970" role="forward"/>
  <member type="way" ref="1375032969" role="forward"/>
  <member type="way" ref="1375032974" role="forward"/>
  <member type="way" ref="1375032973" role="forward"/>
  <member type="way" ref="1375032976" role="forward"/>
  <member type="way" ref="1375032975" role="forward"/>
  <member type="way" ref="1375032982" role="forward"/>
  <member type="way" ref="1375032981" role="forward"/>
  <member type="way" ref="1552155179" role="forward"/>
  <member type="way" ref="1552155178" role="forward"/>
  <member type="way" ref="1552155180" role="forward"/>
  <member type="way" ref="1375032986" role="forward"/>
  <member type="way" ref="1552155173" role="forward"/>
  <member type="way" ref="1552155174" role="forward"/>
  <member type="way" ref="1552155167" role="forward"/>
  <member type="way" ref="1375032985" role="forward"/>
  <member type="way" ref="1551846111" role="forward"/>
  <member type="way" ref="1375032989" role="forward"/>
  <member type="way" ref="1551846110" role="forward"/>
  <member type="way" ref="1551846108" role="forward"/>
  <member type="way" ref="1551846107" role="forward"/>
  <member type="way" ref="1551846106" role="forward"/>
  <member type="way" ref="1375032990" role="forward"/>
  <member type="way" ref="1446633593" role="forward"/>
  <member type="way" ref="1446633580" role="forward"/>
  <member type="way" ref="1446633581" role="forward"/>
  <member type="way" ref="1446633579" role="forward"/>
  <member type="way" ref="1448616446" role="forward"/>
  <member type="way" ref="1448616445" role="forward"/>
  <member type="way" ref="1446633592" role="forward"/>
  <member type="way" ref="1448616444" role="forward"/>
  <member type="way" ref="1448616443" role="forward"/>
  <member type="way" ref="1448616442" role="forward"/>
  <member type="way" ref="1448616441" role="forward"/>
  <member type="way" ref="1446633594" role="forward"/>
  <member type="way" ref="1446633596" role="forward"/>
  <member type="way" ref="1446633597" role="forward"/>
  <member type="way" ref="1446633595" role="forward"/>
  <member type="way" ref="1374835282" role="forward"/>
  <member type="way" ref="1374835283" role="forward"/>
  <member type="way" ref="1374835284" role="forward"/>
  <member type="way" ref="1374835292" role=""/>
  <member type="way" ref="1384107906" role=""/>
  <member type="way" ref="1384107905" role=""/>
  <member type="way" ref="1374835290" role=""/>
  <member type="way" ref="1374835291" role=""/>
  <member type="way" ref="760788728" role=""/>
  <member type="way" ref="260566937" role="forward"/>
  <member type="way" ref="1374835295" role="forward"/>
  <member type="way" ref="1374835294" role="forward"/>
  <member type="way" ref="1374835293" role="forward"/>
  <member type="way" ref="260566935" role="forward"/>
  <member type="way" ref="1374835302" role="forward"/>
  <member type="way" ref="1374835304" role="forward"/>
  <member type="way" ref="1374835303" role="forward"/>
  <member type="way" ref="123722899" role="forward"/>
  <member type="way" ref="264472259" role="forward"/>
  <member type="way" ref="264472265" role="forward"/>
  <member type="way" ref="123722893" role="forward"/>
  <member type="way" ref="123722902" role="forward"/>
  <member type="way" ref="1373199722" role="forward"/>
  <member type="way" ref="1373199723" role="forward"/>
  <member type="way" ref="1373199721" role="forward"/>
  <member type="way" ref="1373199731" role="forward"/>
  <member type="way" ref="1373199729" role="forward"/>
  <member type="way" ref="1373199730" role="forward"/>
  <member type="way" ref="95946361" role="forward"/>
  <member type="way" ref="95948543" role="forward"/>
  <member type="way" ref="95948544" role="forward"/>
  <member type="way" ref="1424288218" role="forward"/>
  <member type="way" ref="1454573767" role="forward"/>
  <member type="way" ref="1454573768" role="forward"/>
  <member type="way" ref="591893900" role=""/>
  <member type="way" ref="1208904580" role=""/>
  <member type="way" ref="1383335792" role=""/>
  <member type="way" ref="882681514" role=""/>
  <member type="way" ref="1025147049" role=""/>
  <member type="way" ref="1106397031" role=""/>
  <member type="way" ref="1282845769" role=""/>
  <member type="way" ref="33547382" role=""/>
  <member type="way" ref="1282845770" role=""/>
  <member type="way" ref="1171308424" role=""/>
  <member type="way" ref="41701303" role="forward"/>
  <member type="way" ref="41701274" role="forward"/>
  <member type="way" ref="41701236" role="forward"/>
  <member type="way" ref="41701310" role="forward"/>
  <member type="way" ref="243206137" role="forward"/>
  <member type="way" ref="41701294" role="forward"/>
  <member type="way" ref="721845644" role=""/>
  <member type="way" ref="721845643" role=""/>
  <member type="way" ref="721845642" role=""/>
  <member type="way" ref="870021986" role=""/>
  <member type="way" ref="1282845768" role=""/>
  <member type="way" ref="1282845767" role=""/>
  <member type="way" ref="870021987" role=""/>
  <member type="way" ref="1171308427" role=""/>
  <member type="way" ref="41701306" role=""/>
  <member type="way" ref="33547328" role=""/>
  <member type="way" ref="1282845766" role=""/>
  <member type="way" ref="1171308428" role=""/>
  <member type="way" ref="187166492" role=""/>
  <member type="way" ref="1171308429" role=""/>
  <member type="way" ref="187166491" role=""/>
  <member type="way" ref="98044844" role=""/>
  <member type="way" ref="98044853" role=""/>
  <member type="way" ref="668513444" role=""/>
  <member type="way" ref="491044773" role=""/>
  <member type="way" ref="675351967" role=""/>
  <member type="way" ref="675351968" role=""/>
  <member type="way" ref="1282845765" role=""/>
  <member type="way" ref="1282845764" role=""/>
  <member type="way" ref="15282367" role=""/>
  <member type="way" ref="271839614" role="forward"/>
  <member type="way" ref="119752817" role="forward"/>
  <member type="way" ref="119752815" role="forward"/>
  <member type="way" ref="271839619" role="forward"/>
  <member type="way" ref="491044769" role="forward"/>
  <member type="way" ref="271839623" role="forward"/>
  <member type="way" ref="1208908107" role=""/>
  <member type="way" ref="23479769" role="forward"/>
  <member type="way" ref="1464398399" role=""/>
  <member type="way" ref="1282817690" role=""/>
  <member type="way" ref="1282817691" role=""/>
  <member type="way" ref="1282817689" role=""/>
  <member type="way" ref="1282817688" role=""/>
  <member type="way" ref="172374443" role=""/>
  <member type="way" ref="1454573781" role="forward"/>
  <member type="way" ref="1208906155" role=""/>
  <member type="way" ref="1282817686" role=""/>
  <member type="way" ref="705738785" role=""/>
  <member type="way" ref="1282817684" role=""/>
  <member type="way" ref="1282817685" role=""/>
  <member type="way" ref="229925826" role=""/>
  <member type="way" ref="30853564" role=""/>
  <member type="way" ref="30853559" role=""/>
  <member type="way" ref="955633412" role=""/>
  <member type="way" ref="920872321" role=""/>
  <member type="way" ref="920872322" role=""/>
  <member type="way" ref="920872320" role=""/>
  <member type="way" ref="955633413" role=""/>
  <member type="way" ref="229925824" role=""/>
  <member type="way" ref="920867100" role=""/>
  <member type="way" ref="920867099" role=""/>
  <member type="way" ref="832680460" role=""/>
  <member type="way" ref="832680452" role=""/>
  <member type="way" ref="920867101" role=""/>
  <member type="way" ref="920867102" role=""/>
  <member type="way" ref="920860226" role=""/>
  <member type="way" ref="920860224" role=""/>
  <member type="way" ref="920860225" role=""/>
  <member type="way" ref="955633414" role=""/>
  <member type="way" ref="1228502279" role=""/>
  <member type="way" ref="15282361" role=""/>
  <member type="way" ref="478219394" role=""/>
  <member type="way" ref="478219395" role=""/>
  <member type="way" ref="319395993" role=""/>
  <member type="way" ref="1378248210" role=""/>
  <member type="way" ref="1378248209" role=""/>
  <member type="way" ref="705733963" role=""/>
  <member type="way" ref="918193667" role=""/>
  <member type="way" ref="918193665" role=""/>
  <member type="way" ref="918193666" role=""/>
  <member type="way" ref="1171710058" role=""/>
  <member type="way" ref="705733962" role=""/>
  <member type="way" ref="705733961" role=""/>
  <member type="way" ref="955633415" role=""/>
  <member type="way" ref="1171710057" role=""/>
  <member type="way" ref="319395994" role=""/>
  <member type="way" ref="918268324" role=""/>
  <member type="way" ref="918268323" role=""/>
  <member type="way" ref="918268325" role=""/>
  <member type="way" ref="918258532" role=""/>
  <member type="way" ref="918258533" role=""/>
  <member type="way" ref="918258534" role=""/>
  <member type="way" ref="918258535" role=""/>
  <member type="way" ref="918257888" role=""/>
  <member type="way" ref="918257887" role=""/>
  <member type="way" ref="918257885" role=""/>
  <member type="way" ref="918257889" role=""/>
  <member type="way" ref="918257240" role=""/>
  <member type="way" ref="918257239" role=""/>
  <member type="way" ref="918257241" role=""/>
  <member type="way" ref="918251817" role=""/>
  <member type="way" ref="918251818" role=""/>
  <member type="way" ref="918251819" role=""/>
  <member type="way" ref="918251820" role=""/>
  <member type="way" ref="918251821" role=""/>
  <member type="way" ref="918251822" role=""/>
  <member type="way" ref="918251824" role=""/>
  <member type="way" ref="918251823" role=""/>
  <member type="way" ref="918289629" role=""/>
  <member type="way" ref="918289625" role=""/>
  <member type="way" ref="918289628" role=""/>
  <member type="way" ref="918289627" role=""/>
  <member type="way" ref="918251825" role=""/>
  <member type="way" ref="705729208" role=""/>
  <member type="way" ref="705729206" role=""/>
  <member type="way" ref="705729207" role=""/>
  <member type="way" ref="918289631" role=""/>
  <member type="way" ref="918289633" role=""/>
  <member type="way" ref="918289634" role=""/>
  <member type="way" ref="677854774" role=""/>
  <member type="way" ref="918289637" role=""/>
  <member type="way" ref="918289636" role=""/>
  <member type="way" ref="677854775" role=""/>
  <member type="way" ref="705727775" role=""/>
  <member type="way" ref="705727774" role=""/>
  <member type="way" ref="1176508006" role=""/>
  <member type="way" ref="921607483" role=""/>
  <member type="way" ref="921607482" role=""/>
  <member type="way" ref="921607481" role=""/>
  <member type="way" ref="1176508005" role=""/>
  <member type="way" ref="354340490" role=""/>
  <member type="way" ref="225288666" role=""/>
  <member type="way" ref="225288667" role=""/>
  <member type="way" ref="921610350" role=""/>
  <member type="way" ref="1209444916" role=""/>
  <member type="way" ref="1176354187" role=""/>
  <member type="way" ref="921610348" role=""/>
  <member type="way" ref="921610349" role=""/>
  <member type="way" ref="921610347" role=""/>
  <member type="way" ref="921611033" role=""/>
  <member type="way" ref="921611031" role=""/>
  <member type="way" ref="921611032" role=""/>
  <member type="way" ref="921611030" role=""/>
  <member type="way" ref="1176352936" role=""/>
  <member type="way" ref="225239838" role=""/>
  <member type="way" ref="957408018" role=""/>
  <member type="way" ref="1176352935" role=""/>
  <member type="way" ref="443583291" role=""/>
  <member type="way" ref="1426088220" role=""/>
  <member type="way" ref="1426088219" role=""/>
  <member type="way" ref="319272796" role=""/>
  <member type="way" ref="705717563" role=""/>
  <member type="way" ref="319272789" role=""/>
  <member type="way" ref="705717564" role=""/>
  <member type="way" ref="1445963414" role=""/>
  <member type="way" ref="1445963413" role=""/>
  <member type="way" ref="1445963412" role=""/>
  <member type="way" ref="1176351501" role=""/>
  <member type="way" ref="705716512" role=""/>
  <member type="way" ref="921599400" role=""/>
  <member type="way" ref="921599399" role=""/>
  <member type="way" ref="921599398" role=""/>
  <member type="way" ref="443583292" role=""/>
  <member type="way" ref="921599404" role=""/>
  <member type="way" ref="1172899207" role=""/>
  <member type="way" ref="957408022" role=""/>
  <member type="way" ref="921599402" role=""/>
  <member type="way" ref="921599403" role=""/>
  <member type="way" ref="957408023" role=""/>
  <member type="way" ref="225302055" role=""/>
  <member type="way" ref="705715785" role=""/>
  <member type="way" ref="705715782" role=""/>
  <member type="way" ref="1171321575" role=""/>
  <member type="way" ref="1442332206" role=""/>
  <member type="way" ref="1442332208" role=""/>
  <member type="way" ref="1172210323" role=""/>
  <member type="way" ref="225302085" role=""/>
  <member type="way" ref="705707102" role=""/>
  <member type="way" ref="921311988" role=""/>
  <member type="way" ref="921311989" role=""/>
  <member type="way" ref="921311990" role=""/>
  <member type="way" ref="354340288" role=""/>
  <member type="way" ref="1171645395" role=""/>
  <member type="way" ref="1445956197" role=""/>
  <member type="way" ref="705707101" role=""/>
  <member type="way" ref="705707103" role=""/>
  <member type="way" ref="957408027" role=""/>
  <member type="way" ref="609154251" role=""/>
  <member type="way" ref="833189078" role=""/>
  <member type="way" ref="833189077" role=""/>
  <member type="way" ref="225306188" role=""/>
  <member type="way" ref="921311701" role=""/>
  <member type="way" ref="921311702" role=""/>
  <member type="way" ref="1445956190" role=""/>
  <member type="way" ref="1445956206" role=""/>
  <member type="way" ref="1454995055" role=""/>
  <member type="way" ref="921311703" role=""/>
  <member type="way" ref="957408029" role=""/>
  <member type="way" ref="957408028" role=""/>
  <member type="way" ref="1445956202" role=""/>
  <member type="way" ref="1171645394" role=""/>
  <member type="way" ref="1454995056" role=""/>
  <member type="way" ref="514598246" role=""/>
  <member type="way" ref="921311705" role=""/>
  <member type="way" ref="921311706" role=""/>
  <member type="way" ref="921310640" role=""/>
  <member type="way" ref="921310639" role=""/>
  <member type="way" ref="921310641" role=""/>
  <member type="way" ref="921310643" role=""/>
  <member type="way" ref="921310645" role=""/>
  <member type="way" ref="921310644" role=""/>
  <member type="way" ref="921305845" role=""/>
  <member type="way" ref="921305846" role=""/>
  <member type="way" ref="921305847" role=""/>
  <member type="way" ref="1171645392" role=""/>
  <member type="way" ref="1172008570" role=""/>
  <member type="way" ref="225306187" role=""/>
  <member type="way" ref="921305849" role=""/>
  <member type="way" ref="921305850" role=""/>
  <member type="way" ref="921305851" role=""/>
  <member type="way" ref="443580550" role=""/>
  <member type="way" ref="1171645391" role=""/>
  <member type="way" ref="443577938" role=""/>
  <member type="way" ref="922837372" role=""/>
  <member type="way" ref="922837373" role=""/>
  <member type="way" ref="922837374" role=""/>
  <member type="way" ref="443577930" role=""/>
  <member type="way" ref="443577933" role=""/>
  <member type="way" ref="354340270" role=""/>
  <member type="way" ref="515497815" role=""/>
  <member type="way" ref="957408079" role=""/>
  <member type="way" ref="187008800" role=""/>
  <member type="way" ref="187008801" role=""/>
  <member type="way" ref="957408078" role=""/>
  <member type="way" ref="515497820" role=""/>
  <member type="way" ref="1171319460" role=""/>
  <member type="way" ref="443575931" role=""/>
  <member type="way" ref="638139457" role=""/>
  <member type="way" ref="957408081" role=""/>
  <member type="way" ref="721945542" role=""/>
  <member type="way" ref="922836721" role=""/>
  <member type="way" ref="922836722" role=""/>
  <member type="way" ref="443575932" role=""/>
  <member type="way" ref="1171969517" role=""/>
  <member type="way" ref="1171065292" role=""/>
  <member type="way" ref="957408080" role=""/>
  <member type="way" ref="443575107" role=""/>
  <member type="way" ref="443575108" role=""/>
  <member type="way" ref="957408089" role=""/>
  <member type="way" ref="721937406" role=""/>
  <member type="way" ref="721937407" role=""/>
  <member type="way" ref="721937408" role=""/>
  <member type="way" ref="1171065288" role=""/>
  <member type="way" ref="1171065287" role=""/>
  <member type="way" ref="1170464206" role=""/>
  <member type="way" ref="443575110" role=""/>
  <member type="way" ref="1171061105" role=""/>
  <member type="way" ref="443575105" role=""/>
  <member type="way" ref="957408090" role=""/>
  <member type="way" ref="957408091" role=""/>
  <member type="way" ref="515497809" role=""/>
  <member type="way" ref="1171059799" role=""/>
  <member type="way" ref="1171059798" role=""/>
  <member type="way" ref="515497796" role=""/>
  <member type="way" ref="1170464205" role=""/>
  <member type="way" ref="225447378" role=""/>
  <member type="way" ref="515493902" role=""/>
  <member type="way" ref="1171316098" role=""/>
  <member type="way" ref="225235450" role=""/>
  <member type="way" ref="721934717" role=""/>
  <member type="way" ref="33547314" role=""/>
  <member type="way" ref="721934716" role=""/>
  <member type="way" ref="1518204360" role=""/>
  <member type="way" ref="1170393669" role=""/>
  <member type="way" ref="1170393673" role=""/>
  <member type="way" ref="1170393670" role=""/>
  <member type="way" ref="1282845771" role=""/>
  <member type="way" ref="515493903" role=""/>
  <member type="way" ref="1002575423" role=""/>
  <member type="way" ref="1171315306" role=""/>
  <member type="way" ref="1002575424" role=""/>
  <member type="way" ref="721304788" role=""/>
  <member type="way" ref="721304787" role=""/>
  <member type="way" ref="1171315307" role=""/>
  <member type="way" ref="515493904" role=""/>
  <member type="way" ref="515493900" role=""/>
  <member type="way" ref="1174303134" role=""/>
  <member type="way" ref="1027300909" role=""/>
  <member type="way" ref="684259498" role=""/>
  <member type="way" ref="826142533" role=""/>
  <member type="way" ref="173181465" role=""/>
  <member type="way" ref="173181457" role=""/>
  <member type="way" ref="173080845" role="forward"/>
  <member type="way" ref="1392439135" role=""/>
  <member type="way" ref="173080857" role="forward"/>
  <member type="way" ref="537990970" role=""/>
  <member type="way" ref="127352468" role=""/>
  <member type="way" ref="125665697" role=""/>
  <member type="way" ref="125665701" role=""/>
  <member type="way" ref="225885173" role=""/>
  <member type="way" ref="225885175" role=""/>
  <member type="way" ref="221158718" role=""/>
  <member type="way" ref="1337167212" role=""/>
  <member type="way" ref="1337167213" role=""/>
  <member type="way" ref="221158720" role=""/>
  <member type="way" ref="761030199" role=""/>
  <member type="way" ref="220483802" role=""/>
  <member type="way" ref="298193223" role=""/>
  <member type="way" ref="298193225" role=""/>
  <member type="way" ref="693690392" role=""/>
  <member type="way" ref="693690395" role=""/>
  <member type="way" ref="225252583" role=""/>
  <member type="way" ref="298193913" role=""/>
  <member type="way" ref="298193916" role=""/>
  <member type="way" ref="704207641" role=""/>
  <member type="way" ref="704207635" role=""/>
  <member type="way" ref="704207639" role=""/>
  <member type="way" ref="704207638" role=""/>
  <member type="way" ref="132319715" role=""/>
  <member type="way" ref="497627004" role=""/>
  <member type="way" ref="132329735" role=""/>
  <member type="way" ref="497627007" role=""/>
  <member type="way" ref="924417846" role=""/>
  <member type="way" ref="132319717" role=""/>
  <member type="way" ref="33231963" role=""/>
  <member type="way" ref="223845538" role=""/>
  <member type="way" ref="223845534" role=""/>
  <member type="way" ref="924417847" role=""/>
  <member type="way" ref="223845535" role=""/>
  <member type="way" ref="229241078" role=""/>
  <member type="way" ref="375587042" role=""/>
  <member type="way" ref="375587043" role=""/>
  <member type="way" ref="30859660" role=""/>
  <member type="way" ref="254546448" role=""/>
  <member type="way" ref="254546457" role=""/>
  <member type="way" ref="973097425" role=""/>
  <member type="way" ref="973097422" role=""/>
  <member type="way" ref="254546444" role=""/>
  <member type="way" ref="30860091" role=""/>
  <member type="way" ref="30860095" role=""/>
  <member type="way" ref="761015189" role=""/>
  <member type="way" ref="229240842" role=""/>
  <member type="way" ref="409312967" role=""/>
  <member type="way" ref="409312960" role=""/>
  <member type="way" ref="225252581" role=""/>
  <member type="way" ref="225252579" role=""/>
  <member type="way" ref="760961326" role=""/>
  <member type="way" ref="229240161" role=""/>
  <member type="way" ref="760961325" role=""/>
  <member type="way" ref="48781935" role=""/>
  <member type="way" ref="77136187" role=""/>
  <member type="way" ref="77136181" role=""/>
  <member type="way" ref="77122685" role=""/>
  <member type="way" ref="77122697" role=""/>
  <member type="way" ref="37756476" role=""/>
  <member type="way" ref="37756477" role=""/>
  <member type="way" ref="77110299" role=""/>
  <member type="way" ref="77110292" role=""/>
  <member type="way" ref="760957952" role=""/>
  <member type="way" ref="75614842" role=""/>
  <member type="way" ref="75614839" role=""/>
  <member type="way" ref="82226697" role=""/>
  <member type="way" ref="82226701" role=""/>
  <member type="way" ref="74220794" role="forward"/>
  <member type="way" ref="74220824" role=""/>
  <member type="way" ref="224835430" role=""/>
  <member type="way" ref="224835431" role=""/>
  <member type="way" ref="74220827" role="forward"/>
  <member type="way" ref="74220788" role=""/>
  <member type="way" ref="74220819" role=""/>
  <member type="way" ref="74220780" role=""/>
  <member type="way" ref="70812319" role=""/>
  <member type="way" ref="70812330" role=""/>
  <member type="way" ref="1447367353" role=""/>
  <member type="way" ref="1447367352" role=""/>
  <member type="way" ref="1447367350" role=""/>
  <member type="way" ref="1447367354" role=""/>
  <member type="way" ref="1447367351" role=""/>
  <member type="way" ref="973029784" role=""/>
  <member type="way" ref="1447367349" role=""/>
  <member type="way" ref="48781306" role=""/>
  <member type="way" ref="973029783" role=""/>
  <member type="way" ref="694112676" role=""/>
  <member type="way" ref="45780005" role=""/>
  <member type="way" ref="45780001" role=""/>
  <member type="way" ref="74220784" role=""/>
  <member type="way" ref="74220808" role=""/>
  <member type="way" ref="16859200" role=""/>
  <member type="way" ref="16859187" role=""/>
  <member type="way" ref="897348715" role=""/>
  <member type="way" ref="45780000" role=""/>
  <member type="way" ref="45779998" role=""/>
  <member type="way" ref="23444275" role=""/>
  <member type="way" ref="992009525" role=""/>
  <member type="way" ref="23444274" role=""/>
  <member type="way" ref="31021072" role=""/>
  <member type="way" ref="25248056" role=""/>
  <member type="way" ref="973029778" role=""/>
  <member type="way" ref="25248047" role=""/>
  <member type="way" ref="298274509" role=""/>
  <member type="way" ref="1123724657" role=""/>
  <member type="way" ref="973029779" role=""/>
  <member type="way" ref="1124025753" role=""/>
  <member type="way" ref="1124025759" role=""/>
  <member type="way" ref="1124025754" role=""/>
  <member type="way" ref="1124025757" role=""/>
  <member type="way" ref="377713778" role=""/>
  <member type="way" ref="665681199" role="forward"/>
  <member type="way" ref="226551032" role="forward"/>
  <member type="way" ref="448321443" role="forward"/>
  <member type="way" ref="1119629377" role="forward"/>
  <member type="way" ref="448321438" role="forward"/>
  <member type="way" ref="1161978907" role="forward"/>
  <member type="way" ref="231809808" role="forward"/>
  <member type="way" ref="1161978906" role="forward"/>
  <member type="way" ref="1119629378" role="forward"/>
  <member type="way" ref="762949460" role="forward"/>
  <member type="way" ref="762949454" role="forward"/>
  <member type="way" ref="762949453" role="forward"/>
  <member type="way" ref="762949451" role="forward"/>
  <member type="way" ref="762949444" role="forward"/>
  <member type="way" ref="762949463" role="forward"/>
  <member type="way" ref="762949462" role="forward"/>
  <member type="way" ref="762949442" role="forward"/>
  <member type="way" ref="762949443" role="forward"/>
  <member type="way" ref="762949465" role="forward"/>
  <member type="way" ref="762949467" role="forward"/>
  <member type="way" ref="762949473" role="forward"/>
  <member type="way" ref="762949475" role="forward"/>
  <member type="way" ref="307087240" role="forward"/>
  <member type="way" ref="853045913" role="forward"/>
  <member type="way" ref="1123803965" role="forward"/>
  <member type="way" ref="853045912" role="forward"/>
  <member type="way" ref="1123803964" role="forward"/>
  <member type="way" ref="762949482" role="forward"/>
  <member type="way" ref="762949486" role="forward"/>
  <member type="way" ref="665448490" role="forward"/>
  <member type="way" ref="442012675" role="forward"/>
  <member type="way" ref="23427542" role="forward"/>
  <member type="way" ref="442012676" role="forward"/>
  <member type="way" ref="762949487" role="forward"/>
  <member type="way" ref="762949488" role="forward"/>
  <member type="way" ref="762949489" role="forward"/>
  <member type="way" ref="762949496" role="forward"/>
  <member type="way" ref="698335971" role="forward"/>
  <member type="way" ref="723106473" role="forward"/>
  <member type="way" ref="762949497" role="forward"/>
  <member type="way" ref="762949498" role="forward"/>
  <member type="way" ref="762949499" role="forward"/>
  <member type="way" ref="762949500" role="forward"/>
  <member type="way" ref="762949502" role="forward"/>
  <member type="way" ref="1052264720" role="forward"/>
  <member type="way" ref="723106472" role="forward"/>
  <member type="way" ref="244280513" role="forward"/>
  <member type="way" ref="762953138" role="forward"/>
  <member type="way" ref="665664902" role=""/>
  <member type="way" ref="27845469" role="forward"/>
  <member type="way" ref="665664901" role=""/>
  <member type="way" ref="665664899" role=""/>
  <member type="way" ref="231940318" role="forward"/>
  <member type="way" ref="669017047" role="forward"/>
  <member type="way" ref="728035277" role="forward"/>
  <member type="way" ref="669017046" role="forward"/>
  <member type="way" ref="1084077243" role="forward"/>
  <member type="way" ref="220766202" role="forward"/>
  <member type="way" ref="1084077245" role="forward"/>
  <member type="way" ref="669017045" role="forward"/>
  <member type="way" ref="242077357" role=""/>
  <member type="way" ref="1323002863" role=""/>
  <member type="way" ref="355405363" role=""/>
  <member type="way" ref="902420594" role=""/>
  <member type="way" ref="537990971" role=""/>
  <member type="way" ref="902420595" role=""/>
  <member type="way" ref="1314176919" role=""/>
  <member type="way" ref="1411401978" role=""/>
  <member type="way" ref="125665696" role=""/>
  <member type="way" ref="127352466" role=""/>
  <member type="way" ref="118072870" role=""/>
  <member type="way" ref="225885177" role=""/>
  <member type="way" ref="225885174" role=""/>
  <member type="way" ref="221158719" role=""/>
  <member type="way" ref="221158717" role=""/>
  <member type="way" ref="761029142" role=""/>
  <member type="way" ref="761030198" role=""/>
  <member type="way" ref="220483803" role=""/>
  <member type="way" ref="298193224" role=""/>
  <member type="way" ref="693690393" role=""/>
  <member type="way" ref="693690394" role=""/>
  <member type="way" ref="298193915" role=""/>
  <member type="way" ref="298193914" role=""/>
  <member type="way" ref="704207642" role=""/>
  <member type="way" ref="704207636" role=""/>
  <member type="way" ref="704207634" role=""/>
  <member type="way" ref="704207637" role=""/>
  <member type="way" ref="118072884" role=""/>
  <member type="way" ref="132319716" role=""/>
  <member type="way" ref="97821928" role=""/>
  <member type="way" ref="15241694" role=""/>
  <member type="way" ref="218592866" role=""/>
  <member type="way" ref="223845536" role=""/>
  <member type="way" ref="924853272" role=""/>
  <member type="way" ref="223845537" role=""/>
  <member type="way" ref="223845532" role=""/>
  <member type="way" ref="223845533" role=""/>
  <member type="way" ref="924417849" role=""/>
  <member type="way" ref="30859662" role=""/>
  <member type="way" ref="30859541" role=""/>
  <member type="way" ref="686333123" role=""/>
  <member type="way" ref="30859635" role=""/>
  <member type="way" ref="30859641" role=""/>
  <member type="way" ref="30859579" role=""/>
  <member type="way" ref="30859583" role=""/>
  <member type="way" ref="254546467" role=""/>
  <member type="way" ref="254546463" role=""/>
  <member type="way" ref="973097424" role=""/>
  <member type="way" ref="973097423" role=""/>
  <member type="way" ref="298364140" role=""/>
  <member type="way" ref="298364143" role=""/>
  <member type="way" ref="30860077" role=""/>
  <member type="way" ref="30860079" role=""/>
  <member type="way" ref="298364142" role=""/>
  <member type="way" ref="375587041" role=""/>
  <member type="way" ref="375587044" role=""/>
  <member type="way" ref="254546452" role=""/>
  <member type="way" ref="229240841" role=""/>
  <member type="way" ref="761015188" role=""/>
  <member type="way" ref="409312966" role=""/>
  <member type="way" ref="409312965" role=""/>
  <member type="way" ref="225252580" role=""/>
  <member type="way" ref="225252582" role=""/>
  <member type="way" ref="312390338" role=""/>
  <member type="way" ref="48781936" role=""/>
  <member type="way" ref="77136197" role=""/>
  <member type="way" ref="77136209" role=""/>
  <member type="way" ref="77122690" role=""/>
  <member type="way" ref="77122693" role=""/>
  <member type="way" ref="37756479" role=""/>
  <member type="way" ref="37756478" role=""/>
  <member type="way" ref="77110303" role=""/>
  <member type="way" ref="77110307" role=""/>
  <member type="way" ref="677826540" role=""/>
  <member type="way" ref="75614841" role=""/>
  <member type="way" ref="760957951" role=""/>
  <member type="way" ref="75614843" role=""/>
  <member type="way" ref="82226696" role=""/>
  <member type="way" ref="82226699" role=""/>
  <member type="way" ref="74220771" role=""/>
  <member type="way" ref="74220810" role="forward"/>
  <member type="way" ref="224835428" role=""/>
  <member type="way" ref="224835429" role=""/>
  <member type="way" ref="74220815" role=""/>
  <member type="way" ref="74220793" role="forward"/>
  <member type="way" ref="74220799" role=""/>
  <member type="way" ref="973029786" role=""/>
  <member type="way" ref="74220767" role=""/>
  <member type="way" ref="70812327" role=""/>
  <member type="way" ref="70812325" role=""/>
  <member type="way" ref="48781307" role=""/>
  <member type="way" ref="1447367346" role=""/>
  <member type="way" ref="1447367345" role=""/>
  <member type="way" ref="1447367344" role=""/>
  <member type="way" ref="973029785" role=""/>
  <member type="way" ref="1447367347" role=""/>
  <member type="way" ref="1447367348" role=""/>
  <member type="way" ref="694112677" role=""/>
  <member type="way" ref="45779994" role=""/>
  <member type="way" ref="1123802200" role=""/>
  <member type="way" ref="1123802199" role=""/>
  <member type="way" ref="45780006" role=""/>
  <member type="way" ref="74220814" role=""/>
  <member type="way" ref="74220786" role=""/>
  <member type="way" ref="16859175" role=""/>
  <member type="way" ref="16859170" role=""/>
  <member type="way" ref="45779997" role=""/>
  <member type="way" ref="1314180612" role=""/>
  <member type="way" ref="45779999" role=""/>
  <member type="way" ref="1413208459" role=""/>
  <member type="way" ref="21047568" role=""/>
  <member type="way" ref="21047556" role=""/>
  <member type="way" ref="31021071" role=""/>
  <member type="way" ref="377713779" role=""/>
  <member type="way" ref="25248076" role=""/>
  <member type="way" ref="25248084" role=""/>
  <member type="way" ref="298274508" role=""/>
  <member type="way" ref="670571956" role=""/>
  <member type="way" ref="1124025760" role=""/>
  <member type="way" ref="1124025758" role=""/>
  <member type="way" ref="1124025755" role=""/>
  <member type="way" ref="1124025756" role=""/>
  <member type="way" ref="1451095925" role="forward"/>
  <member type="way" ref="231809801" role="forward"/>
  <member type="way" ref="226551027" role="forward"/>
  <member type="way" ref="231809803" role="forward"/>
  <member type="way" ref="665447304" role="forward"/>
  <member type="way" ref="448321447" role="forward"/>
  <member type="way" ref="1127967708" role="forward"/>
  <member type="way" ref="448321453" role="forward"/>
  <member type="way" ref="667535815" role="forward"/>
  <member type="way" ref="1127967704" role="forward"/>
  <member type="way" ref="897348717" role="forward"/>
  <member type="way" ref="1306881992" role="forward"/>
  <member type="way" ref="891676389" role="forward"/>
  <member type="way" ref="762949455" role="forward"/>
  <member type="way" ref="762949457" role="forward"/>
  <member type="way" ref="1148226664" role="forward"/>
  <member type="way" ref="762949450" role="forward"/>
  <member type="way" ref="762949449" role="forward"/>
  <member type="way" ref="762949446" role="forward"/>
  <member type="way" ref="762949464" role="forward"/>
  <member type="way" ref="1122282390" role="forward"/>
  <member type="way" ref="762949466" role="forward"/>
  <member type="way" ref="762949469" role="forward"/>
  <member type="way" ref="762949468" role="forward"/>
  <member type="way" ref="1450810717" role="forward"/>
  <member type="way" ref="762949470" role="forward"/>
  <member type="way" ref="762949478" role="forward"/>
  <member type="way" ref="762949480" role="forward"/>
  <member type="way" ref="307087239" role="forward"/>
  <member type="way" ref="762949483" role="forward"/>
  <member type="way" ref="853045914" role="forward"/>
  <member type="way" ref="1123803963" role="forward"/>
  <member type="way" ref="853045915" role="forward"/>
  <member type="way" ref="1123803962" role="forward"/>
  <member type="way" ref="762949485" role="forward"/>
  <member type="way" ref="23427554" role="forward"/>
  <member type="way" ref="667566916" role="forward"/>
  <member type="way" ref="442012677" role="forward"/>
  <member type="way" ref="442012678" role="forward"/>
  <member type="way" ref="762949490" role="forward"/>
  <member type="way" ref="762949491" role="forward"/>
  <member type="way" ref="762949492" role="forward"/>
  <member type="way" ref="762949494" role="forward"/>
  <member type="way" ref="234126703" role="forward"/>
  <member type="way" ref="723105238" role="forward"/>
  <member type="way" ref="852976726" role="forward"/>
  <member type="way" ref="723105239" role="forward"/>
  <member type="way" ref="1915" role="forward"/>
  <member type="way" ref="723106470" role="forward"/>
  <member type="way" ref="723106471" role="forward"/>
  <member type="way" ref="762953139" role="forward"/>
  <member type="way" ref="668674514" role="forward"/>
  <member type="way" ref="1067258510" role="forward"/>
  <member type="way" ref="723109397" role="forward"/>
  <member type="way" ref="23706916" role="forward"/>
  <member type="way" ref="220767880" role="forward"/>
  <member type="way" ref="1084077239" role="forward"/>
  <member type="way" ref="1084077242" role="forward"/>
  <member type="way" ref="231344910" role="forward"/>
  <member type="way" ref="231344912" role="backward"/>
  <member type="way" ref="217746048" role="backward"/>
  <member type="way" ref="1171761412" role="forward"/>
  <member type="way" ref="676779733" role="forward"/>
  <member type="way" ref="590194141" role="forward"/>
  <member type="way" ref="1171761411" role="forward"/>
  <member type="way" ref="1171761410" role="forward"/>
  <member type="way" ref="986604083" role="forward"/>
  <member type="way" ref="325737516" role="forward"/>
  <member type="way" ref="124508092" role=""/>
  <member type="way" ref="325737514" role=""/>
  <member type="way" ref="325737512" role=""/>
  <member type="way" ref="1445250650" role=""/>
  <member type="way" ref="1445251555" role=""/>
  <member type="way" ref="38966139" role="forward"/>
  <member type="way" ref="1171761413" role="forward"/>
  <member type="way" ref="925582057" role=""/>
  <member type="way" ref="946517011" role=""/>
  <member type="way" ref="925582054" role=""/>
  <member type="way" ref="590216268" role=""/>
  <member type="way" ref="717098682" role=""/>
  <member type="way" ref="717098681" role=""/>
  <member type="way" ref="590552108" role=""/>
  <member type="way" ref="947747062" role=""/>
  <member type="way" ref="210597390" role=""/>
  <member type="way" ref="717097735" role=""/>
  <member type="way" ref="717097736" role=""/>
  <member type="way" ref="717097737" role=""/>
  <member type="way" ref="717096687" role=""/>
  <member type="way" ref="982201900" role=""/>
  <member type="way" ref="210597393" role=""/>
  <member type="way" ref="717096688" role=""/>
  <member type="way" ref="172443962" role="forward"/>
  <member type="way" ref="172443949" role="forward"/>
  <member type="way" ref="1444227854" role=""/>
  <member type="way" ref="173077063" role=""/>
  <member type="way" ref="210597391" role="forward"/>
  <member type="way" ref="173077041" role="forward"/>
  <member type="way" ref="229822510" role=""/>
  <member type="way" ref="1091143943" role=""/>
  <member type="way" ref="982201898" role=""/>
  <member type="way" ref="173078987" role=""/>
  <member type="way" ref="229822509" role="forward"/>
  <member type="way" ref="925582036" role="forward"/>
  <member type="way" ref="50831495" role="forward"/>
  <member type="way" ref="207364195" role="forward"/>
  <member type="way" ref="173078981" role=""/>
  <member type="way" ref="243206131" role="forward"/>
  <member type="way" ref="1444227855" role=""/>
  <member type="way" ref="173078979" role="forward"/>
  <member type="way" ref="243206130" role="forward"/>
  <member type="way" ref="207364194" role="forward"/>
  <member type="way" ref="173078982" role="forward"/>
  <member type="way" ref="70824610" role="forward"/>
  <member type="way" ref="173080853" role="forward"/>
  <member type="way" ref="173080851" role="forward"/>
  <member type="way" ref="740479688" role=""/>
  <member type="way" ref="740479685" role=""/>
  <member type="way" ref="740479690" role=""/>
  <member type="way" ref="740479686" role="forward"/>
  <member type="way" ref="243206158" role="forward"/>
  <member type="way" ref="717094176" role="forward"/>
  <member type="way" ref="62171104" role="forward"/>
  <member type="way" ref="173080846" role=""/>
  <member type="way" ref="1392439134" role=""/>
  <member type="way" ref="1392439138" role=""/>
  <member type="way" ref="1392439137" role=""/>
  <member type="way" ref="1392439136" role=""/>
  <member type="way" ref="173080858" role="forward"/>
  <member type="way" ref="243206156" role="forward"/>
  <member type="way" ref="62171086" role="forward"/>
  <member type="way" ref="740479691" role=""/>
  <member type="way" ref="243206155" role="forward"/>
  <member type="way" ref="232265959" role="forward"/>
  <member type="way" ref="232265960" role="forward"/>
  <member type="way" ref="1444471003" role=""/>
  <member type="way" ref="1435617392" role=""/>
  <member type="way" ref="1444471001" role=""/>
  <member type="way" ref="1444471004" role=""/>
  <member type="way" ref="1444470999" role=""/>
  <member type="way" ref="1232465914" role=""/>
  <member type="way" ref="1232465930" role=""/>
  <member type="way" ref="1212445718" role=""/>
  <member type="way" ref="1321762969" role=""/>
  <member type="way" ref="1212445715" role=""/>
  <member type="way" ref="635632351" role=""/>
  <member type="way" ref="635584984" role="forward"/>
  <member type="way" ref="1232465913" role="forward"/>
  <member type="way" ref="635632336" role="forward"/>
  <member type="way" ref="635632339" role="forward"/>
  <member type="way" ref="635626217" role="forward"/>
  <member type="way" ref="742906473" role=""/>
  <member type="way" ref="635632328" role=""/>
  <member type="way" ref="635632347" role=""/>
  <member type="way" ref="40840188" role=""/>
  <member type="way" ref="24423518" role="forward"/>
  <member type="way" ref="243206221" role="forward"/>
  <member type="way" ref="184189496" role="forward"/>
  <member type="way" ref="666752309" role="forward"/>
  <member type="way" ref="40840189" role="forward"/>
  <member type="way" ref="1231357991" role="forward"/>
  <member type="way" ref="1101413957" role=""/>
  <member type="way" ref="1101413958" role=""/>
  <member type="way" ref="643972491" role=""/>
  <member type="way" ref="713929204" role=""/>
  <member type="way" ref="837124916" role=""/>
  <member type="way" ref="1289112866" role=""/>
  <member type="way" ref="519368348" role=""/>
  <member type="way" ref="666981744" role=""/>
  <member type="way" ref="691298939" role=""/>
  <member type="way" ref="1231378489" role=""/>
  <member type="way" ref="519366057" role=""/>
  <member type="way" ref="1092082982" role=""/>
  <member type="way" ref="666981741" role=""/>
  <member type="way" ref="519368349" role=""/>
  <member type="way" ref="645195095" role=""/>
  <member type="way" ref="1212445717" role=""/>
  <member type="way" ref="645195096" role=""/>
  <member type="way" ref="713927421" role=""/>
  <member type="way" ref="679986337" role=""/>
  <member type="way" ref="24607198" role="forward"/>
  <member type="way" ref="1231405620" role="forward"/>
  <member type="way" ref="40599295" role="forward"/>
  <member type="way" ref="1232459220" role="forward"/>
  <member type="way" ref="243206129" role="forward"/>
  <member type="way" ref="23908805" role="forward"/>
  <member type="way" ref="1092082984" role="forward"/>
  <member type="way" ref="1092082983" role="forward"/>
  <member type="way" ref="243206134" role="forward"/>
  <member type="way" ref="1288367321" role=""/>
  <member type="way" ref="40599297" role=""/>
  <member type="way" ref="422361986" role=""/>
  <member type="way" ref="422361970" role=""/>
  <member type="way" ref="412109168" role=""/>
  <member type="way" ref="845585488" role=""/>
  <member type="way" ref="1323783845" role=""/>
  <member type="way" ref="1552337145" role=""/>
  <member type="way" ref="1552337144" role=""/>
  <member type="way" ref="1552337143" role=""/>
  <member type="way" ref="845585489" role=""/>
  <member type="way" ref="87716925" role=""/>
  <member type="way" ref="959045859" role=""/>
  <member type="way" ref="87716855" role=""/>
  <member type="way" ref="729628648" role=""/>
  <member type="way" ref="729628647" role=""/>
  <member type="way" ref="882064143" role=""/>
  <member type="way" ref="741878551" role=""/>
  <member type="way" ref="741882428" role=""/>
  <member type="way" ref="741882427" role=""/>
  <member type="way" ref="225902984" role=""/>
  <member type="way" ref="102135626" role=""/>
  <member type="way" ref="1170384004" role=""/>
  <member type="way" ref="713936334" role=""/>
  <member type="way" ref="713936335" role=""/>
  <member type="way" ref="713936336" role=""/>
  <member type="way" ref="1135449666" role=""/>
  <member type="way" ref="1135449665" role=""/>
  <member type="way" ref="225902983" role=""/>
  <member type="way" ref="102135623" role=""/>
  <member type="way" ref="1170371036" role=""/>
  <member type="way" ref="1170369189" role=""/>
  <member type="way" ref="222636682" role=""/>
  <member type="way" ref="713935673" role=""/>
  <member type="way" ref="713935674" role=""/>
  <member type="way" ref="713935672" role=""/>
  <member type="way" ref="102135630" role=""/>
  <member type="way" ref="848896820" role=""/>
  <member type="way" ref="848896821" role=""/>
  <member type="way" ref="102135628" role=""/>
  <member type="way" ref="1064913207" role=""/>
  <member type="way" ref="670786647" role=""/>
  <member type="way" ref="1064913206" role=""/>
  <member type="way" ref="666981747" role=""/>
  <member type="way" ref="519368587" role=""/>
  <member type="way" ref="24551095" role=""/>
  <member type="way" ref="24607195" role=""/>
  <member type="way" ref="24551115" role="forward"/>
  <member type="way" ref="1231366817" role="forward"/>
  <member type="way" ref="1092082981" role="forward"/>
  <member type="way" ref="243206183" role="forward"/>
  <member type="way" ref="24462910" role="forward"/>
  <member type="way" ref="1232465932" role="forward"/>
  <member type="way" ref="40840187" role="forward"/>
  <member type="way" ref="124513399" role="forward"/>
  <member type="way" ref="668513443" role=""/>
  <member type="way" ref="491044772" role=""/>
  <member type="way" ref="666769668" role=""/>
  <member type="way" ref="1232465918" role=""/>
  <member type="way" ref="1232465927" role=""/>
  <member type="way" ref="1232465919" role=""/>
  <member type="way" ref="1232465916" role=""/>
  <member type="way" ref="1232465917" role=""/>
  <member type="way" ref="691286479" role=""/>
  <member type="way" ref="691286475" role=""/>
  <member type="way" ref="740479689" role=""/>
  <member type="way" ref="740479687" role="forward"/>
  <member type="way" ref="1490903346" role="forward"/>
  <member type="way" ref="173080852" role="forward"/>
  <member type="way" ref="173080855" role="forward"/>
  <member type="way" ref="677526395" role=""/>
  <member type="way" ref="670786646" role=""/>
  <member type="way" ref="1064897089" role=""/>
  <member type="way" ref="677526396" role=""/>
  <member type="way" ref="677526393" role=""/>
  <member type="way" ref="1057871249" role=""/>
  <member type="way" ref="1064166699" role=""/>
  <member type="way" ref="1064913204" role=""/>
  <member type="way" ref="1064913203" role=""/>
  <member type="way" ref="184192451" role=""/>
  <member type="way" ref="1227786242" role="forward"/>
  <member type="way" ref="632137144" role="forward"/>
  <member type="way" ref="31768290" role=""/>
  <member type="way" ref="1064913208" role=""/>
  <member type="way" ref="1227786240" role="forward"/>
  <member type="way" ref="1295669194" role="forward"/>
  <member type="way" ref="184192466" role="forward"/>
  <member type="way" ref="677043769" role="forward"/>
  <member type="way" ref="1330369762" role=""/>
  <member type="way" ref="1330369760" role=""/>
  <member type="way" ref="1428462001" role=""/>
  <member type="way" ref="422361977" role=""/>
  <member type="way" ref="1445961167" role=""/>
  <member type="way" ref="1445956204" role=""/>
  <member type="way" ref="1445956203" role=""/>
  <member type="way" ref="1445956205" role=""/>
  <member type="way" ref="1445956207" role=""/>
  <member type="way" ref="1445956191" role=""/>
  <member type="way" ref="1445956192" role=""/>
  <member type="way" ref="1445956193" role=""/>
  <member type="way" ref="1445956194" role=""/>
  <member type="way" ref="1445956195" role=""/>
  <member type="way" ref="1445956196" role=""/>
  <member type="way" ref="1445956200" role=""/>
  <member type="way" ref="1445956201" role=""/>
  <member type="way" ref="1445956199" role=""/>
  <member type="way" ref="1445956198" role=""/>
  <member type="way" ref="692459690" role=""/>
  <member type="way" ref="953014608" role=""/>
  <member type="way" ref="705032672" role=""/>
  <member type="way" ref="953014607" role=""/>
  <member type="way" ref="953014606" role=""/>
  <member type="way" ref="717121531" role=""/>
  <member type="way" ref="1135425781" role=""/>
  <member type="way" ref="705032673" role=""/>
  <member type="way" ref="717121530" role=""/>
  <member type="way" ref="325737513" role=""/>
  <member type="way" ref="717123989" role=""/>
  <member type="way" ref="325737517" role=""/>
  <member type="way" ref="113466559" role=""/>
  <member type="way" ref="113466595" role=""/>
  <member type="way" ref="1171794671" role=""/>
  <member type="way" ref="953014605" role=""/>
  <member type="way" ref="113466599" role=""/>
  <member type="way" ref="172321382" role=""/>
  <member type="way" ref="648077045" role=""/>
  <member type="way" ref="648077048" role=""/>
  <member type="way" ref="172321375" role=""/>
  <member type="way" ref="113466590" role=""/>
  <member type="way" ref="113466591" role=""/>
  <member type="way" ref="1546422852" role=""/>
  <member type="way" ref="1278448440" role=""/>
  <member type="way" ref="635626216" role="forward"/>
  <member type="way" ref="635632332" role="forward"/>
  <member type="way" ref="1092110352" role="forward"/>
  <member type="way" ref="52061697" role="forward"/>
  <member type="way" ref="27814201" role="forward"/>
  <member type="way" ref="1148754054" role="forward"/>
  <member type="way" ref="1461642055" role=""/>
  <member type="way" ref="1539984929" role=""/>
  <member type="way" ref="1539984928" role=""/>
  <member type="way" ref="678909809" role=""/>
  <member type="way" ref="1539984926" role=""/>
  <member type="way" ref="1539984925" role=""/>
  <member type="way" ref="172316941" role=""/>
  <member type="way" ref="1157064485" role=""/>
  <member type="way" ref="1278448442" role=""/>
  <member type="way" ref="692459689" role=""/>
  <member type="way" ref="1278448443" role=""/>
  <member type="node" ref="2389982918" role=""/>
  <tag k="distance" v="956"/>
  <tag k="e-road:class" v="A-intermediate"/>
  <tag k="from" v="Мукачево"/>
  <tag k="name" v="European route E81"/>
  <tag k="name:en" v="European route E81"/>
  <tag k="name:fr" v="Route européenne E 81"/>
  <tag k="name:nl" v="Europese route E81"/>
  <tag k="name:ro" v="Drumul european E 81"/>
  <tag k="name:sk" v="Európska cesta E81"/>
  <tag k="name:uk" v="Європейський маршрут E 81"/>
  <tag k="network" v="e-road"/>
  <tag k="ref" v="E 81"/>
  <tag k="route" v="road"/>
  <tag k="to" v="Constanța"/>
  <tag k="type" v="route"/>
  <tag k="wikidata" v="Q987350"/>
  <tag k="wikipedia" v="en:European route E81"/>
 </relation>
 <relation id="358039" visible="true" version="55" changeset="162389812" timestamp="2025-02-11T12:53:17Z" user="BreakpointDebug" uid="19557155">
  <member type="node" ref="5916880386" role="stop"/>
  <member type="node" ref="11364303030" role="stop"/>
  <member type="node" ref="5916877079" role="stop"/>
  <member type="node" ref="5916877081" role="stop"/>
  <member type="node" ref="2817755345" role="stop"/>
  <member type="node" ref="8429757886" role="stop"/>
  <member type="node" ref="31983306" role="stop"/>
  <member type="node" ref="8450731676" role="stop"/>
  <member type="node" ref="2817826933" role="stop"/>
  <member type="node" ref="8450731673" role="stop"/>
  <member type="node" ref="8450731671" role="stop"/>
  <member type="node" ref="8450731666" role="stop"/>
  <member type="node" ref="8445749115" role="stop"/>
  <member type="node" ref="8445669551" role="stop"/>
  <member type="node" ref="8443516801" role="stop"/>
  <member type="way" ref="626748662" role=""/>
  <member type="way" ref="277295270" role=""/>
  <member type="way" ref="907839010" role=""/>
  <member type="way" ref="907839004" role=""/>
  <member type="way" ref="45780800" role=""/>
  <member type="way" ref="533137831" role=""/>
  <member type="way" ref="277255091" role=""/>
  <member type="way" ref="37339513" role=""/>
  <member type="way" ref="909384797" role=""/>
  <member type="way" ref="1359039908" role=""/>
  <member type="way" ref="1359026786" role=""/>
  <tag k="colour" v="#BC1725"/>
  <tag k="name" v="Magistrala 3 (Preciziei → Anghel Saligny)"/>
  <tag k="network" v="Metrorex"/>
  <tag k="network:wikidata" v="Q622884"/>
  <tag k="network:wikipedia" v="ro:Metroul din București"/>
  <tag k="operator" v="Metrorex"/>
  <tag k="operator:wikidata" v="Q1091725"/>
  <tag k="operator:wikipedia" v="ro:Metrorex"/>
  <tag k="public_transport:version" v="2"/>
  <tag k="ref" v="M3"/>
  <tag k="route" v="subway"/>
  <tag k="type" v="route"/>
  <tag k="wikidata" v="Q2735258"/>
  <tag k="wikipedia" v="en:Bucharest Metro Line M3"/>
 </relation>
 <relation id="4027083" visible="true" version="66" changeset="180721377" timestamp="2026-04-01T13:05:17Z" user="DanTPG" uid="14332595">
  <member type="node" ref="1725252719" role="stop"/>
  <member type="node" ref="3071916033" role="platform"/>
  <member type="node" ref="3196716962" role="stop"/>
  <member type="node" ref="1725272737" role="platform"/>
  <member type="node" ref="1588756740" role="stop"/>
  <member type="node" ref="3067615833" role="platform"/>
  <member type="node" ref="559550151" role="stop"/>
  <member type="node" ref="3067630133" role="platform"/>
  <member type="node" ref="1518701665" role="stop"/>
  <member type="node" ref="3067681733" role="platform"/>
  <member type="node" ref="3196759464" role="stop"/>
  <member type="node" ref="3067699933" role="platform"/>
  <member type="node" ref="467111850" role="stop"/>
  <member type="node" ref="3067711733" role="platform"/>
  <member type="node" ref="1725252762" role="stop"/>
  <member type="node" ref="3067716237" role="platform"/>
  <member type="node" ref="619899955" role="stop"/>
  <member type="node" ref="3067717439" role="platform"/>
  <member type="node" ref="1725252725" role="stop"/>
  <member type="node" ref="3067734233" role="platform"/>
  <member type="node" ref="1725252743" role="stop"/>
  <member type="node" ref="3067737434" role="platform"/>
  <member type="node" ref="3067740833" role="stop"/>
  <member type="node" ref="1725252704" role="platform"/>
  <member type="node" ref="1725252732" role="stop"/>
  <member type="node" ref="3052742435" role="platform"/>
  <member type="node" ref="2519567792" role="stop"/>
  <member type="node" ref="2519567791" role="platform"/>
  <member type="node" ref="2519567775" role="stop"/>
  <member type="node" ref="2519567771" role="platform"/>
  <member type="node" ref="2519576387" role="stop"/>
  <member type="node" ref="2519576386" role="platform"/>
  <member type="node" ref="3069142033" role="stop"/>
  <member type="node" ref="3069145033" role="platform"/>
  <member type="node" ref="3069274048" role="stop"/>
  <member type="node" ref="3069296933" role="platform"/>
  <member type="node" ref="3069467733" role="stop"/>
  <member type="node" ref="3069467734" role="platform"/>
  <member type="node" ref="3069501833" role="stop"/>
  <member type="node" ref="3069508133" role="platform"/>
  <member type="node" ref="3069529834" role="stop"/>
  <member type="node" ref="3069540333" role="platform"/>
  <member type="node" ref="2517228825" role="stop"/>
  <member type="node" ref="1668620628" role="platform"/>
  <member type="node" ref="2517228829" role="stop"/>
  <member type="node" ref="1668620630" role="platform"/>
  <member type="way" ref="1282776548" role=""/>
  <member type="way" ref="1282776547" role=""/>
  <member type="way" ref="50584779" role=""/>
  <member type="way" ref="964596254" role=""/>
  <member type="way" ref="223253410" role=""/>
  <member type="way" ref="635271978" role=""/>
  <member type="way" ref="219956107" role=""/>
  <member type="way" ref="1300099753" role=""/>
  <member type="way" ref="196676711" role=""/>
  <member type="way" ref="763458715" role=""/>
  <member type="way" ref="763458712" role=""/>
  <member type="way" ref="763458709" role=""/>
  <member type="way" ref="196520823" role=""/>
  <member type="way" ref="1462508356" role=""/>
  <member type="way" ref="1462508355" role=""/>
  <member type="way" ref="442024788" role=""/>
  <member type="way" ref="441744353" role=""/>
  <member type="way" ref="441744351" role=""/>
  <member type="way" ref="1282776546" role=""/>
  <member type="way" ref="1206974144" role=""/>
  <member type="way" ref="1282776545" role=""/>
  <member type="way" ref="1282776544" role=""/>
  <member type="way" ref="1282776543" role=""/>
  <member type="way" ref="1282776542" role=""/>
  <member type="way" ref="32133401" role=""/>
  <member type="way" ref="1282776541" role=""/>
  <member type="way" ref="723716277" role=""/>
  <member type="way" ref="241717659" role=""/>
  <member type="way" ref="198350132" role=""/>
  <member type="way" ref="723726654" role=""/>
  <member type="way" ref="215561024" role=""/>
  <member type="way" ref="302795182" role=""/>
  <member type="way" ref="23557234" role=""/>
  <member type="way" ref="23557223" role=""/>
  <member type="way" ref="145101144" role=""/>
  <member type="way" ref="737240671" role=""/>
  <member type="way" ref="743391329" role=""/>
  <member type="way" ref="743232290" role=""/>
  <member type="way" ref="948614008" role=""/>
  <member type="way" ref="186554854" role=""/>
  <member type="way" ref="665910850" role=""/>
  <member type="way" ref="665910851" role=""/>
  <member type="way" ref="359119945" role=""/>
  <member type="way" ref="665910844" role=""/>
  <member type="way" ref="665910845" role=""/>
  <member type="way" ref="665951786" role=""/>
  <member type="way" ref="23490994" role=""/>
  <member type="way" ref="241210910" role=""/>
  <member type="way" ref="241210911" role=""/>
  <member type="way" ref="202207222" role=""/>
  <member type="way" ref="196673063" role=""/>
  <member type="way" ref="302795131" role=""/>
  <member type="way" ref="23490613" role=""/>
  <member type="way" ref="305923043" role=""/>
  <member type="way" ref="666682372" role=""/>
  <member type="way" ref="666682371" role=""/>
  <member type="way" ref="302796109" role=""/>
  <member type="way" ref="1138494723" role=""/>
  <member type="way" ref="666682369" role=""/>
  <member type="way" ref="666682370" role=""/>
  <member type="way" ref="256479529" role=""/>
  <member type="way" ref="854166390" role=""/>
  <member type="way" ref="854166391" role=""/>
  <member type="way" ref="297671461" role=""/>
  <member type="way" ref="302797066" role=""/>
  <member type="way" ref="12484976" role=""/>
  <member type="way" ref="302797091" role=""/>
  <member type="way" ref="14139411" role=""/>
  <member type="way" ref="283341240" role=""/>
  <member type="way" ref="196673062" role=""/>
  <member type="way" ref="665627968" role=""/>
  <member type="way" ref="1495063803" role=""/>
  <member type="way" ref="4865822" role=""/>
  <tag k="colour" v="#008D36"/>
  <tag k="from" v="Master"/>
  <tag k="name" v="Bus 63 : Master → Pod Izvor"/>
  <tag k="network" v="Asociația de Dezvoltare Intercomunitară pentru Transport Public București – Ilfov"/>
  <tag k="network:short" v="TPBI"/>
  <tag k="network:website" v="https://tpbi.ro/"/>
  <tag k="public_transport:version" v="2"/>
  <tag k="ref" v="63"/>
  <tag k="route" v="trolleybus"/>
  <tag k="to" v="Pod Izvor"/>
  <tag k="type" v="route"/>
 </relation>
 <relation id="4028956" visible="true" version="71" changeset="183021722" timestamp="2026-05-22T12:46:28Z" user="Emillll96" uid="19392150">
  <member type="node" ref="1668620630" role="platform"/>
  <member type="node" ref="2517228829" role="stop"/>
  <member type="node" ref="8316047622" role="platform"/>
  <member type="node" ref="8316047623" role="stop"/>
  <member type="node" ref="3069484733" role="platform"/>
  <member type="node" ref="254382027" role="stop"/>
  <member type="node" ref="3069478633" role="platform"/>
  <member type="node" ref="3069450234" role="stop"/>
  <member type="node" ref="3069299333" role="platform"/>
  <member type="node" ref="3069300733" role="stop"/>
  <member type="node" ref="3069149833" role="platform"/>
  <member type="node" ref="3069145034" role="stop"/>
  <member type="node" ref="2519576389" role="platform"/>
  <member type="node" ref="2519576388" role="stop"/>
  <member type="node" ref="2519567787" role="platform"/>
  <member type="node" ref="2519567786" role="stop"/>
  <member type="node" ref="3070654834" role="platform"/>
  <member type="node" ref="3070654833" role="stop"/>
  <member type="node" ref="3052742436" role="platform"/>
  <member type="node" ref="1725252733" role="stop"/>
  <member type="node" ref="3067743633" role="platform"/>
  <member type="node" ref="3067743133" role="stop"/>
  <member type="node" ref="3067737433" role="platform"/>
  <member type="node" ref="619899931" role="stop"/>
  <member type="node" ref="3067734733" role="platform"/>
  <member type="node" ref="3067734833" role="stop"/>
  <member type="node" ref="3067721136" role="platform"/>
  <member type="node" ref="1725252726" role="stop"/>
  <member type="node" ref="1725252764" role="platform"/>
  <member type="node" ref="2517622243" role="stop"/>
  <member type="node" ref="467111848" role="platform"/>
  <member type="node" ref="2517633173" role="stop"/>
  <member type="node" ref="3067699934" role="platform"/>
  <member type="node" ref="1725252741" role="stop"/>
  <member type="node" ref="3067693641" role="platform"/>
  <member type="node" ref="1518701662" role="stop"/>
  <member type="node" ref="3067634433" role="platform"/>
  <member type="node" ref="559549792" role="stop"/>
  <member type="node" ref="3196721961" role="platform"/>
  <member type="node" ref="1725252753" role="stop"/>
  <member type="node" ref="1725272744" role="platform"/>
  <member type="node" ref="3196716963" role="stop"/>
  <member type="node" ref="3071915634" role="platform"/>
  <member type="node" ref="198994806" role="stop"/>
  <member type="way" ref="894655781" role=""/>
  <member type="way" ref="665627965" role=""/>
  <member type="way" ref="665627964" role=""/>
  <member type="way" ref="450554037" role=""/>
  <member type="way" ref="12473230" role=""/>
  <member type="way" ref="1138494722" role=""/>
  <member type="way" ref="666686367" role=""/>
  <member type="way" ref="666686368" role=""/>
  <member type="way" ref="666686369" role=""/>
  <member type="way" ref="666686370" role=""/>
  <member type="way" ref="23490608" role=""/>
  <member type="way" ref="668344230" role=""/>
  <member type="way" ref="810828332" role=""/>
  <member type="way" ref="393043506" role=""/>
  <member type="way" ref="14137580" role=""/>
  <member type="way" ref="665625524" role=""/>
  <member type="way" ref="665625528" role=""/>
  <member type="way" ref="665914999" role=""/>
  <member type="way" ref="199487139" role=""/>
  <member type="way" ref="302798179" role=""/>
  <member type="way" ref="891089878" role=""/>
  <member type="way" ref="198727912" role=""/>
  <member type="way" ref="1046430396" role=""/>
  <member type="way" ref="493557592" role=""/>
  <member type="way" ref="128988927" role=""/>
  <member type="way" ref="26195549" role=""/>
  <member type="way" ref="28050353" role=""/>
  <member type="way" ref="665933054" role=""/>
  <member type="way" ref="239653299" role=""/>
  <member type="way" ref="723726653" role=""/>
  <member type="way" ref="723716275" role=""/>
  <member type="way" ref="241717660" role=""/>
  <member type="way" ref="723716273" role=""/>
  <member type="way" ref="198528544" role=""/>
  <member type="way" ref="369596288" role=""/>
  <member type="way" ref="441744354" role=""/>
  <member type="way" ref="441744352" role=""/>
  <member type="way" ref="32133415" role=""/>
  <member type="way" ref="665904991" role=""/>
  <member type="way" ref="1518702652" role=""/>
  <member type="way" ref="903132485" role=""/>
  <member type="way" ref="665904990" role=""/>
  <member type="way" ref="665904989" role=""/>
  <member type="way" ref="665904988" role=""/>
  <member type="way" ref="665904985" role=""/>
  <member type="way" ref="665904984" role=""/>
  <member type="way" ref="665913830" role=""/>
  <member type="way" ref="34206893" role=""/>
  <member type="way" ref="697869054" role=""/>
  <member type="way" ref="227456694" role=""/>
  <member type="way" ref="763458706" role=""/>
  <member type="way" ref="763458708" role=""/>
  <member type="way" ref="763458711" role=""/>
  <member type="way" ref="665913824" role=""/>
  <member type="way" ref="196647431" role=""/>
  <member type="way" ref="665968658" role=""/>
  <member type="way" ref="964597279" role=""/>
  <member type="way" ref="223253411" role=""/>
  <member type="way" ref="1282766738" role=""/>
  <member type="way" ref="1282766737" role=""/>
  <member type="way" ref="665968657" role=""/>
  <member type="way" ref="1282766736" role=""/>
  <member type="way" ref="1282766735" role=""/>
  <member type="way" ref="451332012" role=""/>
  <tag k="colour" v="#008D36"/>
  <tag k="from" v="Pod Izvor"/>
  <tag k="name" v="Bus 63 : Pod Izvor → Master"/>
  <tag k="network" v="Asociația de Dezvoltare Intercomunitară pentru Transport Public București – Ilfov"/>
  <tag k="network:short" v="TPBI"/>
  <tag k="network:website" v="https://tpbi.ro/"/>
  <tag k="public_transport:version" v="2"/>
  <tag k="ref" v="63"/>
  <tag k="route" v="trolleybus"/>
  <tag k="to" v="Master"/>
  <tag k="type" v="route"/>
 </relation>
 <relation id="5491851" visible="true" version="1" changeset="33868815" timestamp="2015-09-07T21:45:54Z" user="dincaionclaudiu" uid="1164579">
  <member type="way" ref="8212574" role="from"/>
  <member type="node" ref="581780" role="via"/>
  <member type="way" ref="8212579" role="to"/>
  <tag k="restriction" v="no_straight_on"/>
  <tag k="type" v="restriction"/>
 </relation>
 <relation id="6638733" visible="true" version="44" changeset="177707702" timestamp="2026-01-26T06:59:14Z" user="rarad74" uid="128281">
  <member type="node" ref="8320409842" role="stop"/>
  <member type="node" ref="1518685502" role="platform"/>
  <member type="node" ref="559550151" role="stop"/>
  <member type="node" ref="3067630133" role="platform"/>
  <member type="node" ref="1518701665" role="stop"/>
  <member type="node" ref="3067681733" role="platform"/>
  <member type="node" ref="1725252739" role="stop"/>
  <member type="node" ref="3067699933" role="platform"/>
  <member type="node" ref="467111850" role="stop"/>
  <member type="node" ref="3067711733" role="platform"/>
  <member type="node" ref="1725252762" role="stop"/>
  <member type="node" ref="3067716237" role="platform"/>
  <member type="node" ref="619899955" role="stop"/>
  <member type="node" ref="3067717439" role="platform"/>
  <member type="node" ref="1725252725" role="stop"/>
  <member type="node" ref="3067734233" role="platform"/>
  <member type="node" ref="1725252743" role="stop"/>
  <member type="node" ref="3067737434" role="platform"/>
  <member type="node" ref="3067740833" role="stop"/>
  <member type="node" ref="1725252704" role="platform"/>
  <member type="node" ref="1725252732" role="stop"/>
  <member type="node" ref="3052742435" role="platform"/>
  <member type="node" ref="3053138333" role="stop"/>
  <member type="node" ref="1725252699" role="platform"/>
  <member type="node" ref="3053147733" role="stop"/>
  <member type="node" ref="1725252712" role="platform"/>
  <member type="node" ref="2517228824" role="stop"/>
  <member type="node" ref="1725252738" role="platform"/>
  <member type="node" ref="2519567779" role="stop"/>
  <member type="node" ref="1725252709" role="platform"/>
  <member type="node" ref="2387001479" role="stop"/>
  <member type="node" ref="1725252735" role="platform"/>
  <member type="node" ref="2387001476" role="stop"/>
  <member type="node" ref="1725252715" role="platform"/>
  <member type="node" ref="2387001494" role="stop"/>
  <member type="node" ref="1725252745" role="platform"/>
  <member type="node" ref="2387001484" role="stop_exit_only"/>
  <member type="node" ref="1427761550" role="platform_exit_only"/>
  <member type="way" ref="895127323" role=""/>
  <member type="way" ref="35396908" role=""/>
  <member type="way" ref="763458731" role=""/>
  <member type="way" ref="763458730" role=""/>
  <member type="way" ref="763458729" role=""/>
  <member type="way" ref="763458727" role=""/>
  <member type="way" ref="763458725" role=""/>
  <member type="way" ref="763458718" role=""/>
  <member type="way" ref="1300099747" role=""/>
  <member type="way" ref="26212338" role=""/>
  <member type="way" ref="314310560" role=""/>
  <member type="way" ref="196676711" role=""/>
  <member type="way" ref="763458715" role=""/>
  <member type="way" ref="763458712" role=""/>
  <member type="way" ref="763458709" role=""/>
  <member type="way" ref="196520823" role=""/>
  <member type="way" ref="1462508356" role=""/>
  <member type="way" ref="1462508355" role=""/>
  <member type="way" ref="442024788" role=""/>
  <member type="way" ref="441744353" role=""/>
  <member type="way" ref="441744351" role=""/>
  <member type="way" ref="1282776546" role=""/>
  <member type="way" ref="1206974144" role=""/>
  <member type="way" ref="1282776545" role=""/>
  <member type="way" ref="1282776544" role=""/>
  <member type="way" ref="1282776543" role=""/>
  <member type="way" ref="1282776542" role=""/>
  <member type="way" ref="32133401" role=""/>
  <member type="way" ref="1282776541" role=""/>
  <member type="way" ref="723716277" role=""/>
  <member type="way" ref="241717659" role=""/>
  <member type="way" ref="198350132" role=""/>
  <member type="way" ref="723726654" role=""/>
  <member type="way" ref="302795167" role=""/>
  <member type="way" ref="239653290" role=""/>
  <member type="way" ref="8217902" role=""/>
  <member type="way" ref="201180135" role=""/>
  <member type="way" ref="301223654" role=""/>
  <member type="way" ref="448318951" role=""/>
  <member type="way" ref="666139698" role=""/>
  <member type="way" ref="448266578" role=""/>
  <member type="way" ref="667029296" role=""/>
  <member type="way" ref="16277739" role=""/>
  <member type="way" ref="229237115" role=""/>
  <member type="way" ref="154325232" role=""/>
  <member type="way" ref="1367423377" role=""/>
  <member type="way" ref="454285293" role=""/>
  <member type="way" ref="242408358" role=""/>
  <member type="way" ref="229236875" role=""/>
  <member type="way" ref="448266589" role=""/>
  <member type="way" ref="666205904" role=""/>
  <member type="way" ref="666701066" role=""/>
  <member type="way" ref="154325236" role=""/>
  <member type="way" ref="666184644" role=""/>
  <member type="way" ref="1452916274" role=""/>
  <member type="way" ref="229236876" role=""/>
  <member type="way" ref="1462022294" role=""/>
  <member type="way" ref="180685585" role=""/>
  <member type="way" ref="196639093" role=""/>
  <member type="way" ref="4274826" role=""/>
  <member type="way" ref="1282766740" role=""/>
  <member type="way" ref="39725274" role=""/>
  <member type="way" ref="230170457" role=""/>
  <member type="way" ref="1206972199" role=""/>
  <member type="way" ref="1206972198" role=""/>
  <member type="way" ref="1206972200" role=""/>
  <member type="way" ref="4089366" role=""/>
  <member type="way" ref="12503324" role=""/>
  <member type="way" ref="28430422" role=""/>
  <member type="way" ref="668309191" role=""/>
  <member type="way" ref="8134468" role=""/>
  <member type="way" ref="229236317" role=""/>
  <member type="way" ref="229825430" role=""/>
  <member type="way" ref="229235713" role=""/>
  <member type="way" ref="451327561" role=""/>
  <tag k="colour" v="#008D36"/>
  <tag k="from" v="Complex Comercial Apusului"/>
  <tag k="name" v="Bus 61: Complex Comercial Apusului → Piața Rosetti"/>
  <tag k="network" v="Asociația de Dezvoltare Intercomunitară pentru Transport Public București – Ilfov"/>
  <tag k="network:short" v="TPBI"/>
  <tag k="network:website" v="https://tpbi.ro/"/>
  <tag k="public_transport:version" v="2"/>
  <tag k="ref" v="61"/>
  <tag k="route" v="trolleybus"/>
  <tag k="to" v="Piața Rosetti"/>
  <tag k="type" v="route"/>
 </relation>
 <relation id="6638734" visible="true" version="51" changeset="184054668" timestamp="2026-06-13T12:42:45Z" user="SGFRO" uid="20320807">
  <member type="node" ref="1427761550" role="platform_entry_only"/>
  <member type="node" ref="2387001484" role="stop_entry_only"/>
  <member type="node" ref="2387001483" role="platform_entry_only"/>
  <member type="node" ref="2387001482" role="stop_entry_only"/>
  <member type="node" ref="1725252748" role="platform"/>
  <member type="node" ref="2387001494" role="stop"/>
  <member type="node" ref="1725252717" role="platform"/>
  <member type="node" ref="2387001475" role="stop"/>
  <member type="node" ref="1725252737" role="platform"/>
  <member type="node" ref="2387001480" role="stop"/>
  <member type="node" ref="1725252710" role="platform"/>
  <member type="node" ref="2519567779" role="stop"/>
  <member type="node" ref="1668620626" role="platform"/>
  <member type="node" ref="2517228824" role="stop"/>
  <member type="node" ref="1725252714" role="platform"/>
  <member type="node" ref="3053152233" role="stop"/>
  <member type="node" ref="3053207437" role="platform"/>
  <member type="node" ref="620099542" role="stop"/>
  <member type="node" ref="3052742436" role="platform"/>
  <member type="node" ref="1725252733" role="stop"/>
  <member type="node" ref="3067743633" role="platform"/>
  <member type="node" ref="3067743133" role="stop"/>
  <member type="node" ref="3067737433" role="platform"/>
  <member type="node" ref="619899931" role="stop"/>
  <member type="node" ref="3067734733" role="platform"/>
  <member type="node" ref="3067734833" role="stop"/>
  <member type="node" ref="3067721136" role="platform"/>
  <member type="node" ref="1725252726" role="stop"/>
  <member type="node" ref="1725252764" role="platform"/>
  <member type="node" ref="2517622243" role="stop"/>
  <member type="node" ref="467111848" role="platform"/>
  <member type="node" ref="2517633173" role="stop"/>
  <member type="node" ref="1518701650" role="platform"/>
  <member type="node" ref="2517633168" role="stop"/>
  <member type="node" ref="3067693641" role="platform"/>
  <member type="node" ref="1518701662" role="stop"/>
  <member type="node" ref="3067634433" role="platform"/>
  <member type="node" ref="559549792" role="stop"/>
  <member type="way" ref="28898244" role=""/>
  <member type="way" ref="668312640" role=""/>
  <member type="way" ref="131407439" role=""/>
  <member type="way" ref="895759912" role=""/>
  <member type="way" ref="28898452" role=""/>
  <member type="way" ref="131407442" role=""/>
  <member type="way" ref="668312641" role=""/>
  <member type="way" ref="28898244" role=""/>
  <member type="way" ref="451327561" role=""/>
  <member type="way" ref="229235713" role=""/>
  <member type="way" ref="229825430" role=""/>
  <member type="way" ref="229236317" role=""/>
  <member type="way" ref="12503470" role=""/>
  <member type="way" ref="668309192" role=""/>
  <member type="way" ref="218268116" role=""/>
  <member type="way" ref="668309190" role=""/>
  <member type="way" ref="69344024" role=""/>
  <member type="way" ref="4089366" role=""/>
  <member type="way" ref="1206972200" role=""/>
  <member type="way" ref="1206972198" role=""/>
  <member type="way" ref="1206972199" role=""/>
  <member type="way" ref="230170457" role=""/>
  <member type="way" ref="39725274" role=""/>
  <member type="way" ref="1282766740" role=""/>
  <member type="way" ref="170778293" role=""/>
  <member type="way" ref="196639093" role=""/>
  <member type="way" ref="180685585" role=""/>
  <member type="way" ref="160469881" role=""/>
  <member type="way" ref="229820743" role=""/>
  <member type="way" ref="28991774" role=""/>
  <member type="way" ref="28991719" role=""/>
  <member type="way" ref="719484035" role=""/>
  <member type="way" ref="242408358" role=""/>
  <member type="way" ref="454285293" role=""/>
  <member type="way" ref="1367423377" role=""/>
  <member type="way" ref="154325232" role=""/>
  <member type="way" ref="229237115" role=""/>
  <member type="way" ref="16277739" role=""/>
  <member type="way" ref="667029296" role=""/>
  <member type="way" ref="448266578" role=""/>
  <member type="way" ref="666139698" role=""/>
  <member type="way" ref="160469882" role=""/>
  <member type="way" ref="1529006659" role=""/>
  <member type="way" ref="201180154" role=""/>
  <member type="way" ref="1529006660" role=""/>
  <member type="way" ref="1282766739" role=""/>
  <member type="way" ref="678011317" role=""/>
  <member type="way" ref="665933061" role=""/>
  <member type="way" ref="665933054" role=""/>
  <member type="way" ref="239653299" role=""/>
  <member type="way" ref="723726653" role=""/>
  <member type="way" ref="723716275" role=""/>
  <member type="way" ref="241717660" role=""/>
  <member type="way" ref="723716273" role=""/>
  <member type="way" ref="198528544" role=""/>
  <member type="way" ref="369596288" role=""/>
  <member type="way" ref="441744354" role=""/>
  <member type="way" ref="441744352" role=""/>
  <member type="way" ref="32133415" role=""/>
  <member type="way" ref="665904991" role=""/>
  <member type="way" ref="1518702652" role=""/>
  <member type="way" ref="903132485" role=""/>
  <member type="way" ref="665904990" role=""/>
  <member type="way" ref="665904989" role=""/>
  <member type="way" ref="665904988" role=""/>
  <member type="way" ref="665904985" role=""/>
  <member type="way" ref="665904984" role=""/>
  <member type="way" ref="665913830" role=""/>
  <member type="way" ref="34206893" role=""/>
  <member type="way" ref="697869054" role=""/>
  <member type="way" ref="227456694" role=""/>
  <member type="way" ref="763458706" role=""/>
  <member type="way" ref="763458708" role=""/>
  <member type="way" ref="763458711" role=""/>
  <member type="way" ref="665913824" role=""/>
  <member type="way" ref="26212338" role=""/>
  <member type="way" ref="1300099748" role=""/>
  <member type="way" ref="763458722" role=""/>
  <member type="way" ref="763458719" role=""/>
  <member type="way" ref="763458724" role=""/>
  <member type="way" ref="763458726" role=""/>
  <member type="way" ref="763458728" role=""/>
  <member type="way" ref="763458732" role=""/>
  <member type="way" ref="1303501692" role=""/>
  <member type="way" ref="763458733" role=""/>
  <member type="way" ref="23606643" role=""/>
  <member type="way" ref="135304689" role=""/>
  <member type="way" ref="138501376" role=""/>
  <member type="node" ref="1518685502" role="platform"/>
  <member type="node" ref="8320409842" role="stop"/>
  <tag k="colour" v="#008D36"/>
  <tag k="from" v="Piața Rosetti"/>
  <tag k="name" v="Bus 61: Piața Rosetti → Complex Comercial Apusului"/>
  <tag k="network" v="Asociația de Dezvoltare Intercomunitară pentru Transport Public București – Ilfov"/>
  <tag k="network:short" v="TPBI"/>
  <tag k="network:website" v="https://tpbi.ro/"/>
  <tag k="public_transport:version" v="2"/>
  <tag k="ref" v="61"/>
  <tag k="route" v="trolleybus"/>
  <tag k="to" v="Complex Comercial Apusului"/>
  <tag k="type" v="route"/>
 </relation>
 <relation id="6638735" visible="true" version="40" changeset="184055200" timestamp="2026-06-13T12:58:45Z" user="SGFRO" uid="20320807">
  <member type="node" ref="3196698569" role="platform"/>
  <member type="node" ref="3196704681" role="stop"/>
  <member type="node" ref="3196715661" role="platform"/>
  <member type="node" ref="3196715961" role="stop"/>
  <member type="node" ref="3196715962" role="platform"/>
  <member type="node" ref="3196730761" role="stop"/>
  <member type="node" ref="3196701864" role="platform"/>
  <member type="node" ref="3196743161" role="stop"/>
  <member type="node" ref="3071916033" role="platform"/>
  <member type="node" ref="1725252719" role="stop"/>
  <member type="node" ref="1725272737" role="platform"/>
  <member type="node" ref="3196716962" role="stop"/>
  <member type="node" ref="3067615833" role="platform"/>
  <member type="node" ref="1588756740" role="stop"/>
  <member type="node" ref="3067630133" role="platform"/>
  <member type="node" ref="559550151" role="stop"/>
  <member type="node" ref="3067681733" role="platform"/>
  <member type="node" ref="1518701665" role="stop"/>
  <member type="node" ref="3067699933" role="platform"/>
  <member type="node" ref="1725252739" role="stop"/>
  <member type="node" ref="3067711733" role="platform"/>
  <member type="node" ref="467111850" role="stop"/>
  <member type="node" ref="3067716237" role="platform"/>
  <member type="node" ref="1725252762" role="stop"/>
  <member type="node" ref="3067717439" role="platform"/>
  <member type="node" ref="619899955" role="stop"/>
  <member type="node" ref="3067734233" role="platform"/>
  <member type="node" ref="1725252725" role="stop"/>
  <member type="node" ref="3067737434" role="platform"/>
  <member type="node" ref="1725252743" role="stop"/>
  <member type="node" ref="1725252704" role="platform"/>
  <member type="node" ref="3067740833" role="stop"/>
  <member type="node" ref="3052742435" role="platform"/>
  <member type="node" ref="1725252732" role="stop"/>
  <member type="node" ref="2489199328" role="platform"/>
  <member type="node" ref="4481532887" role="stop"/>
  <member type="node" ref="2519078584" role="platform"/>
  <member type="node" ref="2519078585" role="stop"/>
  <member type="node" ref="4481626505" role="platform"/>
  <member type="node" ref="4481626506" role="stop"/>
  <member type="node" ref="2990819615" role="platform"/>
  <member type="node" ref="2990819616" role="stop"/>
  <member type="node" ref="2990829833" role="platform"/>
  <member type="node" ref="2990827632" role="stop"/>
  <member type="node" ref="1143755097" role="platform"/>
  <member type="node" ref="2389847196" role="stop"/>
  <member type="way" ref="148473105" role=""/>
  <member type="way" ref="665944104" role=""/>
  <member type="way" ref="196648893" role=""/>
  <member type="way" ref="665944101" role=""/>
  <member type="way" ref="226693007" role=""/>
  <member type="way" ref="1282776550" role=""/>
  <member type="way" ref="1050923011" role=""/>
  <member type="way" ref="1176543191" role=""/>
  <member type="way" ref="451327562" role=""/>
  <member type="way" ref="1282776549" role=""/>
  <member type="way" ref="1282776548" role=""/>
  <member type="way" ref="1282776547" role=""/>
  <member type="way" ref="50584779" role=""/>
  <member type="way" ref="964596254" role=""/>
  <member type="way" ref="223253410" role=""/>
  <member type="way" ref="635271978" role=""/>
  <member type="way" ref="219956107" role=""/>
  <member type="way" ref="1300099753" role=""/>
  <member type="way" ref="196676711" role=""/>
  <member type="way" ref="763458715" role=""/>
  <member type="way" ref="763458712" role=""/>
  <member type="way" ref="763458709" role=""/>
  <member type="way" ref="196520823" role=""/>
  <member type="way" ref="1462508356" role=""/>
  <member type="way" ref="1462508355" role=""/>
  <member type="way" ref="442024788" role=""/>
  <member type="way" ref="441744353" role=""/>
  <member type="way" ref="441744351" role=""/>
  <member type="way" ref="1282776546" role=""/>
  <member type="way" ref="1206974144" role=""/>
  <member type="way" ref="1282776545" role=""/>
  <member type="way" ref="1282776544" role=""/>
  <member type="way" ref="1282776543" role=""/>
  <member type="way" ref="1282776542" role=""/>
  <member type="way" ref="32133401" role=""/>
  <member type="way" ref="1282776541" role=""/>
  <member type="way" ref="723716277" role=""/>
  <member type="way" ref="241717659" role=""/>
  <member type="way" ref="198350132" role=""/>
  <member type="way" ref="723726654" role=""/>
  <member type="way" ref="302795167" role=""/>
  <member type="way" ref="239653290" role=""/>
  <member type="way" ref="8217902" role=""/>
  <member type="way" ref="301223786" role=""/>
  <member type="way" ref="1529006661" role=""/>
  <member type="way" ref="1529006658" role=""/>
  <member type="way" ref="1529011461" role=""/>
  <member type="way" ref="84490601" role=""/>
  <member type="way" ref="178161828" role=""/>
  <member type="way" ref="227497626" role=""/>
  <member type="way" ref="227497625" role=""/>
  <member type="way" ref="668719237" role=""/>
  <member type="way" ref="153967347" role=""/>
  <member type="way" ref="667017568" role=""/>
  <member type="way" ref="666958777" role=""/>
  <member type="way" ref="12471840" role=""/>
  <member type="way" ref="240625191" role=""/>
  <member type="way" ref="84489109" role=""/>
  <member type="way" ref="84489248" role=""/>
  <member type="way" ref="84489009" role=""/>
  <member type="way" ref="23555683" role=""/>
  <member type="way" ref="668510236" role=""/>
  <member type="way" ref="227617363" role=""/>
  <member type="way" ref="668510237" role=""/>
  <member type="way" ref="668510234" role=""/>
  <member type="way" ref="227617359" role=""/>
  <member type="way" ref="450735439" role=""/>
  <tag k="colour" v="#008D36"/>
  <tag k="from" v="Grup Școlar Auto"/>
  <tag k="name" v="Bus 62: Grup Școlar Auto → Gara de Nord"/>
  <tag k="network" v="Asociația de Dezvoltare Intercomunitară pentru Transport Public București – Ilfov"/>
  <tag k="network:short" v="TPBI"/>
  <tag k="network:website" v="https://tpbi.ro/"/>
  <tag k="public_transport:version" v="2"/>
  <tag k="ref" v="62"/>
  <tag k="route" v="trolleybus"/>
  <tag k="to" v="Gara de Nord"/>
  <tag k="type" v="route"/>
 </relation>
 <relation id="6638736" visible="true" version="54" changeset="184054668" timestamp="2026-06-13T12:42:45Z" user="SGFRO" uid="20320807">
  <member type="node" ref="1143755097" role="platform"/>
  <member type="node" ref="2389847196" role="stop"/>
  <member type="node" ref="2519055694" role="platform"/>
  <member type="node" ref="2519055695" role="stop"/>
  <member type="node" ref="4481601502" role="platform"/>
  <member type="node" ref="4481601503" role="stop"/>
  <member type="node" ref="3053207437" role="platform"/>
  <member type="node" ref="620099542" role="stop"/>
  <member type="node" ref="3052742436" role="platform"/>
  <member type="node" ref="1725252733" role="stop"/>
  <member type="node" ref="3067743633" role="platform"/>
  <member type="node" ref="3067743133" role="stop"/>
  <member type="node" ref="3067737433" role="platform"/>
  <member type="node" ref="619899931" role="stop"/>
  <member type="node" ref="3067734733" role="platform"/>
  <member type="node" ref="3067734833" role="stop"/>
  <member type="node" ref="3067721136" role="platform"/>
  <member type="node" ref="1725252726" role="stop"/>
  <member type="node" ref="1725252764" role="platform"/>
  <member type="node" ref="2517622243" role="stop"/>
  <member type="node" ref="467111848" role="platform"/>
  <member type="node" ref="2517633173" role="stop"/>
  <member type="node" ref="1518701650" role="platform"/>
  <member type="node" ref="2517633168" role="stop"/>
  <member type="node" ref="3067693641" role="platform"/>
  <member type="node" ref="1518701662" role="stop"/>
  <member type="node" ref="3067634433" role="platform"/>
  <member type="node" ref="559549792" role="stop"/>
  <member type="node" ref="3196721961" role="platform"/>
  <member type="node" ref="1725252753" role="stop"/>
  <member type="node" ref="1725272744" role="platform"/>
  <member type="node" ref="3196716963" role="stop"/>
  <member type="node" ref="3071915634" role="platform"/>
  <member type="node" ref="198994806" role="stop"/>
  <member type="node" ref="3196741662" role="platform"/>
  <member type="node" ref="3196743261" role="stop"/>
  <member type="node" ref="3196709062" role="platform"/>
  <member type="node" ref="3196721962" role="stop"/>
  <member type="node" ref="3196701863" role="platform"/>
  <member type="node" ref="3196716961" role="stop"/>
  <member type="node" ref="11005781498" role="platform"/>
  <member type="node" ref="10971527248" role="stop"/>
  <member type="way" ref="451333767" role=""/>
  <member type="way" ref="23555559" role=""/>
  <member type="way" ref="1305940790" role=""/>
  <member type="way" ref="668176614" role=""/>
  <member type="way" ref="668176613" role=""/>
  <member type="way" ref="154229441" role=""/>
  <member type="way" ref="668175351" role=""/>
  <member type="way" ref="666958775" role=""/>
  <member type="way" ref="65750938" role=""/>
  <member type="way" ref="667017565" role=""/>
  <member type="way" ref="87716921" role=""/>
  <member type="way" ref="227497624" role=""/>
  <member type="way" ref="227497622" role=""/>
  <member type="way" ref="84490743" role=""/>
  <member type="way" ref="301226655" role=""/>
  <member type="way" ref="667017562" role=""/>
  <member type="way" ref="612898782" role=""/>
  <member type="way" ref="201180154" role=""/>
  <member type="way" ref="1529006660" role=""/>
  <member type="way" ref="1282766739" role=""/>
  <member type="way" ref="678011317" role=""/>
  <member type="way" ref="665933061" role=""/>
  <member type="way" ref="665933054" role=""/>
  <member type="way" ref="239653299" role=""/>
  <member type="way" ref="723726653" role=""/>
  <member type="way" ref="723716275" role=""/>
  <member type="way" ref="241717660" role=""/>
  <member type="way" ref="723716273" role=""/>
  <member type="way" ref="198528544" role=""/>
  <member type="way" ref="369596288" role=""/>
  <member type="way" ref="441744354" role=""/>
  <member type="way" ref="441744352" role=""/>
  <member type="way" ref="32133415" role=""/>
  <member type="way" ref="665904991" role=""/>
  <member type="way" ref="1518702652" role=""/>
  <member type="way" ref="903132485" role=""/>
  <member type="way" ref="665904990" role=""/>
  <member type="way" ref="665904989" role=""/>
  <member type="way" ref="665904988" role=""/>
  <member type="way" ref="665904985" role=""/>
  <member type="way" ref="665904984" role=""/>
  <member type="way" ref="665913830" role=""/>
  <member type="way" ref="34206893" role=""/>
  <member type="way" ref="697869054" role=""/>
  <member type="way" ref="227456694" role=""/>
  <member type="way" ref="763458706" role=""/>
  <member type="way" ref="763458708" role=""/>
  <member type="way" ref="763458711" role=""/>
  <member type="way" ref="665913824" role=""/>
  <member type="way" ref="196647431" role=""/>
  <member type="way" ref="665968658" role=""/>
  <member type="way" ref="964597279" role=""/>
  <member type="way" ref="223253411" role=""/>
  <member type="way" ref="1282766738" role=""/>
  <member type="way" ref="1282766737" role=""/>
  <member type="way" ref="665968657" role=""/>
  <member type="way" ref="1282766736" role=""/>
  <member type="way" ref="1282766735" role=""/>
  <member type="way" ref="451332012" role=""/>
  <member type="way" ref="667306476" role=""/>
  <member type="way" ref="667306475" role=""/>
  <member type="way" ref="667306474" role=""/>
  <member type="way" ref="667306473" role=""/>
  <member type="way" ref="1461999303" role=""/>
  <member type="way" ref="1282766733" role=""/>
  <member type="way" ref="160469876" role=""/>
  <member type="way" ref="667306471" role=""/>
  <member type="way" ref="667306472" role=""/>
  <member type="way" ref="667306470" role=""/>
  <member type="way" ref="891094806" role=""/>
  <member type="way" ref="226693006" role=""/>
  <member type="way" ref="1462502228" role=""/>
  <member type="way" ref="1462502226" role=""/>
  <member type="way" ref="196648894" role=""/>
  <member type="way" ref="676619975" role=""/>
  <member type="way" ref="1282776553" role=""/>
  <member type="way" ref="927211459" role=""/>
  <member type="way" ref="23786160" role=""/>
  <member type="way" ref="313661671" role=""/>
  <tag k="colour" v="#008D36"/>
  <tag k="from" v="Gara de Nord"/>
  <tag k="name" v="Bus 62: Gara de Nord → Grup Școlar Auto"/>
  <tag k="network" v="Asociația de Dezvoltare Intercomunitară pentru Transport Public București – Ilfov"/>
  <tag k="network:short" v="TPBI"/>
  <tag k="network:website" v="https://tpbi.ro/"/>
  <tag k="public_transport:version" v="2"/>
  <tag k="ref" v="62"/>
  <tag k="route" v="trolleybus"/>
  <tag k="to" v="Grup Școlar Auto"/>
  <tag k="type" v="route"/>
 </relation>
 <relation id="6638751" visible="true" version="4" changeset="145836520" timestamp="2024-01-03T12:15:41Z" user="BreakpointDebug" uid="19557155">
  <member type="relation" ref="6638734" role=""/>
  <member type="relation" ref="6638733" role=""/>
  <tag k="name" v="Troleibuz 61"/>
  <tag k="network" v="Asociația de Dezvoltare Intercomunitară pentru Transport Public București – Ilfov"/>
  <tag k="network:short" v="TPBI"/>
  <tag k="network:website" v="https://tpbi.ro/"/>
  <tag k="ref" v="61"/>
  <tag k="route_master" v="trolleybus"/>
  <tag k="type" v="route_master"/>
 </relation>
 <relation id="6638753" visible="true" version="4" changeset="145836520" timestamp="2024-01-03T12:15:41Z" user="BreakpointDebug" uid="19557155">
  <member type="relation" ref="6638736" role=""/>
  <member type="relation" ref="6638735" role=""/>
  <tag k="name" v="Troleibuz 62"/>
  <tag k="network" v="Asociația de Dezvoltare Intercomunitară pentru Transport Public București – Ilfov"/>
  <tag k="network:short" v="TPBI"/>
  <tag k="network:website" v="https://tpbi.ro/"/>
  <tag k="ref" v="62"/>
  <tag k="route_master" v="trolleybus"/>
  <tag k="type" v="route_master"/>
 </relation>
 <relation id="7683219" visible="true" version="6" changeset="187419786" timestamp="2026-08-14T03:28:18Z" user="Zarrink" uid="20204688">
  <member type="node" ref="7023063629" role=""/>
  <member type="node" ref="11364303030" role="stop"/>
  <member type="node" ref="343206043" role="stop"/>
  <member type="node" ref="610921510" role=""/>
  <member type="node" ref="610921505" role=""/>
  <member type="node" ref="14093659867" role=""/>
  <tag k="name" v="Păcii"/>
  <tag k="public_transport" v="stop_area"/>
  <tag k="type" v="public_transport"/>
 </relation>
 <relation id="7683226" visible="true" version="5" changeset="176154145" timestamp="2025-12-19T19:26:21Z" user="darksky995" uid="23630558">
  <member type="node" ref="582984165" role=""/>
  <member type="node" ref="5916877081" role="stop"/>
  <member type="node" ref="8450731733" role="stop"/>
  <member type="node" ref="7117804716" role=""/>
  <member type="node" ref="7117804717" role=""/>
  <tag k="name" v="Metrou Lujerului"/>
  <tag k="network" v="M3"/>
  <tag k="operator" v="Metrorex"/>
  <tag k="public_transport" v="stop_area"/>
  <tag k="type" v="public_transport"/>
 </relation>
 <relation id="7683231" visible="true" version="5" changeset="181167462" timestamp="2026-04-10T20:34:07Z" user="Zarrink" uid="20204688">
  <member type="node" ref="301687829" role=""/>
  <member type="node" ref="7023063630" role="stop"/>
  <member type="node" ref="5916880386" role="stop"/>
  <member type="node" ref="13618008583" role=""/>
  <member type="node" ref="13618008589" role=""/>
  <member type="node" ref="13618008599" role=""/>
  <tag k="name" v="Metrou Preciziei"/>
  <tag k="public_transport" v="stop_area"/>
  <tag k="type" v="public_transport"/>
 </relation>
 <relation id="7772838" visible="true" version="5" changeset="102457862" timestamp="2021-04-07T07:39:33Z" user="Claudius Henrichs" uid="18069">
  <member type="node" ref="582984656" role=""/>
  <member type="node" ref="7891462885" role="stop"/>
  <member type="node" ref="5916877079" role="stop"/>
  <member type="node" ref="1738605978" role=""/>
  <member type="node" ref="1738605979" role=""/>
  <member type="node" ref="255659385" role=""/>
  <tag k="name" v="Metrou Gorjului"/>
  <tag k="public_transport" v="stop_area"/>
  <tag k="type" v="public_transport"/>
 </relation>
 <relation id="7772843" visible="true" version="15" changeset="175801006" timestamp="2025-12-11T12:38:26Z" user="Руслан Т" uid="12947635">
  <member type="node" ref="5351714727" role="stop"/>
  <member type="node" ref="8445777520" role="stop"/>
  <member type="node" ref="8445669562" role="stop"/>
  <member type="node" ref="8450731649" role="stop"/>
  <member type="node" ref="8450731689" role="stop"/>
  <member type="node" ref="8450731705" role="stop"/>
  <member type="node" ref="8450731715" role="stop"/>
  <member type="node" ref="8450731731" role="stop"/>
  <member type="node" ref="8450167138" role="stop"/>
  <member type="node" ref="8429628727" role="stop"/>
  <member type="node" ref="2818299447" role="stop"/>
  <member type="node" ref="8450731733" role="stop"/>
  <member type="node" ref="7891462885" role="stop"/>
  <member type="node" ref="343206043" role="stop"/>
  <member type="node" ref="7023063630" role="stop"/>
  <member type="way" ref="1359026787" role=""/>
  <member type="way" ref="1359039909" role=""/>
  <member type="way" ref="277255094" role=""/>
  <member type="way" ref="907839005" role=""/>
  <member type="way" ref="910152132" role=""/>
  <member type="way" ref="907822100" role=""/>
  <member type="way" ref="178167797" role=""/>
  <member type="way" ref="277295267" role=""/>
  <member type="way" ref="277295273" role=""/>
  <tag k="colour" v="#BC1725"/>
  <tag k="name" v="Magistrala 3 (Anghel Saligny → Preciziei)"/>
  <tag k="network" v="Metrorex"/>
  <tag k="network:wikidata" v="Q622884"/>
  <tag k="network:wikipedia" v="ro:Metroul din București"/>
  <tag k="operator" v="Metrorex"/>
  <tag k="operator:wikidata" v="Q1091725"/>
  <tag k="operator:wikipedia" v="ro:Metrorex"/>
  <tag k="public_transport:version" v="2"/>
  <tag k="ref" v="M3"/>
  <tag k="route" v="subway"/>
  <tag k="type" v="route"/>
  <tag k="wikidata" v="Q2735258"/>
  <tag k="wikipedia" v="en:Bucharest Metro Line M3"/>
 </relation>
 <relation id="7772846" visible="true" version="3" changeset="143278647" timestamp="2023-10-28T19:03:08Z" user="bouzinac" uid="10286707">
  <member type="relation" ref="7772843" role=""/>
  <member type="relation" ref="358039" role=""/>
  <tag k="colour" v="#BC1725"/>
  <tag k="name" v="Magistrala 3"/>
  <tag k="name:fr" v="ligne M3"/>
  <tag k="network" v="Metrorex"/>
  <tag k="network:wikidata" v="Q622884"/>
  <tag k="network:wikipedia" v="ro:Metroul din București"/>
  <tag k="operator" v="Metrorex"/>
  <tag k="operator:wikidata" v="Q1091725"/>
  <tag k="operator:wikipedia" v="ro:Metrorex"/>
  <tag k="ref" v="M3"/>
  <tag k="route_master" v="subway"/>
  <tag k="type" v="route_master"/>
  <tag k="wikidata" v="Q2735258"/>
 </relation>
 <relation id="7884303" visible="true" version="230" changeset="186780897" timestamp="2026-08-01T20:26:29Z" user="ivanruiz" uid="23829548">
  <member type="relation" ref="2147162" role=""/>
  <member type="relation" ref="72825" role=""/>
  <member type="relation" ref="26802" role=""/>
  <member type="relation" ref="2133091" role=""/>
  <member type="relation" ref="2147287" role=""/>
  <member type="relation" ref="76274" role=""/>
  <member type="relation" ref="60745" role=""/>
  <member type="relation" ref="73447" role=""/>
  <member type="relation" ref="48042" role=""/>
  <member type="relation" ref="35065" role=""/>
  <member type="relation" ref="26791" role=""/>
  <member type="relation" ref="2332838" role=""/>
  <member type="relation" ref="52831" role=""/>
  <member type="relation" ref="103222" role=""/>
  <member type="relation" ref="190821" role=""/>
  <member type="relation" ref="74673" role=""/>
  <member type="relation" ref="36947" role=""/>
  <member type="relation" ref="74693" role=""/>
  <member type="relation" ref="21359" role=""/>
  <member type="relation" ref="74696" role=""/>
  <member type="relation" ref="32943" role=""/>
  <member type="relation" ref="78013" role=""/>
  <member type="relation" ref="2817296" role=""/>
  <member type="relation" ref="72927" role=""/>
  <member type="relation" ref="48100" role=""/>
  <member type="relation" ref="79090" role=""/>
  <member type="relation" ref="33702" role=""/>
  <member type="relation" ref="84339" role=""/>
  <member type="relation" ref="20990" role=""/>
  <member type="relation" ref="78826" role=""/>
  <member type="relation" ref="2817637" role=""/>
  <member type="relation" ref="78509" role=""/>
  <member type="relation" ref="72170" role=""/>
  <member type="relation" ref="2148378" role=""/>
  <member type="relation" ref="31354" role=""/>
  <member type="relation" ref="27539" role=""/>
  <member type="relation" ref="2223656" role=""/>
  <member type="relation" ref="56555" role=""/>
  <member type="relation" ref="26621" role=""/>
  <member type="relation" ref="32572" role=""/>
  <member type="relation" ref="84338" role=""/>
  <member type="relation" ref="23063" role=""/>
  <member type="relation" ref="57817" role=""/>
  <member type="relation" ref="20773" role=""/>
  <member type="relation" ref="80523" role=""/>
  <member type="relation" ref="80043" role=""/>
  <member type="relation" ref="73057" role=""/>
  <member type="relation" ref="31491" role=""/>
  <member type="relation" ref="75486" role=""/>
  <member type="relation" ref="80053" role=""/>
  <member type="relation" ref="2148636" role=""/>
  <member type="relation" ref="108340" role=""/>
  <member type="relation" ref="77040" role=""/>
  <member type="relation" ref="21572" role=""/>
  <member type="relation" ref="6410283" role=""/>
  <member type="relation" ref="3010573" role=""/>
  <member type="relation" ref="2399357" role=""/>
  <member type="relation" ref="144173" role=""/>
  <member type="relation" ref="20869" role=""/>
  <member type="relation" ref="1652434" role=""/>
  <member type="relation" ref="3529513" role=""/>
  <member type="relation" ref="77546" role=""/>
  <member type="relation" ref="92308" role=""/>
  <member type="relation" ref="33232" role=""/>
  <member type="relation" ref="38304" role=""/>
  <member type="relation" ref="6263623" role=""/>
  <member type="relation" ref="38260" role=""/>
  <member type="relation" ref="27057" role=""/>
  <member type="relation" ref="38345" role=""/>
  <member type="relation" ref="77376" role=""/>
  <member type="relation" ref="38373" role=""/>
  <member type="relation" ref="186923" role=""/>
  <member type="relation" ref="2092611" role=""/>
  <member type="relation" ref="110270" role=""/>
  <member type="relation" ref="2399364" role=""/>
  <member type="relation" ref="69720" role=""/>
  <member type="relation" ref="38273" role=""/>
  <member type="relation" ref="1998065" role=""/>
  <member type="relation" ref="38258" role=""/>
  <member type="relation" ref="92877" role=""/>
  <member type="relation" ref="33698" role=""/>
  <member type="relation" ref="6410380" role=""/>
  <member type="relation" ref="7698875" role=""/>
  <member type="relation" ref="164014" role=""/>
  <member type="relation" ref="156092" role=""/>
  <member type="relation" ref="156514" role=""/>
  <member type="relation" ref="27994" role=""/>
  <member type="relation" ref="2048368" role=""/>
  <member type="relation" ref="158701" role=""/>
  <member type="relation" ref="34253" role=""/>
  <member type="relation" ref="1084054" role=""/>
  <member type="relation" ref="2314106" role=""/>
  <member type="relation" ref="158573" role=""/>
  <member type="relation" ref="3346319" role=""/>
  <member type="relation" ref="158700" role=""/>
  <member type="relation" ref="281674" role=""/>
  <member type="relation" ref="125452" role=""/>
  <member type="relation" ref="2094111" role=""/>
  <member type="relation" ref="2817790" role=""/>
  <member type="relation" ref="28929" role=""/>
  <member type="relation" ref="1789104" role=""/>
  <member type="relation" ref="2817677" role=""/>
  <member type="relation" ref="7215270" role=""/>
  <member type="relation" ref="2817773" role=""/>
  <member type="relation" ref="2817782" role=""/>
  <member type="relation" ref="6252885" role=""/>
  <member type="relation" ref="75433" role=""/>
  <member type="relation" ref="75438" role=""/>
  <member type="relation" ref="78271" role=""/>
  <member type="relation" ref="68577" role=""/>
  <member type="relation" ref="68590" role=""/>
  <member type="relation" ref="80485" role=""/>
  <member type="relation" ref="32973" role=""/>
  <member type="relation" ref="61501" role=""/>
  <member type="relation" ref="32953" role=""/>
  <member type="relation" ref="3206788" role=""/>
  <member type="relation" ref="214487" role=""/>
  <member type="relation" ref="190840" role=""/>
  <member type="relation" ref="78837" role=""/>
  <member type="relation" ref="75144" role=""/>
  <member type="relation" ref="78840" role=""/>
  <member type="relation" ref="17502" role=""/>
  <member type="relation" ref="68591" role=""/>
  <member type="relation" ref="172531" role=""/>
  <member type="relation" ref="2745034" role=""/>
  <member type="relation" ref="2745035" role=""/>
  <member type="relation" ref="6266559" role=""/>
  <member type="relation" ref="3904095" role=""/>
  <member type="relation" ref="88503" role=""/>
  <member type="relation" ref="79765" role=""/>
  <member type="relation" ref="17015348" role=""/>
  <member type="relation" ref="73498" role=""/>
  <member type="relation" ref="6839261" role=""/>
  <member type="relation" ref="68585" role=""/>
  <member type="relation" ref="84451" role=""/>
  <member type="relation" ref="86739" role=""/>
  <member type="relation" ref="21900" role=""/>
  <member type="relation" ref="229973" role=""/>
  <member type="relation" ref="85936" role=""/>
  <member type="relation" ref="228525" role=""/>
  <member type="relation" ref="67631" role=""/>
  <member type="relation" ref="5196088" role=""/>
  <member type="relation" ref="3905533" role=""/>
  <member type="relation" ref="3905549" role=""/>
  <member type="relation" ref="108203" role=""/>
  <member type="relation" ref="3906144" role=""/>
  <member type="relation" ref="6252938" role=""/>
  <member type="relation" ref="79015" role=""/>
  <member type="relation" ref="82573" role=""/>
  <member type="relation" ref="229810" role=""/>
  <member type="relation" ref="6411395" role=""/>
  <member type="relation" ref="2121922" role=""/>
  <member type="relation" ref="2122034" role=""/>
  <member type="relation" ref="38267" role=""/>
  <member type="relation" ref="38441" role=""/>
  <member type="relation" ref="38284" role=""/>
  <member type="relation" ref="6266611" role=""/>
  <member type="relation" ref="38317" role=""/>
  <member type="relation" ref="4072955" role=""/>
  <member type="relation" ref="154327" role=""/>
  <member type="relation" ref="6266680" role=""/>
  <member type="relation" ref="38625" role=""/>
  <member type="relation" ref="170359" role=""/>
  <member type="relation" ref="976097" role=""/>
  <member type="relation" ref="899167" role=""/>
  <member type="relation" ref="976263" role=""/>
  <member type="relation" ref="73457" role=""/>
  <member type="relation" ref="75490" role=""/>
  <member type="relation" ref="900573" role=""/>
  <member type="relation" ref="1175648" role=""/>
  <member type="relation" ref="92329" role=""/>
  <member type="relation" ref="6449113" role=""/>
  <member type="relation" ref="6410448" role=""/>
  <member type="relation" ref="6410454" role=""/>
  <member type="relation" ref="38436" role=""/>
  <member type="relation" ref="38437" role=""/>
  <member type="relation" ref="2194571" role=""/>
  <member type="relation" ref="38303" role=""/>
  <member type="relation" ref="6410456" role=""/>
  <member type="relation" ref="6410463" role=""/>
  <member type="relation" ref="1650459" role=""/>
  <member type="relation" ref="1722968" role=""/>
  <member type="relation" ref="3906304" role=""/>
  <member type="relation" ref="70885" role=""/>
  <member type="relation" ref="1202486" role=""/>
  <member type="relation" ref="74886" role=""/>
  <member type="relation" ref="6266476" role=""/>
  <member type="relation" ref="1824555" role=""/>
  <member type="relation" ref="4028594" role=""/>
  <member type="relation" ref="2328885" role=""/>
  <member type="relation" ref="2603148" role=""/>
  <member type="relation" ref="2329192" role=""/>
  <member type="relation" ref="1086284" role=""/>
  <member type="relation" ref="38352" role=""/>
  <member type="relation" ref="270398" role=""/>
  <member type="relation" ref="2770644" role=""/>
  <member type="relation" ref="3344515" role=""/>
  <member type="relation" ref="89529" role=""/>
  <member type="relation" ref="6410467" role=""/>
  <member type="relation" ref="3970914" role=""/>
  <member type="relation" ref="6448422" role=""/>
  <member type="relation" ref="6410473" role=""/>
  <member type="relation" ref="6256177" role=""/>
  <member type="relation" ref="6256246" role=""/>
  <member type="relation" ref="6401532" role=""/>
  <member type="relation" ref="6402208" role=""/>
  <member type="relation" ref="6402214" role=""/>
  <member type="relation" ref="6256280" role=""/>
  <member type="relation" ref="6410490" role=""/>
  <member type="relation" ref="5640676" role=""/>
  <member type="relation" ref="1844441" role=""/>
  <member type="relation" ref="102595" role=""/>
  <member type="relation" ref="5513689" role=""/>
  <member type="relation" ref="14890767" role=""/>
  <member type="relation" ref="6410526" role=""/>
  <member type="relation" ref="74910" role=""/>
  <member type="relation" ref="89532" role=""/>
  <member type="relation" ref="6449009" role=""/>
  <member type="relation" ref="147056" role=""/>
  <member type="relation" ref="147976" role=""/>
  <member type="relation" ref="142946" role=""/>
  <member type="relation" ref="1930294" role=""/>
  <member type="relation" ref="400179" role=""/>
  <member type="relation" ref="361393" role=""/>
  <member type="relation" ref="6411362" role=""/>
  <member type="relation" ref="6897625" role=""/>
  <member type="relation" ref="6923666" role=""/>
  <member type="relation" ref="4243136" role=""/>
  <member type="relation" ref="1770166" role=""/>
  <member type="relation" ref="5866045" role=""/>
  <member type="relation" ref="5944201" role=""/>
  <member type="relation" ref="5864974" role=""/>
  <member type="relation" ref="5864975" role=""/>
  <member type="relation" ref="5864976" role=""/>
  <member type="relation" ref="5864977" role=""/>
  <member type="relation" ref="5942710" role=""/>
  <member type="relation" ref="5864978" role=""/>
  <member type="relation" ref="8418873" role=""/>
  <member type="relation" ref="8235498" role=""/>
  <member type="relation" ref="8542404" role=""/>
  <member type="relation" ref="8235463" role=""/>
  <member type="relation" ref="8235454" role=""/>
  <member type="relation" ref="7591671" role=""/>
  <member type="relation" ref="6482805" role=""/>
  <member type="relation" ref="6424928" role=""/>
  <member type="relation" ref="7588949" role=""/>
  <tag k="name" v="International E-road network"/>
  <tag k="name:an" v="Rete de carreteras europeas"/>
  <tag k="name:az" v="Avropa Beynəlxalq Yollar şəbəkəsi"/>
  <tag k="name:be" v="Сетка міжнародных еўрапейскіх аўтадарог"/>
  <tag k="name:bg" v="Европейска пътна мрежа"/>
  <tag k="name:bs" v="Međunarodna mreža E-puteva"/>
  <tag k="name:ca" v="Xarxa de carreteres europees"/>
  <tag k="name:cnr" v="Evropska mreža međunarodnih puteva"/>
  <tag k="name:cnr-Cyrl" v="Европска мрежа међународних путева"/>
  <tag k="name:cs" v="Evropské silnice"/>
  <tag k="name:cv" v="Европа автомаршручĕсем"/>
  <tag k="name:da" v="Europaveje"/>
  <tag k="name:de" v="Europastraßen"/>
  <tag k="name:el" v="Διεθνές δίκτυο Ε-οδών"/>
  <tag k="name:en" v="International E-road network"/>
  <tag k="name:eo" v="Eŭropa ŝoseo"/>
  <tag k="name:es" v="Red de Carreteras Europeas"/>
  <tag k="name:et" v="Rahvusvaheline E-teede võrk"/>
  <tag k="name:fi" v="Eurooppatiet"/>
  <tag k="name:fr" v="Routes européennes"/>
  <tag k="name:hr" v="Europska mreža međunarodnih puteva"/>
  <tag k="name:hu" v="Európai úthálózat"/>
  <tag k="name:is" v="Evrópuvegur"/>
  <tag k="name:it" v="Strade europee"/>
  <tag k="name:ja" v="欧州自動車道路"/>
  <tag k="name:ka" v="ევროპის საერთაშორისო E საავტომობილო მაგისტრალების ქსელი"/>
  <tag k="name:ko" v="유럽 고속도로"/>
  <tag k="name:lb" v="Europastrooss"/>
  <tag k="name:lt" v="Tarptautinis Europos kelių tinklas"/>
  <tag k="name:nl" v="E-routenetwerk"/>
  <tag k="name:nn" v="Europavegar"/>
  <tag k="name:no" v="Europaveier"/>
  <tag k="name:pl" v="Międzynarodowa sieć tras europejskich"/>
  <tag k="name:pt" v="Estradas europeias"/>
  <tag k="name:ro" v="Rețeaua de drumuri europene"/>
  <tag k="name:sk" v="Európske cesty"/>
  <tag k="name:sl" v="Vseevropsko cestno omrežje"/>
  <tag k="name:sr" v="Европска мрежа међународних путева"/>
  <tag k="name:sr-Latn" v="Evropska mreža međunarodnih puteva"/>
  <tag k="name:sv" v="Europavägar"/>
  <tag k="name:tr" v="Avrupa E-yolları"/>
  <tag k="name:uk" v="Мережа європейських автошляхів"/>
  <tag k="name:zh" v="欧洲高速公路"/>
  <tag k="network" v="e-road"/>
  <tag k="note" v="for Norway, please read this https://forum.openstreetmap.org/viewtopic.php?id=72841"/>
  <tag k="operator" v="United Nations Economic Commission for Europe"/>
  <tag k="operator:short" v="UNECE"/>
  <tag k="operator:type" v="public"/>
  <tag k="operator:wikidata" v="Q659012"/>
  <tag k="start_date" v="1950-09-16"/>
  <tag k="type" v="network"/>
  <tag k="wikidata" v="Q106123"/>
 </relation>
 <relation id="11817492" visible="true" version="860" changeset="188352680" timestamp="2026-09-01T09:24:28Z" user="adamos" uid="25867">
  <member type="node" ref="2290575122" role="stop"/>
  <member type="way" ref="1079277069" role="platform"/>
  <member type="node" ref="8069379561" role="stop"/>
  <member type="node" ref="475518619" role="platform"/>
  <member type="node" ref="8069379565" role="stop"/>
  <member type="node" ref="8311114766" role="platform"/>
  <member type="node" ref="8710675192" role="stop"/>
  <member type="node" ref="9565453078" role="platform"/>
  <member type="node" ref="2400699966" role="platform"/>
  <member type="node" ref="8069379569" role="stop"/>
  <member type="node" ref="5043091439" role="platform"/>
  <member type="node" ref="8069379570" role="stop"/>
  <member type="node" ref="9215988131" role="platform"/>
  <member type="node" ref="8069379571" role="stop"/>
  <member type="node" ref="4637456553" role="platform"/>
  <member type="node" ref="8069379576" role="stop"/>
  <member type="node" ref="6009697885" role="platform"/>
  <member type="node" ref="565143253" role="stop"/>
  <member type="node" ref="3109011144" role="stop"/>
  <member type="node" ref="5113395808" role="stop"/>
  <member type="way" ref="993945072" role="platform"/>
  <member type="node" ref="6154436470" role="stop"/>
  <member type="node" ref="7117882585" role="platform"/>
  <member type="node" ref="5852000270" role="stop"/>
  <member type="way" ref="619246823" role="platform"/>
  <member type="node" ref="4826872696" role="stop"/>
  <member type="node" ref="2750546827" role="platform"/>
  <member type="node" ref="4186356390" role="stop"/>
  <member type="node" ref="4573697487" role="stop"/>
  <member type="node" ref="6342888127" role="platform"/>
  <member type="node" ref="5217030306" role="stop"/>
  <member type="way" ref="539100357" role="platform"/>
  <member type="node" ref="1627891589" role="stop"/>
  <member type="way" ref="71123420" role="platform"/>
  <member type="node" ref="7021814302" role="stop"/>
  <member type="node" ref="7020554776" role="platform"/>
  <member type="node" ref="5146119805" role="stop"/>
  <member type="node" ref="12379264420" role="stop"/>
  <member type="node" ref="12375837866" role="platform"/>
  <member type="way" ref="219927612" role=""/>
  <member type="way" ref="1553181425" role=""/>
  <member type="way" ref="676614908" role=""/>
  <member type="way" ref="219926434" role=""/>
  <member type="way" ref="865722412" role=""/>
  <member type="way" ref="359583409" role=""/>
  <member type="way" ref="608255726" role=""/>
  <member type="way" ref="608255727" role=""/>
  <member type="way" ref="249059439" role=""/>
  <member type="way" ref="359583412" role=""/>
  <member type="way" ref="865722413" role=""/>
  <member type="way" ref="635271978" role=""/>
  <member type="way" ref="219956107" role=""/>
  <member type="way" ref="1300099753" role=""/>
  <member type="way" ref="196676711" role=""/>
  <member type="way" ref="763458715" role=""/>
  <member type="way" ref="763458712" role=""/>
  <member type="way" ref="763458709" role=""/>
  <member type="way" ref="196520823" role=""/>
  <member type="way" ref="1462508356" role=""/>
  <member type="way" ref="1462508355" role=""/>
  <member type="way" ref="442024788" role=""/>
  <member type="way" ref="441744353" role=""/>
  <member type="way" ref="441744351" role=""/>
  <member type="way" ref="1282776546" role=""/>
  <member type="way" ref="1206974144" role=""/>
  <member type="way" ref="1282776545" role=""/>
  <member type="way" ref="1282776544" role=""/>
  <member type="way" ref="1282776543" role=""/>
  <member type="way" ref="1282776542" role=""/>
  <member type="way" ref="32133401" role=""/>
  <member type="way" ref="1282776541" role=""/>
  <member type="way" ref="723716277" role=""/>
  <member type="way" ref="241717659" role=""/>
  <member type="way" ref="198350132" role=""/>
  <member type="way" ref="723726654" role=""/>
  <member type="way" ref="302795167" role=""/>
  <member type="way" ref="239653290" role=""/>
  <member type="way" ref="28050353" role=""/>
  <member type="way" ref="302798182" role=""/>
  <member type="way" ref="665933058" role=""/>
  <member type="way" ref="32070436" role=""/>
  <member type="way" ref="314448326" role=""/>
  <member type="way" ref="458458361" role=""/>
  <member type="way" ref="1535667121" role=""/>
  <member type="way" ref="1535667122" role=""/>
  <member type="way" ref="668700432" role=""/>
  <member type="way" ref="668700431" role=""/>
  <member type="way" ref="668700428" role=""/>
  <member type="way" ref="668700430" role=""/>
  <member type="way" ref="668700429" role=""/>
  <member type="way" ref="668700433" role=""/>
  <member type="way" ref="668700424" role=""/>
  <member type="way" ref="125909047" role=""/>
  <member type="way" ref="668700423" role=""/>
  <member type="way" ref="131484721" role=""/>
  <member type="way" ref="668700421" role=""/>
  <member type="way" ref="668700427" role=""/>
  <member type="way" ref="378639154" role=""/>
  <member type="way" ref="1305563865" role=""/>
  <member type="way" ref="1305563866" role=""/>
  <member type="way" ref="27008418" role=""/>
  <member type="way" ref="669751870" role=""/>
  <member type="way" ref="669751871" role=""/>
  <member type="way" ref="241374324" role=""/>
  <member type="way" ref="241374327" role=""/>
  <member type="way" ref="1435080781" role=""/>
  <member type="way" ref="1396530918" role=""/>
  <member type="way" ref="1435080782" role=""/>
  <member type="way" ref="235436166" role=""/>
  <member type="way" ref="723769165" role=""/>
  <member type="way" ref="23811791" role=""/>
  <member type="way" ref="464722639" role=""/>
  <member type="way" ref="352589235" role=""/>
  <member type="way" ref="13837432" role=""/>
  <member type="way" ref="1358411319" role=""/>
  <member type="way" ref="669011086" role=""/>
  <member type="way" ref="525997205" role=""/>
  <member type="way" ref="1358411317" role=""/>
  <member type="way" ref="1122224093" role=""/>
  <member type="way" ref="227394472" role=""/>
  <member type="way" ref="668558582" role=""/>
  <member type="way" ref="668558583" role=""/>
  <member type="way" ref="1137326225" role=""/>
  <member type="way" ref="668555453" role=""/>
  <member type="way" ref="202883355" role=""/>
  <member type="way" ref="668550637" role=""/>
  <member type="way" ref="202883357" role=""/>
  <member type="way" ref="668550636" role=""/>
  <member type="way" ref="898621399" role=""/>
  <member type="way" ref="949969146" role=""/>
  <member type="way" ref="949969145" role=""/>
  <member type="way" ref="1016719145" role=""/>
  <member type="way" ref="1430728851" role=""/>
  <member type="way" ref="1137274089" role=""/>
  <member type="way" ref="823098861" role=""/>
  <member type="way" ref="1319954804" role=""/>
  <member type="way" ref="256097200" role=""/>
  <member type="way" ref="655088311" role=""/>
  <member type="way" ref="284325581" role=""/>
  <member type="way" ref="284325584" role=""/>
  <member type="way" ref="973025068" role=""/>
  <member type="way" ref="658273141" role=""/>
  <member type="way" ref="581675915" role=""/>
  <member type="way" ref="255541367" role=""/>
  <member type="way" ref="663605529" role=""/>
  <member type="way" ref="284325577" role=""/>
  <member type="way" ref="284325575" role=""/>
  <member type="way" ref="655088323" role=""/>
  <member type="way" ref="284325582" role=""/>
  <member type="way" ref="462802953" role=""/>
  <member type="way" ref="461935006" role=""/>
  <member type="way" ref="655088340" role=""/>
  <member type="way" ref="973025073" role=""/>
  <member type="way" ref="973025074" role=""/>
  <member type="way" ref="284325576" role=""/>
  <member type="way" ref="255541364" role=""/>
  <member type="way" ref="658682710" role=""/>
  <member type="way" ref="658682719" role=""/>
  <member type="way" ref="179302045" role=""/>
  <member type="way" ref="973025076" role=""/>
  <member type="way" ref="461935004" role=""/>
  <member type="way" ref="666699934" role=""/>
  <member type="way" ref="172608024" role=""/>
  <member type="way" ref="666699933" role=""/>
  <member type="way" ref="218597434" role=""/>
  <member type="way" ref="666690203" role=""/>
  <member type="way" ref="666699932" role=""/>
  <member type="way" ref="666690183" role=""/>
  <member type="way" ref="666690187" role=""/>
  <member type="way" ref="218597432" role=""/>
  <member type="way" ref="172685406" role=""/>
  <member type="way" ref="172685398" role=""/>
  <member type="way" ref="666690163" role=""/>
  <member type="way" ref="666690171" role=""/>
  <member type="way" ref="172685407" role=""/>
  <member type="way" ref="172685414" role=""/>
  <member type="way" ref="1119656832" role=""/>
  <member type="way" ref="666690155" role=""/>
  <member type="way" ref="666690159" role=""/>
  <member type="way" ref="304287720" role=""/>
  <member type="way" ref="666699931" role=""/>
  <member type="way" ref="172685423" role=""/>
  <member type="way" ref="172685401" role=""/>
  <member type="way" ref="221589502" role=""/>
  <member type="way" ref="666699930" role=""/>
  <member type="way" ref="666699929" role=""/>
  <member type="way" ref="221589505" role=""/>
  <member type="way" ref="666699928" role=""/>
  <member type="way" ref="221589998" role=""/>
  <member type="way" ref="221591544" role=""/>
  <member type="way" ref="221591534" role=""/>
  <member type="way" ref="666699926" role=""/>
  <member type="way" ref="666699925" role=""/>
  <member type="way" ref="666699924" role=""/>
  <member type="way" ref="666699923" role=""/>
  <member type="way" ref="666699927" role=""/>
  <member type="way" ref="666699921" role=""/>
  <member type="way" ref="666699922" role=""/>
  <member type="way" ref="172685435" role=""/>
  <member type="way" ref="666702008" role=""/>
  <member type="way" ref="666702007" role=""/>
  <member type="way" ref="666702006" role=""/>
  <member type="way" ref="666702005" role=""/>
  <member type="way" ref="172685399" role=""/>
  <member type="way" ref="172686766" role=""/>
  <member type="way" ref="172686765" role=""/>
  <member type="way" ref="172686754" role=""/>
  <member type="way" ref="666707325" role=""/>
  <member type="way" ref="172686767" role=""/>
  <member type="way" ref="222726787" role=""/>
  <member type="way" ref="222726789" role=""/>
  <member type="way" ref="666707299" role=""/>
  <member type="way" ref="666707314" role=""/>
  <member type="way" ref="172686768" role=""/>
  <member type="way" ref="172686764" role=""/>
  <member type="way" ref="266773587" role=""/>
  <member type="way" ref="973023623" role=""/>
  <member type="way" ref="266773588" role=""/>
  <member type="way" ref="266773586" role=""/>
  <member type="way" ref="209867207" role=""/>
  <member type="way" ref="338747945" role=""/>
  <member type="way" ref="666730340" role=""/>
  <member type="way" ref="221590000" role=""/>
  <member type="way" ref="1171764915" role=""/>
  <member type="way" ref="241588904" role=""/>
  <member type="way" ref="1171959898" role=""/>
  <member type="way" ref="1171764916" role=""/>
  <member type="way" ref="12761997" role=""/>
  <member type="way" ref="179293296" role=""/>
  <member type="way" ref="24910334" role=""/>
  <member type="way" ref="24910339" role=""/>
  <member type="way" ref="1171764913" role=""/>
  <member type="way" ref="24910332" role=""/>
  <member type="way" ref="24910333" role=""/>
  <member type="way" ref="231127875" role=""/>
  <member type="way" ref="850459634" role=""/>
  <member type="way" ref="850459635" role=""/>
  <member type="way" ref="850459636" role=""/>
  <member type="way" ref="850459637" role=""/>
  <member type="way" ref="850459639" role=""/>
  <member type="way" ref="850457920" role=""/>
  <member type="way" ref="850457921" role=""/>
  <member type="way" ref="850457922" role=""/>
  <member type="way" ref="850457923" role=""/>
  <member type="way" ref="850456444" role=""/>
  <member type="way" ref="850456445" role=""/>
  <member type="way" ref="850456448" role=""/>
  <member type="way" ref="1021969997" role=""/>
  <member type="way" ref="850456449" role=""/>
  <member type="way" ref="850456450" role=""/>
  <member type="way" ref="850456451" role=""/>
  <member type="way" ref="850456452" role=""/>
  <member type="way" ref="15222322" role=""/>
  <member type="way" ref="15222305" role=""/>
  <member type="way" ref="666980745" role=""/>
  <member type="way" ref="667028793" role=""/>
  <member type="way" ref="667028792" role=""/>
  <member type="way" ref="666980746" role=""/>
  <member type="way" ref="931590555" role=""/>
  <member type="way" ref="176795582" role=""/>
  <member type="way" ref="119043840" role=""/>
  <member type="way" ref="119043839" role=""/>
  <member type="way" ref="667028791" role=""/>
  <member type="way" ref="119043842" role=""/>
  <member type="way" ref="931590550" role=""/>
  <member type="way" ref="119043833" role=""/>
  <member type="way" ref="119043834" role=""/>
  <member type="way" ref="119043838" role=""/>
  <member type="way" ref="119043836" role=""/>
  <member type="way" ref="119043837" role=""/>
  <member type="way" ref="119043835" role=""/>
  <member type="way" ref="118650531" role=""/>
  <member type="way" ref="667028790" role=""/>
  <member type="way" ref="118650529" role=""/>
  <member type="way" ref="667018693" role=""/>
  <member type="way" ref="118650525" role=""/>
  <member type="way" ref="682875493" role=""/>
  <member type="way" ref="931590543" role=""/>
  <member type="way" ref="113644288" role=""/>
  <member type="way" ref="157387978" role=""/>
  <member type="way" ref="292844077" role=""/>
  <member type="way" ref="666980742" role=""/>
  <member type="way" ref="666980743" role=""/>
  <member type="way" ref="30568895" role=""/>
  <member type="way" ref="683036262" role=""/>
  <member type="way" ref="682622452" role=""/>
  <member type="way" ref="90060794" role=""/>
  <member type="way" ref="221204989" role=""/>
  <member type="way" ref="1339158511" role=""/>
  <member type="way" ref="177308331" role=""/>
  <member type="way" ref="865716336" role=""/>
  <member type="way" ref="677021193" role=""/>
  <member type="way" ref="677021190" role=""/>
  <member type="way" ref="1231164602" role=""/>
  <member type="way" ref="865716337" role=""/>
  <member type="way" ref="667553321" role=""/>
  <member type="way" ref="13708292" role=""/>
  <member type="way" ref="865716338" role=""/>
  <member type="way" ref="13708252" role=""/>
  <member type="way" ref="1231185495" role=""/>
  <member type="way" ref="677021189" role=""/>
  <member type="way" ref="677021192" role=""/>
  <member type="way" ref="677021191" role=""/>
  <member type="way" ref="865716339" role=""/>
  <member type="way" ref="865716336" role=""/>
  <member type="way" ref="88131425" role=""/>
  <member type="way" ref="667553325" role=""/>
  <member type="way" ref="658914476" role=""/>
  <member type="way" ref="675001502" role=""/>
  <member type="way" ref="667553328" role=""/>
  <member type="way" ref="667553331" role=""/>
  <member type="way" ref="674051834" role=""/>
  <member type="way" ref="667549700" role=""/>
  <member type="way" ref="667549703" role=""/>
  <member type="way" ref="667549706" role=""/>
  <member type="way" ref="353233839" role=""/>
  <member type="way" ref="679548709" role=""/>
  <member type="way" ref="667549709" role=""/>
  <member type="way" ref="231174186" role=""/>
  <member type="way" ref="686121119" role=""/>
  <member type="way" ref="658914481" role=""/>
  <member type="way" ref="931435234" role=""/>
  <member type="way" ref="658912966" role=""/>
  <member type="way" ref="658912963" role=""/>
  <member type="way" ref="122386380" role=""/>
  <member type="way" ref="658915861" role=""/>
  <member type="way" ref="667549716" role=""/>
  <member type="way" ref="667720093" role=""/>
  <member type="way" ref="1230182810" role=""/>
  <member type="way" ref="218611747" role=""/>
  <member type="way" ref="679549130" role=""/>
  <member type="way" ref="218611756" role=""/>
  <member type="way" ref="679548932" role=""/>
  <member type="way" ref="218611763" role=""/>
  <member type="way" ref="218611757" role=""/>
  <member type="way" ref="676287390" role=""/>
  <member type="way" ref="109900865" role=""/>
  <member type="way" ref="676287389" role=""/>
  <member type="way" ref="218410804" role=""/>
  <member type="way" ref="686117333" role=""/>
  <member type="way" ref="231094795" role=""/>
  <member type="way" ref="676287388" role=""/>
  <member type="way" ref="676287387" role=""/>
  <member type="way" ref="676287386" role=""/>
  <member type="way" ref="676287381" role=""/>
  <member type="way" ref="722463608" role=""/>
  <member type="way" ref="176782878" role=""/>
  <member type="way" ref="179784476" role=""/>
  <member type="way" ref="39674332" role=""/>
  <member type="way" ref="730451050" role=""/>
  <member type="way" ref="730451049" role=""/>
  <member type="way" ref="231095106" role=""/>
  <member type="way" ref="13224106" role=""/>
  <member type="way" ref="730451048" role=""/>
  <member type="way" ref="931574657" role=""/>
  <member type="way" ref="162533593" role=""/>
  <member type="way" ref="730166278" role=""/>
  <member type="way" ref="931574659" role=""/>
  <member type="way" ref="162533598" role=""/>
  <member type="way" ref="931574658" role=""/>
  <member type="way" ref="162533594" role=""/>
  <member type="way" ref="228416738" role=""/>
  <member type="way" ref="848007143" role=""/>
  <member type="way" ref="931576155" role=""/>
  <member type="way" ref="299706882" role=""/>
  <member type="way" ref="931576154" role=""/>
  <member type="way" ref="299706883" role=""/>
  <member type="way" ref="931576153" role=""/>
  <member type="way" ref="931576152" role=""/>
  <member type="way" ref="931576156" role=""/>
  <member type="way" ref="222742101" role=""/>
  <member type="way" ref="291881136" role=""/>
  <member type="way" ref="676287362" role=""/>
  <member type="way" ref="222742025" role=""/>
  <member type="way" ref="291881135" role=""/>
  <member type="way" ref="847998559" role=""/>
  <member type="way" ref="291880647" role=""/>
  <member type="way" ref="847998560" role=""/>
  <member type="way" ref="847998562" role=""/>
  <member type="way" ref="847998561" role=""/>
  <member type="way" ref="326761796" role=""/>
  <member type="way" ref="931580412" role=""/>
  <member type="way" ref="847998564" role=""/>
  <member type="way" ref="847998563" role=""/>
  <member type="way" ref="313540048" role=""/>
  <member type="way" ref="292950561" role=""/>
  <member type="way" ref="847998565" role=""/>
  <member type="way" ref="326761795" role=""/>
  <member type="way" ref="847998566" role=""/>
  <member type="way" ref="292950560" role=""/>
  <member type="way" ref="313540045" role=""/>
  <member type="way" ref="847998569" role=""/>
  <member type="way" ref="326761798" role=""/>
  <member type="way" ref="326761797" role=""/>
  <member type="way" ref="847992889" role=""/>
  <member type="way" ref="847992891" role=""/>
  <member type="way" ref="847992890" role=""/>
  <member type="way" ref="847992894" role=""/>
  <member type="way" ref="847992892" role=""/>
  <member type="way" ref="847992893" role=""/>
  <member type="way" ref="931580414" role=""/>
  <member type="way" ref="931580415" role=""/>
  <member type="way" ref="847992895" role=""/>
  <member type="way" ref="326763705" role=""/>
  <member type="way" ref="847992897" role=""/>
  <member type="way" ref="183944833" role=""/>
  <member type="way" ref="847992896" role=""/>
  <member type="way" ref="292174163" role=""/>
  <member type="way" ref="313539423" role=""/>
  <member type="way" ref="237037975" role=""/>
  <member type="way" ref="730166276" role=""/>
  <member type="way" ref="12223830" role=""/>
  <member type="way" ref="666778362" role=""/>
  <member type="way" ref="114254053" role=""/>
  <member type="way" ref="730166267" role=""/>
  <member type="way" ref="41983107" role=""/>
  <member type="way" ref="4960227" role=""/>
  <member type="way" ref="224667739" role=""/>
  <member type="way" ref="328011628" role=""/>
  <member type="way" ref="1112303155" role=""/>
  <member type="way" ref="1197469706" role=""/>
  <member type="way" ref="1192474657" role=""/>
  <member type="way" ref="1192473773" role=""/>
  <member type="way" ref="932236793" role=""/>
  <member type="way" ref="180016774" role=""/>
  <member type="way" ref="289187383" role=""/>
  <member type="way" ref="271375873" role=""/>
  <member type="way" ref="1282730270" role=""/>
  <member type="way" ref="270463346" role=""/>
  <member type="way" ref="271376003" role=""/>
  <member type="way" ref="298433068" role=""/>
  <member type="way" ref="847416394" role=""/>
  <member type="way" ref="307353414" role=""/>
  <member type="way" ref="709276722" role=""/>
  <member type="way" ref="709276721" role=""/>
  <member type="way" ref="223387137" role=""/>
  <member type="way" ref="223387136" role=""/>
  <member type="way" ref="223387140" role=""/>
  <member type="way" ref="223387138" role=""/>
  <member type="way" ref="223387135" role=""/>
  <member type="way" ref="1480100070" role=""/>
  <member type="way" ref="225409966" role=""/>
  <member type="way" ref="709276720" role=""/>
  <member type="way" ref="225409962" role=""/>
  <member type="way" ref="225409970" role=""/>
  <member type="way" ref="225409967" role=""/>
  <member type="way" ref="709276716" role=""/>
  <member type="way" ref="709276715" role=""/>
  <member type="way" ref="709276717" role=""/>
  <member type="way" ref="682450919" role=""/>
  <member type="way" ref="184614691" role=""/>
  <member type="way" ref="721152688" role=""/>
  <member type="way" ref="270458823" role=""/>
  <member type="way" ref="270457654" role=""/>
  <member type="way" ref="1255173870" role=""/>
  <member type="way" ref="1247260522" role=""/>
  <member type="way" ref="1247260519" role=""/>
  <member type="way" ref="726506869" role=""/>
  <member type="way" ref="726506868" role=""/>
  <member type="way" ref="726506867" role=""/>
  <member type="way" ref="726506866" role=""/>
  <member type="way" ref="407988697" role=""/>
  <member type="way" ref="721148133" role=""/>
  <member type="way" ref="607294514" role=""/>
  <member type="way" ref="715039771" role=""/>
  <member type="way" ref="404693513" role=""/>
  <member type="way" ref="715039773" role=""/>
  <member type="way" ref="1153240920" role=""/>
  <member type="way" ref="855430926" role=""/>
  <member type="way" ref="198689057" role=""/>
  <member type="way" ref="721145554" role=""/>
  <member type="way" ref="721145557" role=""/>
  <member type="way" ref="721145556" role=""/>
  <member type="way" ref="721145555" role=""/>
  <member type="way" ref="726003069" role=""/>
  <member type="way" ref="320697519" role=""/>
  <member type="way" ref="262117739" role=""/>
  <member type="way" ref="184134918" role=""/>
  <member type="way" ref="184134921" role=""/>
  <member type="way" ref="184134917" role=""/>
  <member type="way" ref="184134916" role=""/>
  <member type="way" ref="217352131" role=""/>
  <member type="way" ref="780893425" role=""/>
  <member type="way" ref="222759331" role=""/>
  <member type="way" ref="222759332" role=""/>
  <member type="way" ref="287037180" role=""/>
  <member type="way" ref="726526297" role=""/>
  <member type="way" ref="726526296" role=""/>
  <member type="way" ref="726526295" role=""/>
  <member type="way" ref="726526294" role=""/>
  <member type="way" ref="726526293" role=""/>
  <member type="way" ref="726526292" role=""/>
  <member type="way" ref="726526291" role=""/>
  <member type="way" ref="726526290" role=""/>
  <member type="way" ref="726526289" role=""/>
  <member type="way" ref="726526288" role=""/>
  <member type="way" ref="220323402" role=""/>
  <member type="way" ref="311809241" role=""/>
  <member type="way" ref="348335226" role=""/>
  <member type="way" ref="348335229" role=""/>
  <member type="way" ref="1086250969" role=""/>
  <member type="way" ref="1282476327" role=""/>
  <member type="way" ref="1107093277" role=""/>
  <member type="way" ref="1107093278" role=""/>
  <member type="way" ref="1107093280" role=""/>
  <member type="way" ref="1107093281" role=""/>
  <member type="way" ref="1107093282" role=""/>
  <member type="way" ref="1114850063" role=""/>
  <member type="way" ref="1115152819" role=""/>
  <member type="way" ref="1114850062" role=""/>
  <member type="way" ref="1138002355" role=""/>
  <member type="way" ref="1138000007" role=""/>
  <member type="way" ref="1138000006" role=""/>
  <member type="way" ref="1138604594" role=""/>
  <member type="way" ref="1138000010" role=""/>
  <member type="way" ref="1107424503" role=""/>
  <member type="way" ref="311809242" role=""/>
  <member type="way" ref="1138002356" role=""/>
  <member type="way" ref="319009065" role=""/>
  <member type="way" ref="1086246689" role=""/>
  <member type="way" ref="1107424499" role=""/>
  <member type="way" ref="1107424498" role=""/>
  <member type="way" ref="1107424497" role=""/>
  <member type="way" ref="555628049" role=""/>
  <member type="way" ref="1107424495" role=""/>
  <member type="way" ref="855398892" role=""/>
  <member type="way" ref="855398893" role=""/>
  <member type="way" ref="555898862" role=""/>
  <member type="way" ref="1107424507" role=""/>
  <member type="way" ref="855398894" role=""/>
  <member type="way" ref="855395188" role=""/>
  <member type="way" ref="855398895" role=""/>
  <member type="way" ref="855395189" role=""/>
  <member type="way" ref="430289047" role=""/>
  <member type="way" ref="855395192" role=""/>
  <member type="way" ref="855395191" role=""/>
  <member type="way" ref="319005202" role=""/>
  <member type="way" ref="319005201" role=""/>
  <member type="way" ref="717272803" role=""/>
  <member type="way" ref="717272802" role=""/>
  <member type="way" ref="292380482" role=""/>
  <member type="way" ref="855326683" role=""/>
  <member type="way" ref="221796499" role=""/>
  <member type="way" ref="221796498" role=""/>
  <member type="way" ref="1197898677" role=""/>
  <member type="way" ref="1282468116" role=""/>
  <member type="way" ref="1197898678" role=""/>
  <member type="way" ref="292380483" role=""/>
  <member type="way" ref="855323250" role=""/>
  <member type="way" ref="855323252" role=""/>
  <member type="way" ref="721114812" role=""/>
  <member type="way" ref="855323251" role=""/>
  <member type="way" ref="721114811" role=""/>
  <member type="way" ref="721114810" role=""/>
  <member type="way" ref="48778634" role=""/>
  <member type="way" ref="1245640078" role=""/>
  <member type="way" ref="1245640079" role=""/>
  <member type="way" ref="855315278" role=""/>
  <member type="way" ref="855315279" role=""/>
  <member type="way" ref="855315280" role=""/>
  <member type="way" ref="855314213" role=""/>
  <member type="way" ref="855314215" role=""/>
  <member type="way" ref="855314214" role=""/>
  <member type="way" ref="303387104" role=""/>
  <member type="way" ref="855313192" role=""/>
  <member type="way" ref="855313191" role=""/>
  <member type="way" ref="1282468117" role=""/>
  <member type="way" ref="855308695" role=""/>
  <member type="way" ref="292380481" role=""/>
  <member type="way" ref="855308696" role=""/>
  <member type="way" ref="303387102" role=""/>
  <member type="way" ref="1549618670" role=""/>
  <member type="way" ref="1086220844" role=""/>
  <member type="way" ref="1221582086" role=""/>
  <member type="way" ref="1549618668" role=""/>
  <member type="way" ref="292380480" role=""/>
  <member type="way" ref="1523472816" role=""/>
  <member type="way" ref="183268676" role=""/>
  <member type="way" ref="404011699" role=""/>
  <member type="way" ref="1086220842" role=""/>
  <member type="way" ref="183268679" role=""/>
  <member type="way" ref="292129399" role=""/>
  <member type="way" ref="292129398" role=""/>
  <member type="way" ref="693526983" role=""/>
  <member type="way" ref="232834506" role=""/>
  <member type="way" ref="1086218704" role=""/>
  <member type="way" ref="1086220841" role=""/>
  <member type="way" ref="292380484" role=""/>
  <member type="way" ref="854217974" role=""/>
  <member type="way" ref="854217659" role=""/>
  <member type="way" ref="854217660" role=""/>
  <member type="way" ref="854217661" role=""/>
  <member type="way" ref="292129346" role=""/>
  <member type="way" ref="1086218705" role=""/>
  <member type="way" ref="242940404" role=""/>
  <member type="way" ref="242940403" role=""/>
  <member type="way" ref="183268627" role=""/>
  <member type="way" ref="183268641" role=""/>
  <member type="way" ref="183268644" role=""/>
  <member type="way" ref="183268631" role=""/>
  <member type="way" ref="687848918" role=""/>
  <member type="way" ref="183268667" role=""/>
  <member type="way" ref="183268665" role=""/>
  <member type="way" ref="1086210297" role=""/>
  <member type="way" ref="303387101" role=""/>
  <member type="way" ref="319004169" role=""/>
  <member type="way" ref="687848919" role=""/>
  <member type="way" ref="687849361" role=""/>
  <member type="way" ref="687849362" role=""/>
  <member type="way" ref="687848917" role=""/>
  <member type="way" ref="183268638" role=""/>
  <member type="way" ref="183268654" role=""/>
  <member type="way" ref="1173157907" role=""/>
  <member type="way" ref="183268645" role=""/>
  <member type="way" ref="183268658" role=""/>
  <member type="way" ref="292128855" role=""/>
  <member type="way" ref="292128837" role=""/>
  <member type="way" ref="292128836" role=""/>
  <member type="way" ref="31740288" role=""/>
  <member type="way" ref="183268620" role=""/>
  <member type="way" ref="183268615" role=""/>
  <member type="way" ref="1024486553" role=""/>
  <member type="way" ref="1024486549" role=""/>
  <member type="way" ref="1024486551" role=""/>
  <member type="way" ref="854213832" role=""/>
  <member type="way" ref="854213833" role=""/>
  <member type="way" ref="854213834" role=""/>
  <member type="way" ref="854213835" role=""/>
  <member type="way" ref="183268617" role=""/>
  <member type="way" ref="1118841827" role=""/>
  <member type="way" ref="183268623" role=""/>
  <member type="way" ref="222891887" role=""/>
  <member type="way" ref="183268618" role=""/>
  <member type="way" ref="222891890" role=""/>
  <member type="way" ref="372363222" role=""/>
  <member type="way" ref="372363223" role=""/>
  <member type="way" ref="372363224" role=""/>
  <member type="way" ref="854213837" role=""/>
  <member type="way" ref="1456750212" role=""/>
  <member type="way" ref="1456750213" role=""/>
  <member type="way" ref="854213838" role=""/>
  <member type="way" ref="372363220" role=""/>
  <member type="way" ref="854211892" role=""/>
  <member type="way" ref="721107986" role=""/>
  <member type="way" ref="721107985" role=""/>
  <member type="way" ref="854211453" role=""/>
  <member type="way" ref="31740531" role=""/>
  <member type="way" ref="779545644" role=""/>
  <member type="way" ref="671935122" role=""/>
  <member type="way" ref="31740626" role=""/>
  <member type="way" ref="1120084411" role=""/>
  <member type="way" ref="1120084410" role=""/>
  <member type="way" ref="671935119" role=""/>
  <member type="way" ref="23853731" role=""/>
  <member type="way" ref="779545643" role=""/>
  <member type="way" ref="397977421" role=""/>
  <member type="way" ref="442537600" role=""/>
  <member type="way" ref="392560699" role=""/>
  <member type="way" ref="31742007" role=""/>
  <member type="way" ref="865716342" role=""/>
  <member type="way" ref="865716341" role=""/>
  <member type="way" ref="319003985" role=""/>
  <member type="way" ref="237301121" role=""/>
  <member type="way" ref="31741997" role=""/>
  <member type="way" ref="1051160015" role=""/>
  <member type="way" ref="304945512" role=""/>
  <member type="way" ref="1280479123" role=""/>
  <member type="way" ref="1280798335" role=""/>
  <member type="way" ref="1447354426" role=""/>
  <member type="way" ref="1447354425" role=""/>
  <member type="way" ref="1280479129" role=""/>
  <member type="way" ref="221207322" role=""/>
  <member type="way" ref="231142881" role=""/>
  <member type="way" ref="183294222" role=""/>
  <member type="way" ref="183294223" role=""/>
  <member type="way" ref="292128140" role=""/>
  <member type="way" ref="1282459156" role=""/>
  <member type="way" ref="1282459155" role=""/>
  <member type="way" ref="224520948" role=""/>
  <member type="way" ref="224520950" role=""/>
  <member type="way" ref="224520949" role=""/>
  <member type="way" ref="224520945" role=""/>
  <member type="way" ref="1282459157" role=""/>
  <member type="way" ref="224520947" role=""/>
  <member type="way" ref="691200946" role=""/>
  <member type="way" ref="691200947" role=""/>
  <member type="way" ref="691203858" role=""/>
  <member type="way" ref="319406679" role=""/>
  <member type="way" ref="319406682" role=""/>
  <member type="way" ref="691203860" role=""/>
  <member type="way" ref="1282459158" role=""/>
  <member type="way" ref="691203861" role=""/>
  <member type="way" ref="691203859" role=""/>
  <member type="way" ref="854208225" role=""/>
  <member type="way" ref="854208226" role=""/>
  <member type="way" ref="854208227" role=""/>
  <member type="way" ref="867295642" role=""/>
  <member type="way" ref="392592252" role=""/>
  <member type="way" ref="1051398079" role=""/>
  <member type="way" ref="319406680" role=""/>
  <member type="way" ref="319406681" role=""/>
  <member type="way" ref="1282459159" role=""/>
  <member type="way" ref="319003707" role=""/>
  <member type="way" ref="691206233" role=""/>
  <member type="way" ref="1153326359" role=""/>
  <member type="way" ref="1088916334" role=""/>
  <member type="way" ref="1088916336" role=""/>
  <member type="way" ref="1153340128" role=""/>
  <member type="way" ref="1282459160" role=""/>
  <member type="way" ref="779545508" role=""/>
  <member type="way" ref="1282459161" role=""/>
  <member type="way" ref="1088916337" role=""/>
  <member type="way" ref="1051398078" role=""/>
  <member type="way" ref="396198168" role=""/>
  <member type="way" ref="396198169" role=""/>
  <member type="way" ref="691346542" role=""/>
  <member type="way" ref="35355497" role=""/>
  <member type="way" ref="1093792243" role=""/>
  <member type="way" ref="35355498" role=""/>
  <member type="way" ref="973278725" role=""/>
  <member type="way" ref="345032833" role=""/>
  <member type="way" ref="319003708" role=""/>
  <member type="way" ref="691348204" role=""/>
  <member type="way" ref="1282459162" role=""/>
  <member type="way" ref="29696198" role=""/>
  <member type="way" ref="183303220" role=""/>
  <member type="way" ref="183303215" role=""/>
  <member type="way" ref="183303216" role=""/>
  <member type="way" ref="183303218" role=""/>
  <member type="way" ref="292098990" role=""/>
  <member type="way" ref="31739026" role=""/>
  <member type="way" ref="292127220" role=""/>
  <member type="way" ref="1092895666" role=""/>
  <member type="way" ref="319943500" role=""/>
  <member type="way" ref="1085814026" role=""/>
  <member type="way" ref="854199256" role=""/>
  <member type="way" ref="183303254" role=""/>
  <member type="way" ref="1085814025" role=""/>
  <member type="way" ref="183303255" role=""/>
  <member type="way" ref="13328103" role=""/>
  <member type="way" ref="31739042" role=""/>
  <member type="way" ref="292127302" role=""/>
  <member type="way" ref="292098829" role=""/>
  <member type="way" ref="1076060732" role=""/>
  <member type="way" ref="998180279" role=""/>
  <member type="way" ref="1442091274" role=""/>
  <member type="way" ref="1173534303" role=""/>
  <member type="way" ref="1442091275" role=""/>
  <member type="way" ref="294060786" role=""/>
  <member type="way" ref="93591760" role=""/>
  <member type="way" ref="224780657" role=""/>
  <member type="way" ref="1085813699" role=""/>
  <member type="way" ref="1282459165" role=""/>
  <member type="way" ref="31748062" role=""/>
  <member type="way" ref="1282459166" role=""/>
  <member type="way" ref="528347092" role=""/>
  <member type="way" ref="224769240" role=""/>
  <member type="way" ref="973273384" role=""/>
  <member type="way" ref="319605825" role=""/>
  <member type="way" ref="973273383" role=""/>
  <member type="way" ref="319605833" role=""/>
  <member type="way" ref="397201969" role=""/>
  <member type="way" ref="1282459167" role=""/>
  <member type="way" ref="691375353" role=""/>
  <member type="way" ref="973273382" role=""/>
  <member type="way" ref="973273381" role=""/>
  <member type="way" ref="397201965" role=""/>
  <member type="way" ref="411236575" role=""/>
  <member type="way" ref="411236574" role=""/>
  <member type="way" ref="694464011" role=""/>
  <member type="way" ref="694464012" role=""/>
  <member type="way" ref="48779714" role=""/>
  <member type="way" ref="1457015932" role=""/>
  <member type="way" ref="1457015931" role=""/>
  <member type="way" ref="263253886" role=""/>
  <member type="way" ref="355937094" role=""/>
  <member type="way" ref="263253884" role=""/>
  <member type="way" ref="1282438283" role=""/>
  <member type="way" ref="224677795" role=""/>
  <member type="way" ref="1457015933" role=""/>
  <member type="way" ref="1457015934" role=""/>
  <member type="way" ref="31747995" role=""/>
  <member type="way" ref="1282438284" role=""/>
  <member type="way" ref="1092367447" role=""/>
  <member type="way" ref="1282438282" role=""/>
  <member type="way" ref="263247254" role=""/>
  <member type="way" ref="1092367446" role=""/>
  <member type="way" ref="858186817" role=""/>
  <member type="way" ref="263247256" role=""/>
  <member type="way" ref="1457015936" role=""/>
  <member type="way" ref="1457015935" role=""/>
  <member type="way" ref="263247259" role=""/>
  <member type="way" ref="1282438281" role=""/>
  <member type="way" ref="373857839" role=""/>
  <member type="way" ref="1079696553" role=""/>
  <member type="way" ref="263247258" role=""/>
  <member type="way" ref="1457015955" role=""/>
  <member type="way" ref="1457015956" role=""/>
  <member type="way" ref="263247260" role=""/>
  <member type="way" ref="27751985" role=""/>
  <member type="way" ref="27751984" role=""/>
  <member type="way" ref="218556653" role=""/>
  <member type="way" ref="1173534819" role=""/>
  <member type="way" ref="423063714" role=""/>
  <member type="way" ref="423063715" role=""/>
  <member type="way" ref="1096237764" role=""/>
  <member type="way" ref="1096237765" role=""/>
  <member type="way" ref="363780475" role=""/>
  <member type="way" ref="858186816" role=""/>
  <member type="way" ref="858186815" role=""/>
  <member type="way" ref="858186814" role=""/>
  <member type="way" ref="218556781" role=""/>
  <member type="way" ref="1282438285" role=""/>
  <member type="way" ref="777092766" role=""/>
  <member type="way" ref="777092767" role=""/>
  <member type="way" ref="218556780" role=""/>
  <member type="way" ref="27314362" role=""/>
  <member type="way" ref="27314363" role=""/>
  <member type="way" ref="1309943148" role=""/>
  <member type="way" ref="218556779" role=""/>
  <member type="way" ref="998169557" role=""/>
  <member type="way" ref="1173178797" role=""/>
  <member type="way" ref="174466789" role=""/>
  <member type="way" ref="998169555" role=""/>
  <member type="way" ref="174466784" role=""/>
  <member type="way" ref="218557627" role=""/>
  <member type="way" ref="1281408615" role=""/>
  <member type="way" ref="183315561" role=""/>
  <member type="way" ref="13337141" role=""/>
  <member type="way" ref="1092298440" role=""/>
  <member type="way" ref="23261834" role=""/>
  <member type="way" ref="23597766" role=""/>
  <member type="way" ref="217836504" role=""/>
  <member type="way" ref="1235285783" role=""/>
  <member type="way" ref="23597745" role=""/>
  <member type="way" ref="357228631" role=""/>
  <member type="way" ref="694682538" role=""/>
  <member type="way" ref="694682539" role=""/>
  <member type="way" ref="13813408" role=""/>
  <member type="way" ref="856702890" role=""/>
  <member type="way" ref="224897359" role=""/>
  <member type="way" ref="31794359" role=""/>
  <member type="way" ref="48408754" role=""/>
  <member type="way" ref="1155815793" role=""/>
  <member type="way" ref="222016015" role=""/>
  <member type="way" ref="217836503" role=""/>
  <member type="way" ref="387072606" role=""/>
  <member type="way" ref="387072607" role=""/>
  <member type="way" ref="327582634" role=""/>
  <member type="way" ref="227464193" role=""/>
  <member type="way" ref="227464191" role=""/>
  <member type="way" ref="227464194" role=""/>
  <member type="way" ref="227464192" role=""/>
  <member type="way" ref="43317149" role=""/>
  <member type="way" ref="43317143" role=""/>
  <member type="way" ref="1139035613" role=""/>
  <member type="way" ref="1139035612" role=""/>
  <member type="way" ref="43317145" role=""/>
  <member type="way" ref="43317146" role=""/>
  <member type="way" ref="28306291" role=""/>
  <member type="way" ref="263088531" role=""/>
  <member type="way" ref="358554878" role=""/>
  <member type="way" ref="222009711" role=""/>
  <member type="way" ref="242692031" role=""/>
  <member type="way" ref="824505331" role=""/>
  <member type="way" ref="42305813" role=""/>
  <member type="way" ref="226246045" role=""/>
  <member type="way" ref="226246044" role=""/>
  <member type="way" ref="1077618302" role=""/>
  <member type="way" ref="262754512" role=""/>
  <member type="way" ref="683480666" role=""/>
  <member type="way" ref="360828476" role=""/>
  <member type="way" ref="242692121" role=""/>
  <member type="way" ref="1077618301" role=""/>
  <member type="way" ref="222005336" role=""/>
  <member type="way" ref="27704862" role=""/>
  <member type="way" ref="537643518" role=""/>
  <member type="way" ref="27616229" role=""/>
  <member type="way" ref="758019676" role=""/>
  <member type="way" ref="1163069808" role=""/>
  <member type="way" ref="324815242" role=""/>
  <member type="way" ref="42317768" role=""/>
  <member type="way" ref="27004283" role=""/>
  <member type="way" ref="27250096" role=""/>
  <member type="way" ref="27005434" role=""/>
  <member type="way" ref="1066693016" role=""/>
  <member type="way" ref="358548768" role=""/>
  <member type="way" ref="132372958" role=""/>
  <member type="way" ref="360828475" role=""/>
  <member type="way" ref="360828473" role=""/>
  <member type="way" ref="132372954" role=""/>
  <member type="way" ref="1293564315" role=""/>
  <member type="way" ref="132372957" role=""/>
  <member type="way" ref="1293564314" role=""/>
  <member type="way" ref="1293564313" role=""/>
  <member type="way" ref="1293564312" role=""/>
  <member type="way" ref="27250099" role=""/>
  <member type="way" ref="335713854" role=""/>
  <member type="way" ref="23241285" role=""/>
  <member type="way" ref="1067070780" role=""/>
  <member type="way" ref="262637056" role=""/>
  <member type="way" ref="1067070779" role=""/>
  <member type="way" ref="703847349" role=""/>
  <member type="way" ref="335713853" role=""/>
  <member type="way" ref="25024541" role=""/>
  <member type="way" ref="25024551" role=""/>
  <member type="way" ref="1294689626" role=""/>
  <member type="way" ref="251159041" role=""/>
  <member type="way" ref="360828472" role=""/>
  <member type="way" ref="330842483" role=""/>
  <member type="way" ref="612229162" role=""/>
  <member type="way" ref="243045373" role=""/>
  <member type="way" ref="251158444" role=""/>
  <member type="way" ref="314852073" role=""/>
  <member type="way" ref="671962969" role=""/>
  <member type="way" ref="671962968" role=""/>
  <member type="way" ref="251154941" role=""/>
  <member type="way" ref="314852071" role=""/>
  <member type="way" ref="314852072" role=""/>
  <member type="way" ref="855939151" role=""/>
  <member type="way" ref="612985617" role=""/>
  <member type="way" ref="251155507" role=""/>
  <member type="way" ref="263104790" role=""/>
  <member type="way" ref="1155795745" role=""/>
  <member type="way" ref="1155795744" role=""/>
  <member type="way" ref="1155795743" role=""/>
  <member type="way" ref="75262055" role=""/>
  <member type="way" ref="190272746" role=""/>
  <member type="way" ref="1141315464" role=""/>
  <member type="way" ref="703913729" role=""/>
  <member type="way" ref="23317379" role=""/>
  <member type="way" ref="25028293" role=""/>
  <member type="way" ref="1123615023" role=""/>
  <member type="way" ref="1123615022" role=""/>
  <member type="way" ref="23317437" role=""/>
  <member type="way" ref="1142489596" role=""/>
  <member type="way" ref="1142489594" role=""/>
  <member type="way" ref="225221359" role=""/>
  <member type="way" ref="361942628" role=""/>
  <member type="way" ref="370048047" role=""/>
  <member type="way" ref="26779936" role=""/>
  <member type="way" ref="248914796" role=""/>
  <member type="way" ref="285353668" role=""/>
  <member type="way" ref="1190486919" role=""/>
  <member type="way" ref="284927184" role=""/>
  <member type="way" ref="285354770" role=""/>
  <member type="way" ref="326493936" role=""/>
  <member type="way" ref="231500613" role=""/>
  <member type="way" ref="683328767" role=""/>
  <member type="way" ref="612239153" role=""/>
  <member type="way" ref="683328766" role=""/>
  <member type="way" ref="230303093" role=""/>
  <member type="way" ref="1190486912" role=""/>
  <member type="way" ref="23317331" role=""/>
  <member type="way" ref="326493935" role=""/>
  <member type="way" ref="229643933" role=""/>
  <member type="way" ref="229643935" role=""/>
  <member type="way" ref="229643934" role=""/>
  <member type="way" ref="24271438" role=""/>
  <member type="way" ref="229810468" role=""/>
  <member type="way" ref="362791873" role=""/>
  <member type="way" ref="229810478" role=""/>
  <member type="way" ref="865716348" role=""/>
  <member type="way" ref="993923654" role=""/>
  <member type="way" ref="993923655" role=""/>
  <member type="way" ref="993992166" role=""/>
  <member type="way" ref="28869521" role=""/>
  <member type="way" ref="263804218" role=""/>
  <member type="way" ref="1498947549" role=""/>
  <member type="way" ref="1503411469" role=""/>
  <member type="way" ref="994994674" role=""/>
  <member type="way" ref="1135688000" role=""/>
  <member type="way" ref="360844259" role=""/>
  <member type="way" ref="217659410" role=""/>
  <member type="way" ref="362791873" role=""/>
  <member type="way" ref="53084748" role=""/>
  <member type="way" ref="856763371" role=""/>
  <member type="way" ref="217657761" role=""/>
  <member type="way" ref="978063183" role=""/>
  <member type="way" ref="703816167" role=""/>
  <member type="way" ref="1149513256" role=""/>
  <member type="way" ref="703816163" role=""/>
  <member type="way" ref="226422080" role=""/>
  <member type="way" ref="1225615735" role=""/>
  <member type="way" ref="1225615738" role=""/>
  <member type="way" ref="23379247" role=""/>
  <member type="way" ref="25361438" role=""/>
  <member type="way" ref="226422078" role=""/>
  <member type="way" ref="23379248" role=""/>
  <member type="way" ref="362108767" role=""/>
  <member type="way" ref="683330346" role=""/>
  <member type="way" ref="179898101" role=""/>
  <member type="way" ref="539423977" role=""/>
  <member type="way" ref="539423976" role=""/>
  <member type="way" ref="539423975" role=""/>
  <member type="way" ref="179898100" role=""/>
  <member type="way" ref="251123889" role=""/>
  <member type="way" ref="89526904" role=""/>
  <member type="way" ref="251123888" role=""/>
  <member type="way" ref="249859896" role=""/>
  <member type="way" ref="546525290" role=""/>
  <member type="way" ref="546529015" role=""/>
  <member type="way" ref="546529017" role=""/>
  <member type="way" ref="546529016" role=""/>
  <member type="way" ref="546529014" role=""/>
  <member type="way" ref="703809120" role=""/>
  <member type="way" ref="546539382" role=""/>
  <member type="way" ref="546539379" role=""/>
  <member type="way" ref="249860515" role=""/>
  <member type="way" ref="546539378" role=""/>
  <member type="way" ref="546540369" role=""/>
  <member type="way" ref="89526903" role=""/>
  <member type="way" ref="546540368" role=""/>
  <member type="way" ref="27183716" role=""/>
  <member type="way" ref="1155997762" role=""/>
  <member type="way" ref="1312808167" role=""/>
  <member type="way" ref="1312808168" role=""/>
  <member type="way" ref="25957495" role=""/>
  <member type="way" ref="546559314" role=""/>
  <member type="way" ref="25957492" role=""/>
  <member type="way" ref="1114883107" role=""/>
  <member type="way" ref="546559313" role=""/>
  <member type="way" ref="44500587" role=""/>
  <member type="way" ref="546562123" role=""/>
  <member type="way" ref="546562119" role=""/>
  <member type="way" ref="546562118" role=""/>
  <member type="way" ref="546582661" role=""/>
  <member type="way" ref="546582660" role=""/>
  <member type="way" ref="546582659" role=""/>
  <member type="way" ref="218132011" role=""/>
  <member type="way" ref="547284082" role=""/>
  <member type="way" ref="169763940" role=""/>
  <member type="way" ref="240105274" role=""/>
  <member type="way" ref="37117383" role=""/>
  <member type="way" ref="240105833" role=""/>
  <member type="way" ref="37117395" role=""/>
  <member type="way" ref="89526902" role=""/>
  <member type="way" ref="857204723" role=""/>
  <member type="way" ref="547315217" role=""/>
  <member type="way" ref="547315218" role=""/>
  <member type="way" ref="824476603" role=""/>
  <member type="way" ref="547315216" role=""/>
  <member type="way" ref="840864505" role=""/>
  <member type="way" ref="840864506" role=""/>
  <member type="way" ref="547315212" role=""/>
  <member type="way" ref="857242743" role=""/>
  <member type="way" ref="857242744" role=""/>
  <member type="way" ref="333900768" role=""/>
  <member type="way" ref="547431438" role=""/>
  <member type="way" ref="333900811" role=""/>
  <member type="way" ref="1156001303" role=""/>
  <member type="way" ref="333900797" role=""/>
  <member type="way" ref="333900809" role=""/>
  <member type="way" ref="179180726" role=""/>
  <member type="way" ref="179180724" role=""/>
  <member type="way" ref="547461077" role=""/>
  <member type="way" ref="333900807" role=""/>
  <member type="way" ref="247862260" role=""/>
  <member type="way" ref="25615897" role=""/>
  <member type="way" ref="1192895692" role=""/>
  <member type="way" ref="1192895691" role=""/>
  <member type="way" ref="333900786" role=""/>
  <member type="way" ref="547520441" role=""/>
  <member type="way" ref="547520440" role=""/>
  <member type="way" ref="703278626" role=""/>
  <member type="way" ref="548436839" role=""/>
  <member type="way" ref="703278624" role=""/>
  <member type="way" ref="995550112" role=""/>
  <member type="way" ref="25615900" role=""/>
  <member type="way" ref="995550114" role=""/>
  <member type="way" ref="24013283" role=""/>
  <member type="way" ref="328746936" role=""/>
  <member type="way" ref="335648052" role=""/>
  <member type="way" ref="1312763589" role=""/>
  <member type="way" ref="1312763590" role=""/>
  <member type="way" ref="548632076" role=""/>
  <member type="way" ref="1312763587" role=""/>
  <member type="way" ref="1312763591" role=""/>
  <member type="way" ref="548632074" role=""/>
  <member type="way" ref="365651537" role=""/>
  <member type="way" ref="247859516" role=""/>
  <member type="way" ref="1312807643" role=""/>
  <member type="way" ref="1312763622" role=""/>
  <member type="way" ref="1312763626" role=""/>
  <member type="way" ref="248775464" role=""/>
  <member type="way" ref="858427741" role=""/>
  <member type="way" ref="247859517" role=""/>
  <member type="way" ref="365651527" role=""/>
  <member type="way" ref="365651515" role=""/>
  <member type="way" ref="1312807642" role=""/>
  <member type="way" ref="858427738" role=""/>
  <member type="way" ref="117158452" role=""/>
  <member type="way" ref="1312763598" role=""/>
  <member type="way" ref="117158454" role=""/>
  <member type="way" ref="1312807641" role=""/>
  <member type="way" ref="365651523" role=""/>
  <member type="way" ref="1312429687" role=""/>
  <member type="way" ref="117158451" role=""/>
  <member type="way" ref="1312429683" role=""/>
  <member type="way" ref="117158453" role=""/>
  <member type="way" ref="1312429679" role=""/>
  <member type="way" ref="1312429678" role=""/>
  <member type="way" ref="858427735" role=""/>
  <member type="way" ref="1312763605" role=""/>
  <member type="way" ref="858427734" role=""/>
  <member type="way" ref="858427732" role=""/>
  <member type="way" ref="89524416" role=""/>
  <member type="way" ref="180288422" role=""/>
  <member type="way" ref="180288425" role=""/>
  <member type="way" ref="858427730" role=""/>
  <member type="way" ref="858427729" role=""/>
  <member type="way" ref="89524440" role=""/>
  <member type="way" ref="89524437" role=""/>
  <member type="way" ref="89524451" role=""/>
  <member type="way" ref="1312805981" role=""/>
  <member type="way" ref="175759200" role=""/>
  <member type="way" ref="1312805982" role=""/>
  <member type="way" ref="548633708" role=""/>
  <member type="way" ref="858427727" role=""/>
  <member type="way" ref="548633707" role=""/>
  <member type="way" ref="858427725" role=""/>
  <member type="way" ref="858442399" role=""/>
  <member type="way" ref="858442400" role=""/>
  <member type="way" ref="858442398" role=""/>
  <member type="way" ref="175759199" role=""/>
  <member type="way" ref="858442397" role=""/>
  <member type="way" ref="548633693" role=""/>
  <member type="way" ref="548633692" role=""/>
  <member type="way" ref="1311263577" role=""/>
  <member type="way" ref="1312805983" role=""/>
  <member type="way" ref="1312805984" role=""/>
  <member type="way" ref="628976832" role=""/>
  <member type="way" ref="1312806011" role=""/>
  <member type="way" ref="1312806012" role=""/>
  <member type="way" ref="628976831" role=""/>
  <member type="way" ref="858446592" role=""/>
  <member type="way" ref="858446591" role=""/>
  <member type="way" ref="1312806031" role=""/>
  <member type="way" ref="1312806032" role=""/>
  <member type="way" ref="1312806034" role=""/>
  <member type="way" ref="961365992" role=""/>
  <member type="way" ref="1312806035" role=""/>
  <member type="way" ref="961365993" role=""/>
  <member type="way" ref="1311263571" role=""/>
  <member type="way" ref="1311263572" role=""/>
  <member type="way" ref="1312806054" role=""/>
  <member type="way" ref="1312806055" role=""/>
  <member type="way" ref="1312806056" role=""/>
  <member type="way" ref="89524428" role=""/>
  <member type="way" ref="1312807639" role=""/>
  <member type="way" ref="333902700" role=""/>
  <member type="way" ref="1312806057" role=""/>
  <member type="way" ref="858458508" role=""/>
  <member type="way" ref="333902698" role=""/>
  <member type="way" ref="1312806059" role=""/>
  <member type="way" ref="1476960085" role=""/>
  <member type="way" ref="1312806063" role=""/>
  <member type="way" ref="1312806058" role=""/>
  <member type="way" ref="1312806064" role=""/>
  <member type="way" ref="1476658628" role=""/>
  <member type="way" ref="1476658629" role=""/>
  <member type="way" ref="1307971245" role=""/>
  <member type="way" ref="1312806086" role=""/>
  <member type="way" ref="1307971246" role=""/>
  <member type="way" ref="1312806089" role=""/>
  <member type="way" ref="333902702" role=""/>
  <member type="way" ref="1312806095" role=""/>
  <member type="way" ref="1312806092" role=""/>
  <member type="way" ref="1312806091" role=""/>
  <member type="way" ref="1312806093" role=""/>
  <member type="way" ref="1307837584" role=""/>
  <member type="way" ref="1307837583" role=""/>
  <member type="way" ref="1312806096" role=""/>
  <member type="way" ref="1312806102" role=""/>
  <member type="way" ref="1307837581" role=""/>
  <member type="way" ref="1312806103" role=""/>
  <member type="way" ref="365651524" role=""/>
  <member type="way" ref="1312806110" role=""/>
  <member type="way" ref="89524448" role=""/>
  <member type="way" ref="858458505" role=""/>
  <member type="way" ref="1168791089" role=""/>
  <member type="way" ref="117161115" role=""/>
  <member type="way" ref="1168794607" role=""/>
  <member type="way" ref="858458502" role=""/>
  <member type="way" ref="858458503" role=""/>
  <member type="way" ref="858458504" role=""/>
  <member type="way" ref="858458501" role=""/>
  <member type="way" ref="117161039" role=""/>
  <member type="way" ref="1307088587" role=""/>
  <member type="way" ref="89524418" role=""/>
  <member type="way" ref="117161094" role=""/>
  <member type="way" ref="175706678" role=""/>
  <member type="way" ref="548635071" role=""/>
  <member type="way" ref="175706676" role=""/>
  <member type="way" ref="117161129" role=""/>
  <member type="way" ref="1246303757" role=""/>
  <member type="way" ref="1246303756" role=""/>
  <member type="way" ref="365652210" role=""/>
  <member type="way" ref="548751751" role=""/>
  <member type="way" ref="333912688" role=""/>
  <member type="way" ref="333912687" role=""/>
  <member type="way" ref="702719955" role=""/>
  <member type="way" ref="247903972" role=""/>
  <member type="way" ref="1246303752" role=""/>
  <member type="way" ref="1246303753" role=""/>
  <member type="way" ref="548751747" role=""/>
  <member type="way" ref="702719957" role=""/>
  <member type="way" ref="1346984642" role=""/>
  <member type="way" ref="702719962" role=""/>
  <member type="way" ref="1211279815" role=""/>
  <member type="way" ref="702719960" role=""/>
  <member type="way" ref="1246845475" role=""/>
  <member type="way" ref="89524443" role=""/>
  <member type="way" ref="183742672" role=""/>
  <member type="way" ref="858563800" role=""/>
  <member type="way" ref="1246830340" role=""/>
  <member type="way" ref="858563801" role=""/>
  <member type="way" ref="89524410" role=""/>
  <member type="way" ref="1246300574" role=""/>
  <member type="way" ref="858515196" role=""/>
  <member type="way" ref="858515197" role=""/>
  <member type="way" ref="175706679" role=""/>
  <member type="way" ref="175706675" role=""/>
  <member type="way" ref="691734811" role=""/>
  <member type="way" ref="691734812" role=""/>
  <member type="way" ref="365652207" role=""/>
  <member type="way" ref="1232745917" role=""/>
  <member type="way" ref="647787889" role=""/>
  <member type="way" ref="1232752360" role=""/>
  <member type="way" ref="1232754218" role=""/>
  <member type="way" ref="1232752359" role=""/>
  <member type="way" ref="702687063" role=""/>
  <member type="way" ref="1232754219" role=""/>
  <member type="way" ref="89524447" role=""/>
  <member type="way" ref="1232754217" role=""/>
  <member type="way" ref="183742668" role=""/>
  <member type="way" ref="1232752370" role=""/>
  <member type="way" ref="89524413" role=""/>
  <member type="way" ref="858515200" role=""/>
  <member type="way" ref="858515199" role=""/>
  <member type="way" ref="858515198" role=""/>
  <member type="way" ref="1232758623" role=""/>
  <member type="way" ref="365652885" role=""/>
  <member type="way" ref="858578187" role=""/>
  <member type="way" ref="180288423" role=""/>
  <member type="way" ref="702677793" role=""/>
  <member type="way" ref="702677792" role=""/>
  <member type="way" ref="858578185" role=""/>
  <member type="way" ref="858578184" role=""/>
  <member type="way" ref="1234925031" role=""/>
  <member type="way" ref="1234925032" role=""/>
  <member type="way" ref="365652883" role=""/>
  <member type="way" ref="365652887" role=""/>
  <member type="way" ref="24995291" role=""/>
  <member type="way" ref="1234925033" role=""/>
  <member type="way" ref="555976348" role=""/>
  <member type="way" ref="1395939730" role=""/>
  <member type="way" ref="1389011480" role=""/>
  <member type="way" ref="1395939729" role=""/>
  <member type="way" ref="1389011481" role=""/>
  <member type="way" ref="365652886" role=""/>
  <member type="way" ref="235118435" role=""/>
  <member type="way" ref="1551029808" role=""/>
  <member type="way" ref="235118428" role=""/>
  <member type="way" ref="235118445" role=""/>
  <member type="way" ref="858631323" role=""/>
  <member type="way" ref="1131982429" role=""/>
  <member type="way" ref="183742652" role=""/>
  <member type="way" ref="183742656" role=""/>
  <member type="way" ref="858631325" role=""/>
  <member type="way" ref="858631326" role=""/>
  <member type="way" ref="858631327" role=""/>
  <member type="way" ref="858631328" role=""/>
  <member type="way" ref="1133520040" role=""/>
  <member type="way" ref="858631329" role=""/>
  <member type="way" ref="1250475696" role=""/>
  <member type="way" ref="1133520042" role=""/>
  <member type="way" ref="1312608112" role=""/>
  <member type="way" ref="1451205183" role=""/>
  <member type="way" ref="1451205182" role=""/>
  <member type="way" ref="129046042" role=""/>
  <member type="way" ref="361366022" role=""/>
  <member type="way" ref="529713970" role=""/>
  <member type="way" ref="1077712916" role=""/>
  <member type="way" ref="529714230" role=""/>
  <member type="way" ref="865716351" role=""/>
  <member type="way" ref="1156789650" role=""/>
  <member type="way" ref="1156789651" role=""/>
  <member type="way" ref="1017009629" role=""/>
  <member type="way" ref="1156789649" role=""/>
  <member type="way" ref="865716350" role=""/>
  <member type="way" ref="148382291" role=""/>
  <member type="way" ref="865716352" role=""/>
  <member type="way" ref="529713970" role=""/>
  <member type="way" ref="1077712916" role=""/>
  <member type="way" ref="1128474718" role=""/>
  <member type="way" ref="396829211" role=""/>
  <member type="way" ref="1128474719" role=""/>
  <member type="way" ref="562539523" role=""/>
  <member type="way" ref="533469630" role=""/>
  <member type="way" ref="148382208" role=""/>
  <member type="way" ref="59344482" role=""/>
  <member type="way" ref="556558715" role=""/>
  <member type="way" ref="556558714" role=""/>
  <member type="way" ref="31164757" role=""/>
  <member type="way" ref="359903675" role=""/>
  <member type="way" ref="148447541" role=""/>
  <member type="way" ref="123762885" role=""/>
  <member type="way" ref="232854825" role=""/>
  <member type="way" ref="1551029807" role=""/>
  <member type="way" ref="1128507047" role=""/>
  <member type="way" ref="1336898909" role=""/>
  <member type="way" ref="1128507051" role=""/>
  <member type="way" ref="533339758" role=""/>
  <member type="way" ref="183742677" role=""/>
  <member type="way" ref="183742676" role=""/>
  <member type="way" ref="182210285" role=""/>
  <member type="way" ref="1389011484" role=""/>
  <member type="way" ref="1389011489" role=""/>
  <member type="way" ref="1236346516" role=""/>
  <member type="way" ref="1389011487" role=""/>
  <member type="way" ref="88966878" role=""/>
  <member type="way" ref="365779105" role=""/>
  <member type="way" ref="1244697836" role=""/>
  <member type="way" ref="365652884" role=""/>
  <member type="way" ref="88966863" role=""/>
  <member type="way" ref="183742667" role=""/>
  <member type="way" ref="183742657" role=""/>
  <member type="way" ref="642830008" role=""/>
  <member type="way" ref="642830013" role=""/>
  <member type="way" ref="123343999" role=""/>
  <member type="way" ref="123344013" role=""/>
  <member type="way" ref="698328996" role=""/>
  <member type="way" ref="642826690" role=""/>
  <member type="way" ref="1245041585" role=""/>
  <member type="way" ref="642826693" role=""/>
  <member type="way" ref="1551029806" role=""/>
  <member type="way" ref="642826698" role=""/>
  <member type="way" ref="1396289494" role=""/>
  <member type="way" ref="1396289493" role=""/>
  <member type="way" ref="702452206" role=""/>
  <member type="way" ref="702452207" role=""/>
  <member type="way" ref="702452205" role=""/>
  <member type="way" ref="88966969" role=""/>
  <member type="way" ref="365652891" role=""/>
  <member type="way" ref="123342557" role=""/>
  <member type="way" ref="123342560" role=""/>
  <member type="way" ref="691538993" role=""/>
  <member type="way" ref="691538992" role=""/>
  <member type="way" ref="333903573" role=""/>
  <member type="way" ref="372470261" role=""/>
  <member type="way" ref="1243740805" role=""/>
  <member type="way" ref="1243740804" role=""/>
  <member type="way" ref="183742664" role=""/>
  <member type="way" ref="183742671" role=""/>
  <member type="way" ref="88988917" role=""/>
  <member type="way" ref="365652889" role=""/>
  <member type="way" ref="123762886" role=""/>
  <member type="way" ref="123762884" role=""/>
  <member type="way" ref="365652893" role=""/>
  <member type="way" ref="702446908" role=""/>
  <member type="way" ref="702446910" role=""/>
  <member type="way" ref="702446909" role=""/>
  <member type="way" ref="691538972" role=""/>
  <member type="way" ref="858535115" role=""/>
  <member type="way" ref="691538971" role=""/>
  <member type="way" ref="702446913" role=""/>
  <member type="way" ref="858535116" role=""/>
  <member type="way" ref="702446912" role=""/>
  <member type="way" ref="702446911" role=""/>
  <member type="way" ref="858535118" role=""/>
  <member type="way" ref="4833224" role=""/>
  <member type="way" ref="858535117" role=""/>
  <member type="way" ref="1099902012" role=""/>
  <member type="way" ref="183742666" role=""/>
  <member type="way" ref="183742669" role=""/>
  <member type="way" ref="88966894" role=""/>
  <member type="way" ref="365652895" role=""/>
  <member type="way" ref="365778844" role=""/>
  <member type="way" ref="365778677" role=""/>
  <member type="way" ref="365652894" role=""/>
  <member type="way" ref="180288424" role=""/>
  <member type="way" ref="88988927" role=""/>
  <member type="way" ref="1237088041" role=""/>
  <member type="way" ref="1098351234" role=""/>
  <member type="way" ref="858535119" role=""/>
  <member type="way" ref="702442812" role=""/>
  <member type="way" ref="702442813" role=""/>
  <member type="way" ref="1098351235" role=""/>
  <member type="way" ref="88988946" role=""/>
  <member type="way" ref="180288416" role=""/>
  <member type="way" ref="372493968" role=""/>
  <member type="way" ref="365652960" role=""/>
  <member type="way" ref="183742670" role=""/>
  <member type="way" ref="691538977" role=""/>
  <member type="way" ref="691538976" role=""/>
  <member type="way" ref="858194926" role=""/>
  <member type="way" ref="183742673" role=""/>
  <member type="way" ref="365655083" role=""/>
  <member type="way" ref="858194924" role=""/>
  <member type="way" ref="858194925" role=""/>
  <member type="way" ref="702432075" role=""/>
  <member type="way" ref="702432074" role=""/>
  <member type="way" ref="1218889177" role=""/>
  <member type="way" ref="88988933" role=""/>
  <member type="way" ref="372493967" role=""/>
  <member type="way" ref="372493964" role=""/>
  <member type="way" ref="858192878" role=""/>
  <member type="way" ref="858192879" role=""/>
  <member type="way" ref="858192880" role=""/>
  <member type="way" ref="687289421" role=""/>
  <member type="way" ref="88988918" role=""/>
  <member type="way" ref="702424687" role=""/>
  <member type="way" ref="702424686" role=""/>
  <member type="way" ref="687289420" role=""/>
  <member type="way" ref="687289422" role=""/>
  <member type="way" ref="663144244" role=""/>
  <member type="way" ref="663144243" role=""/>
  <member type="way" ref="365655084" role=""/>
  <member type="way" ref="180288417" role=""/>
  <member type="way" ref="180288430" role=""/>
  <member type="way" ref="88966942" role=""/>
  <member type="way" ref="365778518" role=""/>
  <member type="way" ref="702419426" role=""/>
  <member type="way" ref="702419427" role=""/>
  <member type="way" ref="702419429" role=""/>
  <member type="way" ref="702419428" role=""/>
  <member type="way" ref="88966977" role=""/>
  <member type="way" ref="365655086" role=""/>
  <member type="way" ref="1235901862" role=""/>
  <member type="way" ref="1235901344" role=""/>
  <member type="way" ref="1235901343" role=""/>
  <member type="way" ref="858192881" role=""/>
  <member type="way" ref="858192882" role=""/>
  <member type="way" ref="1551019598" role=""/>
  <member type="way" ref="180288418" role=""/>
  <member type="way" ref="1551019599" role=""/>
  <member type="way" ref="180288426" role=""/>
  <member type="way" ref="702410091" role=""/>
  <member type="way" ref="702410090" role=""/>
  <member type="way" ref="180288420" role=""/>
  <member type="way" ref="180288415" role=""/>
  <member type="way" ref="1551019597" role=""/>
  <member type="way" ref="702394893" role=""/>
  <member type="way" ref="702394896" role=""/>
  <member type="way" ref="702394895" role=""/>
  <member type="way" ref="1551019592" role=""/>
  <member type="way" ref="365655080" role=""/>
  <member type="way" ref="372493966" role=""/>
  <member type="way" ref="365777822" role=""/>
  <member type="way" ref="88988938" role=""/>
  <member type="way" ref="230047174" role=""/>
  <member type="way" ref="231185516" role=""/>
  <member type="way" ref="230047177" role=""/>
  <member type="way" ref="180288419" role=""/>
  <member type="way" ref="180288427" role=""/>
  <member type="way" ref="88988937" role=""/>
  <member type="way" ref="1308093730" role=""/>
  <member type="way" ref="1308093731" role=""/>
  <member type="way" ref="365655778" role=""/>
  <member type="way" ref="676019008" role=""/>
  <member type="way" ref="914250171" role=""/>
  <member type="way" ref="914250170" role=""/>
  <member type="way" ref="365655779" role=""/>
  <member type="way" ref="1235138765" role=""/>
  <member type="way" ref="88966926" role=""/>
  <member type="way" ref="1235138763" role=""/>
  <member type="way" ref="372493970" role=""/>
  <member type="way" ref="372493965" role=""/>
  <member type="way" ref="1034423389" role=""/>
  <member type="way" ref="183730580" role=""/>
  <member type="way" ref="713040580" role=""/>
  <member type="way" ref="713040579" role=""/>
  <member type="way" ref="183730583" role=""/>
  <member type="way" ref="713040577" role=""/>
  <member type="way" ref="100951617" role=""/>
  <member type="way" ref="365655776" role=""/>
  <member type="way" ref="713076160" role=""/>
  <member type="way" ref="713076158" role=""/>
  <member type="way" ref="701122617" role=""/>
  <member type="way" ref="365657193" role=""/>
  <member type="way" ref="365657196" role=""/>
  <member type="way" ref="713061920" role=""/>
  <member type="way" ref="713061923" role=""/>
  <member type="way" ref="365657205" role=""/>
  <member type="way" ref="713061922" role=""/>
  <member type="way" ref="713061921" role=""/>
  <member type="way" ref="365657204" role=""/>
  <member type="way" ref="180288421" role=""/>
  <member type="way" ref="180288428" role=""/>
  <member type="way" ref="88966987" role=""/>
  <member type="way" ref="35425401" role=""/>
  <member type="way" ref="37337016" role=""/>
  <member type="way" ref="37337017" role=""/>
  <member type="way" ref="35425402" role=""/>
  <member type="way" ref="1110405223" role=""/>
  <member type="way" ref="372493969" role=""/>
  <member type="way" ref="365657201" role=""/>
  <member type="way" ref="180441364" role=""/>
  <member type="way" ref="180441354" role=""/>
  <member type="way" ref="365657199" role=""/>
  <member type="way" ref="100951622" role=""/>
  <member type="way" ref="183730331" role=""/>
  <member type="way" ref="1110401732" role=""/>
  <member type="way" ref="372493971" role=""/>
  <member type="way" ref="1110575934" role=""/>
  <member type="way" ref="183730330" role=""/>
  <member type="way" ref="183730218" role=""/>
  <member type="way" ref="1110403826" role=""/>
  <member type="way" ref="1110403825" role=""/>
  <member type="way" ref="1291271475" role=""/>
  <member type="way" ref="183730219" role=""/>
  <member type="way" ref="1291271474" role=""/>
  <member type="way" ref="1119819491" role=""/>
  <member type="way" ref="1119819490" role=""/>
  <member type="way" ref="100951619" role=""/>
  <member type="way" ref="1119819496" role=""/>
  <member type="way" ref="1119819495" role=""/>
  <member type="way" ref="1082469878" role=""/>
  <member type="way" ref="365657197" role=""/>
  <member type="way" ref="365657596" role=""/>
  <member type="way" ref="1082468128" role=""/>
  <member type="way" ref="713055373" role=""/>
  <member type="way" ref="713055374" role=""/>
  <member type="way" ref="713055375" role=""/>
  <member type="way" ref="365657595" role=""/>
  <member type="way" ref="1110099464" role=""/>
  <member type="way" ref="1110099463" role=""/>
  <member type="way" ref="183730175" role=""/>
  <member type="way" ref="1110099265" role=""/>
  <member type="way" ref="1110099266" role=""/>
  <member type="way" ref="1110099263" role=""/>
  <member type="way" ref="1110099264" role=""/>
  <member type="way" ref="183730176" role=""/>
  <member type="way" ref="365657769" role=""/>
  <member type="way" ref="651989891" role=""/>
  <member type="way" ref="713049670" role=""/>
  <member type="way" ref="713049669" role=""/>
  <member type="way" ref="713049668" role=""/>
  <member type="way" ref="713049674" role=""/>
  <member type="way" ref="651989890" role=""/>
  <member type="way" ref="88922150" role=""/>
  <member type="way" ref="180441361" role=""/>
  <member type="way" ref="180441371" role=""/>
  <member type="way" ref="1109044902" role=""/>
  <member type="way" ref="88922132" role=""/>
  <member type="way" ref="1109044901" role=""/>
  <member type="way" ref="365657768" role=""/>
  <member type="way" ref="1427929254" role=""/>
  <member type="way" ref="1427929253" role=""/>
  <member type="way" ref="1427929250" role=""/>
  <member type="way" ref="1427929249" role=""/>
  <member type="way" ref="1427929252" role=""/>
  <member type="way" ref="1427929251" role=""/>
  <member type="way" ref="1308097629" role=""/>
  <member type="way" ref="1427929247" role=""/>
  <member type="way" ref="1427929248" role=""/>
  <member type="way" ref="1308097628" role=""/>
  <member type="way" ref="1427929243" role=""/>
  <member type="way" ref="365657971" role=""/>
  <member type="way" ref="1427929244" role=""/>
  <member type="way" ref="713044498" role=""/>
  <member type="way" ref="1135429624" role=""/>
  <member type="way" ref="713044499" role=""/>
  <member type="way" ref="713044497" role=""/>
  <member type="way" ref="713044500" role=""/>
  <member type="way" ref="1135429627" role=""/>
  <member type="way" ref="1284694812" role=""/>
  <member type="way" ref="713043022" role=""/>
  <member type="way" ref="1551013442" role=""/>
  <member type="way" ref="1551013443" role=""/>
  <member type="way" ref="1425388421" role=""/>
  <member type="way" ref="713043025" role=""/>
  <member type="way" ref="183713763" role=""/>
  <member type="way" ref="183713762" role=""/>
  <member type="way" ref="365657972" role=""/>
  <member type="way" ref="1425322605" role=""/>
  <member type="way" ref="1425322604" role=""/>
  <member type="way" ref="1553159855" role=""/>
  <member type="way" ref="1553159858" role=""/>
  <member type="way" ref="1553159856" role=""/>
  <member type="way" ref="1553159860" role=""/>
  <member type="way" ref="713041873" role=""/>
  <member type="way" ref="1425317651" role=""/>
  <member type="way" ref="1425317652" role=""/>
  <member type="way" ref="365658093" role=""/>
  <member type="way" ref="22877126" role=""/>
  <member type="way" ref="22877127" role=""/>
  <member type="way" ref="1425317647" role=""/>
  <member type="way" ref="1425317646" role=""/>
  <member type="way" ref="1425317645" role=""/>
  <member type="way" ref="365658347" role=""/>
  <member type="way" ref="1425289016" role=""/>
  <member type="way" ref="1425289015" role=""/>
  <member type="way" ref="1425286494" role=""/>
  <member type="way" ref="1425286493" role=""/>
  <member type="way" ref="1425286492" role=""/>
  <member type="way" ref="1425286491" role=""/>
  <member type="way" ref="89008010" role=""/>
  <member type="way" ref="365660123" role=""/>
  <member type="way" ref="1425286487" role=""/>
  <member type="way" ref="1425271566" role=""/>
  <member type="way" ref="183744746" role=""/>
  <member type="way" ref="1425271564" role=""/>
  <member type="way" ref="183744747" role=""/>
  <member type="way" ref="1425269905" role=""/>
  <member type="way" ref="1425269762" role=""/>
  <member type="way" ref="1425269903" role=""/>
  <member type="way" ref="1425269904" role=""/>
  <member type="way" ref="1425269760" role=""/>
  <member type="way" ref="1425269748" role=""/>
  <member type="way" ref="1425269750" role=""/>
  <member type="way" ref="1425269757" role=""/>
  <member type="way" ref="1425269756" role=""/>
  <member type="way" ref="89008009" role=""/>
  <member type="way" ref="1425238041" role=""/>
  <member type="way" ref="1425238040" role=""/>
  <member type="way" ref="1425238039" role=""/>
  <member type="way" ref="866961754" role=""/>
  <member type="way" ref="1425238037" role=""/>
  <member type="way" ref="22877125" role=""/>
  <member type="way" ref="1425238038" role=""/>
  <member type="way" ref="22662724" role=""/>
  <member type="way" ref="365660110" role=""/>
  <member type="way" ref="1303021340" role=""/>
  <member type="way" ref="1425238035" role=""/>
  <member type="way" ref="4833231" role=""/>
  <member type="way" ref="243206150" role=""/>
  <member type="way" ref="4833230" role=""/>
  <member type="way" ref="4833232" role=""/>
  <member type="way" ref="863582894" role=""/>
  <member type="way" ref="863582893" role=""/>
  <member type="way" ref="88810348" role=""/>
  <member type="way" ref="711691712" role=""/>
  <member type="way" ref="711691711" role=""/>
  <member type="way" ref="684000728" role=""/>
  <member type="way" ref="180441395" role=""/>
  <member type="way" ref="180441398" role=""/>
  <member type="way" ref="365664609" role=""/>
  <member type="way" ref="123761702" role=""/>
  <member type="way" ref="33638205" role=""/>
  <member type="way" ref="123761700" role=""/>
  <member type="way" ref="682319882" role=""/>
  <member type="way" ref="712258814" role=""/>
  <member type="way" ref="1110355253" role=""/>
  <member type="way" ref="1303023522" role=""/>
  <member type="way" ref="1110355249" role=""/>
  <member type="way" ref="1110355254" role=""/>
  <member type="way" ref="712258813" role=""/>
  <member type="way" ref="229810471" role=""/>
  <member type="way" ref="87751124" role=""/>
  <member type="way" ref="24025482" role=""/>
  <member type="way" ref="721303737" role=""/>
  <member type="way" ref="721303738" role=""/>
  <member type="way" ref="721303741" role=""/>
  <member type="way" ref="24025576" role=""/>
  <member type="way" ref="24025485" role=""/>
  <member type="way" ref="24025583" role=""/>
  <member type="way" ref="24025519" role=""/>
  <member type="way" ref="24025593" role=""/>
  <member type="way" ref="1443089113" role=""/>
  <member type="way" ref="1443089114" role=""/>
  <member type="way" ref="24025532" role=""/>
  <member type="way" ref="1443089117" role=""/>
  <member type="way" ref="1443089118" role=""/>
  <member type="way" ref="87525337" role=""/>
  <member type="way" ref="183754581" role=""/>
  <member type="way" ref="183754583" role=""/>
  <member type="way" ref="24025538" role=""/>
  <member type="way" ref="24025643" role=""/>
  <member type="way" ref="24025545" role=""/>
  <member type="way" ref="721303745" role=""/>
  <member type="way" ref="721303746" role=""/>
  <member type="way" ref="24025647" role=""/>
  <member type="way" ref="87528149" role=""/>
  <member type="way" ref="87528159" role=""/>
  <member type="way" ref="87528139" role=""/>
  <member type="way" ref="87528134" role=""/>
  <member type="way" ref="24025553" role=""/>
  <member type="way" ref="24025657" role=""/>
  <member type="way" ref="24025564" role=""/>
  <member type="way" ref="24025664" role=""/>
  <member type="way" ref="87605277" role=""/>
  <member type="way" ref="24025569" role=""/>
  <member type="way" ref="252696500" role=""/>
  <member type="way" ref="298261856" role=""/>
  <member type="way" ref="1300838698" role=""/>
  <member type="way" ref="298261851" role=""/>
  <member type="way" ref="252696499" role=""/>
  <member type="way" ref="298261853" role=""/>
  <member type="way" ref="298261858" role=""/>
  <member type="way" ref="252696492" role=""/>
  <member type="way" ref="298261860" role=""/>
  <member type="way" ref="298261854" role=""/>
  <member type="way" ref="684162863" role=""/>
  <member type="way" ref="298261861" role=""/>
  <member type="way" ref="684357048" role=""/>
  <member type="way" ref="298261859" role=""/>
  <member type="way" ref="652248659" role=""/>
  <member type="way" ref="866594048" role=""/>
  <member type="way" ref="652248666" role=""/>
  <member type="way" ref="713024261" role=""/>
  <member type="way" ref="713024262" role=""/>
  <member type="way" ref="866594046" role=""/>
  <member type="way" ref="713024263" role=""/>
  <member type="way" ref="1110095032" role=""/>
  <member type="way" ref="1110095031" role=""/>
  <member type="way" ref="306793370" role=""/>
  <member type="way" ref="888193908" role=""/>
  <member type="way" ref="942252154" role=""/>
  <member type="way" ref="942252156" role=""/>
  <member type="way" ref="368456445" role=""/>
  <member type="way" ref="368451643" role=""/>
  <member type="way" ref="241940982" role=""/>
  <member type="way" ref="888769289" role=""/>
  <member type="way" ref="372960756" role=""/>
  <member type="way" ref="368451649" role=""/>
  <member type="way" ref="865716356" role=""/>
  <member type="way" ref="368451644" role=""/>
  <member type="way" ref="46186778" role=""/>
  <member type="way" ref="865716358" role=""/>
  <member type="way" ref="368451643" role=""/>
  <member type="way" ref="368456445" role=""/>
  <member type="way" ref="942252156" role=""/>
  <member type="way" ref="942252154" role=""/>
  <member type="way" ref="888193908" role=""/>
  <member type="way" ref="306793370" role=""/>
  <member type="way" ref="1110095031" role=""/>
  <member type="way" ref="1110095032" role=""/>
  <member type="way" ref="713024263" role=""/>
  <member type="way" ref="866594046" role=""/>
  <member type="way" ref="713024262" role=""/>
  <member type="way" ref="713024261" role=""/>
  <member type="way" ref="652248666" role=""/>
  <member type="way" ref="866594048" role=""/>
  <member type="way" ref="652248659" role=""/>
  <member type="way" ref="252696496" role=""/>
  <member type="way" ref="298261857" role=""/>
  <member type="way" ref="684162864" role=""/>
  <member type="way" ref="298261852" role=""/>
  <member type="way" ref="298261860" role=""/>
  <member type="way" ref="252696492" role=""/>
  <member type="way" ref="298261858" role=""/>
  <member type="way" ref="298261855" role=""/>
  <member type="way" ref="298261856" role=""/>
  <member type="way" ref="1300838698" role=""/>
  <member type="way" ref="298261851" role=""/>
  <member type="way" ref="252696499" role=""/>
  <member type="way" ref="298261864" role=""/>
  <member type="way" ref="684162860" role=""/>
  <member type="way" ref="684162859" role=""/>
  <member type="way" ref="1443089126" role=""/>
  <member type="way" ref="1443089125" role=""/>
  <member type="way" ref="1145692227" role=""/>
  <member type="way" ref="1145692228" role=""/>
  <member type="way" ref="1427195573" role=""/>
  <member type="way" ref="240126818" role=""/>
  <member type="way" ref="1427195574" role=""/>
  <member type="way" ref="1283535749" role=""/>
  <member type="way" ref="237845281" role=""/>
  <member type="way" ref="372493940" role=""/>
  <member type="way" ref="1283535748" role=""/>
  <member type="way" ref="252696495" role=""/>
  <member type="way" ref="679877353" role=""/>
  <member type="way" ref="237845284" role=""/>
  <member type="way" ref="1283535747" role=""/>
  <member type="way" ref="1443089132" role=""/>
  <member type="way" ref="1443089131" role=""/>
  <member type="way" ref="237845282" role=""/>
  <member type="way" ref="237843589" role=""/>
  <member type="way" ref="1443089133" role=""/>
  <member type="way" ref="1443089134" role=""/>
  <member type="way" ref="237845044" role=""/>
  <member type="way" ref="237845061" role=""/>
  <member type="way" ref="237845072" role=""/>
  <member type="way" ref="237845073" role=""/>
  <member type="way" ref="369454330" role=""/>
  <member type="way" ref="1443089138" role=""/>
  <member type="way" ref="1443089139" role=""/>
  <member type="way" ref="238883342" role=""/>
  <member type="way" ref="443850826" role=""/>
  <member type="way" ref="443850825" role=""/>
  <member type="way" ref="443850829" role=""/>
  <member type="way" ref="443850821" role=""/>
  <member type="way" ref="443850828" role=""/>
  <member type="way" ref="443850822" role=""/>
  <member type="way" ref="237845060" role=""/>
  <member type="way" ref="237845065" role=""/>
  <member type="way" ref="701280973" role=""/>
  <member type="way" ref="237845113" role=""/>
  <member type="way" ref="237845059" role=""/>
  <member type="way" ref="237845052" role=""/>
  <member type="way" ref="237845070" role=""/>
  <member type="way" ref="1545301591" role=""/>
  <member type="way" ref="237845092" role=""/>
  <member type="way" ref="1544853516" role=""/>
  <member type="way" ref="701278571" role=""/>
  <member type="way" ref="1305192869" role=""/>
  <member type="way" ref="183848368" role=""/>
  <member type="way" ref="183848364" role=""/>
  <member type="way" ref="183848348" role=""/>
  <member type="way" ref="183848360" role=""/>
  <member type="way" ref="183848371" role=""/>
  <member type="way" ref="183848366" role=""/>
  <member type="way" ref="183848372" role=""/>
  <member type="way" ref="701289477" role=""/>
  <member type="way" ref="255315185" role=""/>
  <member type="way" ref="701289478" role=""/>
  <member type="way" ref="255315184" role=""/>
  <member type="way" ref="701290938" role=""/>
  <member type="way" ref="180441377" role=""/>
  <member type="way" ref="701291829" role=""/>
  <member type="way" ref="701291830" role=""/>
  <member type="way" ref="180441373" role=""/>
  <member type="way" ref="256065435" role=""/>
  <member type="way" ref="1305191879" role=""/>
  <member type="way" ref="256065438" role=""/>
  <member type="way" ref="256065436" role=""/>
  <member type="way" ref="256065437" role=""/>
  <member type="way" ref="1305191878" role=""/>
  <member type="way" ref="33733321" role=""/>
  <member type="way" ref="1132256582" role=""/>
  <member type="way" ref="145150424" role=""/>
  <member type="way" ref="684872524" role=""/>
  <member type="way" ref="1131987244" role=""/>
  <member type="way" ref="145108604" role=""/>
  <member type="way" ref="145108602" role=""/>
  <member type="way" ref="865716360" role=""/>
  <member type="way" ref="145108604" role=""/>
  <member type="way" ref="218838575" role=""/>
  <member type="way" ref="1135522422" role=""/>
  <member type="way" ref="684872534" role=""/>
  <member type="way" ref="51432224" role=""/>
  <member type="way" ref="701294768" role=""/>
  <member type="way" ref="701294769" role=""/>
  <member type="way" ref="51432200" role=""/>
  <member type="way" ref="59352434" role=""/>
  <member type="way" ref="51433753" role=""/>
  <member type="way" ref="180441334" role=""/>
  <member type="way" ref="1096142309" role=""/>
  <member type="way" ref="1128065593" role=""/>
  <member type="way" ref="180441338" role=""/>
  <member type="way" ref="1096142308" role=""/>
  <member type="way" ref="19384307" role=""/>
  <member type="way" ref="966289977" role=""/>
  <member type="way" ref="1551420612" role=""/>
  <member type="way" ref="1551420610" role=""/>
  <member type="way" ref="1553162617" role=""/>
  <member type="way" ref="1552026761" role=""/>
  <member type="way" ref="1551420611" role=""/>
  <member type="way" ref="966289978" role=""/>
  <member type="way" ref="1162975236" role=""/>
  <member type="way" ref="144624928" role=""/>
  <member type="way" ref="218838340" role=""/>
  <member type="way" ref="144624929" role=""/>
  <member type="way" ref="218838348" role=""/>
  <member type="way" ref="255315187" role=""/>
  <member type="way" ref="1096212997" role=""/>
  <member type="way" ref="1096215477" role=""/>
  <member type="way" ref="1096215478" role=""/>
  <member type="way" ref="1544838037" role=""/>
  <member type="way" ref="1544838035" role=""/>
  <member type="way" ref="218146580" role=""/>
  <member type="way" ref="1544838036" role=""/>
  <member type="way" ref="1544838034" role=""/>
  <member type="way" ref="218146555" role=""/>
  <member type="way" ref="389249636" role=""/>
  <member type="way" ref="255315186" role=""/>
  <member type="way" ref="389249641" role=""/>
  <member type="way" ref="669978874" role=""/>
  <member type="way" ref="760807655" role=""/>
  <member type="way" ref="1443089171" role=""/>
  <member type="way" ref="1443089170" role=""/>
  <member type="way" ref="218146590" role=""/>
  <member type="way" ref="218147648" role=""/>
  <member type="way" ref="218147652" role=""/>
  <member type="way" ref="218147694" role=""/>
  <member type="way" ref="218147697" role=""/>
  <member type="way" ref="218147655" role=""/>
  <member type="way" ref="218147645" role=""/>
  <member type="way" ref="685495227" role=""/>
  <member type="way" ref="685495226" role=""/>
  <member type="way" ref="198278209" role=""/>
  <member type="way" ref="1443089173" role=""/>
  <member type="way" ref="1443089175" role=""/>
  <member type="way" ref="721303761" role=""/>
  <member type="way" ref="721303762" role=""/>
  <member type="way" ref="1443089177" role=""/>
  <member type="way" ref="1443089179" role=""/>
  <member type="way" ref="315549438" role=""/>
  <member type="way" ref="315549443" role=""/>
  <member type="way" ref="315549234" role=""/>
  <member type="way" ref="969726312" role=""/>
  <member type="way" ref="969726311" role=""/>
  <member type="way" ref="1443089182" role=""/>
  <member type="way" ref="1443089181" role=""/>
  <member type="way" ref="315549235" role=""/>
  <member type="way" ref="717362295" role=""/>
  <member type="way" ref="717362294" role=""/>
  <member type="way" ref="1443089185" role=""/>
  <member type="way" ref="1443089187" role=""/>
  <member type="way" ref="372571458" role=""/>
  <member type="way" ref="372571463" role=""/>
  <member type="way" ref="229205856" role=""/>
  <member type="way" ref="229312545" role=""/>
  <member type="way" ref="665204111" role=""/>
  <member type="way" ref="229810472" role=""/>
  <member type="way" ref="390277757" role=""/>
  <member type="way" ref="390277756" role=""/>
  <member type="way" ref="665204107" role=""/>
  <member type="way" ref="126263027" role=""/>
  <member type="way" ref="1106748460" role=""/>
  <member type="way" ref="1106684725" role=""/>
  <member type="way" ref="1106748461" role=""/>
  <member type="way" ref="1106681355" role=""/>
  <member type="way" ref="1106681356" role=""/>
  <member type="way" ref="1106679180" role=""/>
  <member type="way" ref="1106681353" role=""/>
  <member type="way" ref="522221355" role=""/>
  <member type="way" ref="1106684724" role=""/>
  <member type="way" ref="522221356" role=""/>
  <member type="way" ref="89299916" role=""/>
  <member type="way" ref="1106615229" role=""/>
  <member type="way" ref="1106615228" role=""/>
  <member type="way" ref="726019516" role=""/>
  <member type="way" ref="726019517" role=""/>
  <member type="way" ref="1106581855" role=""/>
  <member type="way" ref="1106581853" role=""/>
  <member type="way" ref="485477708" role=""/>
  <member type="way" ref="28556720" role=""/>
  <member type="way" ref="46484749" role=""/>
  <member type="way" ref="1430348594" role=""/>
  <member type="way" ref="1229593248" role=""/>
  <member type="way" ref="44449732" role=""/>
  <member type="way" ref="865716362" role=""/>
  <member type="way" ref="1178492113" role=""/>
  <member type="way" ref="1531987600" role=""/>
  <member type="way" ref="1178492114" role=""/>
  <member type="way" ref="218106622" role=""/>
  <member type="way" ref="44449733" role=""/>
  <member type="way" ref="710601663" role=""/>
  <member type="way" ref="223311768" role=""/>
  <member type="way" ref="229068686" role=""/>
  <member type="way" ref="223537792" role=""/>
  <member type="way" ref="231175247" role=""/>
  <member type="way" ref="231175248" role=""/>
  <member type="way" ref="231175246" role=""/>
  <member type="way" ref="231175250" role=""/>
  <member type="way" ref="231175249" role=""/>
  <member type="way" ref="231175251" role=""/>
  <member type="way" ref="1430340811" role=""/>
  <member type="way" ref="1430340806" role=""/>
  <member type="way" ref="1430340813" role=""/>
  <member type="way" ref="1430340812" role=""/>
  <member type="way" ref="722194360" role=""/>
  <member type="way" ref="223523388" role=""/>
  <member type="way" ref="223523389" role=""/>
  <member type="way" ref="1545099619" role=""/>
  <member type="way" ref="363139670" role=""/>
  <member type="way" ref="223436288" role=""/>
  <member type="way" ref="223436289" role=""/>
  <member type="way" ref="665204102" role=""/>
  <member type="way" ref="1545099620" role=""/>
  <member type="way" ref="1545098577" role=""/>
  <member type="way" ref="1545098578" role=""/>
  <member type="way" ref="1545098576" role=""/>
  <member type="way" ref="363139666" role=""/>
  <member type="way" ref="229065151" role=""/>
  <member type="way" ref="229064880" role=""/>
  <member type="way" ref="229059828" role=""/>
  <member type="way" ref="223311760" role=""/>
  <member type="way" ref="223311772" role=""/>
  <member type="way" ref="223312520" role=""/>
  <member type="way" ref="223319060" role=""/>
  <member type="way" ref="223319059" role=""/>
  <member type="way" ref="223311622" role=""/>
  <member type="way" ref="223311621" role=""/>
  <member type="way" ref="435805101" role=""/>
  <member type="way" ref="243763344" role=""/>
  <member type="way" ref="865716364" role=""/>
  <member type="way" ref="1166229220" role=""/>
  <member type="way" ref="1166229219" role=""/>
  <member type="way" ref="223303224" role=""/>
  <member type="way" ref="223303497" role=""/>
  <member type="way" ref="229045521" role=""/>
  <member type="way" ref="229045522" role=""/>
  <member type="way" ref="957243818" role=""/>
  <member type="way" ref="957243820" role=""/>
  <member type="way" ref="957243819" role=""/>
  <member type="way" ref="223308705" role=""/>
  <member type="way" ref="19970388" role=""/>
  <member type="way" ref="721917722" role=""/>
  <member type="way" ref="721917721" role=""/>
  <member type="way" ref="796459513" role=""/>
  <member type="way" ref="796459512" role=""/>
  <member type="way" ref="721917720" role=""/>
  <member type="way" ref="19970381" role=""/>
  <member type="way" ref="1535125592" role=""/>
  <member type="way" ref="721916325" role=""/>
  <member type="way" ref="1472469038" role=""/>
  <member type="way" ref="1535125587" role=""/>
  <member type="way" ref="721916324" role=""/>
  <member type="way" ref="1156286693" role=""/>
  <member type="way" ref="1156286694" role=""/>
  <member type="way" ref="319623935" role=""/>
  <member type="way" ref="319623904" role=""/>
  <member type="way" ref="48992013" role=""/>
  <member type="way" ref="721914887" role=""/>
  <member type="way" ref="721914889" role=""/>
  <member type="way" ref="650091908" role=""/>
  <member type="way" ref="845850887" role=""/>
  <member type="way" ref="845850886" role=""/>
  <member type="way" ref="721913342" role=""/>
  <member type="way" ref="229005820" role=""/>
  <member type="way" ref="721913340" role=""/>
  <member type="way" ref="24290634" role=""/>
  <member type="way" ref="930104838" role=""/>
  <member type="way" ref="930104836" role=""/>
  <member type="way" ref="930104840" role=""/>
  <member type="way" ref="326115432" role=""/>
  <member type="way" ref="721910304" role=""/>
  <member type="way" ref="1472471481" role=""/>
  <member type="way" ref="1472471985" role=""/>
  <member type="way" ref="1472475556" role=""/>
  <member type="way" ref="1472475555" role=""/>
  <member type="way" ref="1472475554" role=""/>
  <member type="way" ref="1472475553" role=""/>
  <member type="way" ref="1472476002" role=""/>
  <member type="way" ref="1472476001" role=""/>
  <member type="way" ref="1472476000" role=""/>
  <member type="way" ref="319863528" role=""/>
  <member type="way" ref="1472475999" role=""/>
  <member type="way" ref="44193149" role=""/>
  <member type="way" ref="190272781" role=""/>
  <member type="way" ref="44193190" role=""/>
  <member type="way" ref="44193147" role=""/>
  <member type="way" ref="319863529" role=""/>
  <member type="way" ref="28017623" role=""/>
  <member type="way" ref="231500586" role=""/>
  <member type="way" ref="18903357" role=""/>
  <member type="way" ref="721174064" role=""/>
  <member type="way" ref="319635177" role=""/>
  <member type="way" ref="721174483" role=""/>
  <member type="way" ref="319635179" role=""/>
  <member type="way" ref="231500645" role=""/>
  <member type="way" ref="721174649" role=""/>
  <member type="way" ref="79507170" role=""/>
  <member type="way" ref="510046709" role=""/>
  <member type="way" ref="87686445" role=""/>
  <member type="way" ref="865716365" role=""/>
  <member type="way" ref="226883994" role=""/>
  <member type="way" ref="377972902" role=""/>
  <member type="way" ref="682853195" role=""/>
  <member type="way" ref="865716367" role=""/>
  <member type="way" ref="510046708" role=""/>
  <member type="way" ref="510046709" role=""/>
  <member type="way" ref="721177832" role=""/>
  <member type="way" ref="24659209" role=""/>
  <member type="way" ref="383809465" role=""/>
  <member type="way" ref="201717252" role=""/>
  <member type="way" ref="383809464" role=""/>
  <member type="way" ref="142501008" role=""/>
  <member type="way" ref="142500987" role=""/>
  <member type="way" ref="368579585" role=""/>
  <member type="way" ref="201528477" role=""/>
  <member type="way" ref="597514407" role=""/>
  <member type="way" ref="18904629" role=""/>
  <member type="way" ref="368578921" role=""/>
  <member type="way" ref="721600529" role=""/>
  <member type="way" ref="368586362" role=""/>
  <member type="way" ref="721608926" role=""/>
  <member type="way" ref="197649024" role=""/>
  <member type="way" ref="197648716" role=""/>
  <member type="way" ref="253122397" role=""/>
  <member type="way" ref="676272716" role=""/>
  <member type="way" ref="676272714" role=""/>
  <member type="way" ref="270741946" role=""/>
  <member type="way" ref="1283547600" role=""/>
  <member type="way" ref="288533926" role=""/>
  <member type="way" ref="1283547599" role=""/>
  <member type="way" ref="1283547597" role=""/>
  <member type="way" ref="504010621" role=""/>
  <member type="way" ref="288533930" role=""/>
  <member type="way" ref="1283547598" role=""/>
  <member type="way" ref="288533928" role=""/>
  <member type="way" ref="674535559" role=""/>
  <member type="way" ref="481451118" role=""/>
  <member type="way" ref="481451125" role=""/>
  <member type="way" ref="481451120" role=""/>
  <member type="way" ref="481451113" role=""/>
  <member type="way" ref="1283548339" role=""/>
  <member type="way" ref="481451112" role=""/>
  <member type="way" ref="1283548338" role=""/>
  <member type="way" ref="1443089211" role=""/>
  <member type="way" ref="1443089209" role=""/>
  <member type="way" ref="481451119" role=""/>
  <member type="way" ref="507053430" role=""/>
  <member type="way" ref="1283549930" role=""/>
  <member type="way" ref="507053429" role=""/>
  <member type="way" ref="767983538" role=""/>
  <member type="way" ref="1283549929" role=""/>
  <member type="way" ref="507821675" role=""/>
  <member type="way" ref="507050452" role=""/>
  <member type="way" ref="1443089214" role=""/>
  <member type="way" ref="1443089213" role=""/>
  <member type="way" ref="1443089219" role=""/>
  <member type="way" ref="1443089218" role=""/>
  <member type="way" ref="438295826" role=""/>
  <member type="way" ref="253118225" role=""/>
  <member type="way" ref="526462683" role=""/>
  <member type="way" ref="526462670" role=""/>
  <member type="way" ref="253118226" role=""/>
  <member type="way" ref="721894823" role=""/>
  <member type="way" ref="253118229" role=""/>
  <member type="way" ref="1346389340" role=""/>
  <member type="way" ref="1346389341" role=""/>
  <member type="way" ref="97212222" role=""/>
  <member type="way" ref="1346423901" role=""/>
  <member type="way" ref="97212268" role=""/>
  <member type="way" ref="183869748" role=""/>
  <member type="way" ref="183869746" role=""/>
  <member type="way" ref="97212391" role=""/>
  <member type="way" ref="721896927" role=""/>
  <member type="way" ref="721896928" role=""/>
  <member type="way" ref="183869747" role=""/>
  <member type="way" ref="721896925" role=""/>
  <member type="way" ref="97212251" role=""/>
  <member type="way" ref="1346734073" role=""/>
  <member type="way" ref="183869749" role=""/>
  <member type="way" ref="97212217" role=""/>
  <member type="way" ref="721898294" role=""/>
  <member type="way" ref="721898295" role=""/>
  <member type="way" ref="721898293" role=""/>
  <member type="way" ref="229208882" role=""/>
  <member type="way" ref="229208885" role=""/>
  <member type="way" ref="97212353" role=""/>
  <member type="way" ref="97212372" role=""/>
  <member type="way" ref="230580934" role=""/>
  <member type="way" ref="230580925" role=""/>
  <member type="way" ref="97212318" role=""/>
  <member type="way" ref="230604197" role=""/>
  <member type="way" ref="230604204" role=""/>
  <member type="way" ref="230604191" role=""/>
  <member type="way" ref="13705940" role=""/>
  <member type="way" ref="721903300" role=""/>
  <member type="way" ref="721903299" role=""/>
  <member type="way" ref="721903297" role=""/>
  <member type="way" ref="721903295" role=""/>
  <member type="way" ref="97212358" role=""/>
  <member type="way" ref="230748843" role=""/>
  <member type="way" ref="230748846" role=""/>
  <member type="way" ref="721904862" role=""/>
  <member type="way" ref="721904863" role=""/>
  <member type="way" ref="230750985" role=""/>
  <member type="way" ref="230751007" role=""/>
  <member type="way" ref="684467605" role=""/>
  <member type="way" ref="684467606" role=""/>
  <member type="way" ref="97212311" role=""/>
  <member type="way" ref="230880281" role=""/>
  <member type="way" ref="230880282" role=""/>
  <member type="way" ref="230880287" role=""/>
  <member type="way" ref="230880288" role=""/>
  <member type="way" ref="230880299" role=""/>
  <member type="way" ref="230880284" role=""/>
  <member type="way" ref="230882226" role=""/>
  <member type="way" ref="230882222" role=""/>
  <member type="way" ref="97212255" role=""/>
  <member type="way" ref="230883056" role=""/>
  <member type="way" ref="230883062" role=""/>
  <member type="way" ref="230883059" role=""/>
  <member type="way" ref="230883063" role=""/>
  <member type="way" ref="230883060" role=""/>
  <member type="way" ref="97212293" role=""/>
  <member type="way" ref="230955579" role=""/>
  <member type="way" ref="230955573" role=""/>
  <member type="way" ref="97212363" role=""/>
  <member type="way" ref="97212385" role=""/>
  <member type="way" ref="1072920478" role=""/>
  <member type="way" ref="183927883" role=""/>
  <member type="way" ref="183927882" role=""/>
  <member type="way" ref="604073890" role=""/>
  <member type="way" ref="1070253499" role=""/>
  <member type="way" ref="704108368" role=""/>
  <member type="way" ref="180618289" role=""/>
  <member type="way" ref="180618290" role=""/>
  <member type="way" ref="231049102" role=""/>
  <member type="way" ref="231049103" role=""/>
  <member type="way" ref="97212376" role=""/>
  <member type="way" ref="97212334" role=""/>
  <member type="way" ref="231049424" role=""/>
  <member type="way" ref="231049425" role=""/>
  <member type="way" ref="97212392" role=""/>
  <member type="way" ref="97212326" role=""/>
  <member type="way" ref="19716511" role=""/>
  <member type="way" ref="704894467" role=""/>
  <member type="way" ref="704894466" role=""/>
  <member type="way" ref="704894465" role=""/>
  <member type="way" ref="19717080" role=""/>
  <member type="way" ref="1072239257" role=""/>
  <member type="way" ref="1072239256" role=""/>
  <member type="way" ref="704785793" role=""/>
  <member type="way" ref="1072236151" role=""/>
  <member type="way" ref="704785792" role=""/>
  <member type="way" ref="704785791" role=""/>
  <member type="way" ref="180618291" role=""/>
  <member type="way" ref="180618292" role=""/>
  <member type="way" ref="673729316" role=""/>
  <member type="way" ref="673729315" role=""/>
  <member type="way" ref="97212231" role=""/>
  <member type="way" ref="231136101" role=""/>
  <member type="way" ref="231136079" role=""/>
  <member type="way" ref="97212227" role=""/>
  <member type="way" ref="97212348" role=""/>
  <member type="way" ref="97212258" role=""/>
  <member type="way" ref="1072180198" role=""/>
  <member type="way" ref="1072180197" role=""/>
  <member type="way" ref="1072169613" role=""/>
  <member type="way" ref="1072169611" role=""/>
  <member type="way" ref="1072169612" role=""/>
  <member type="way" ref="97212379" role=""/>
  <member type="way" ref="231137281" role=""/>
  <member type="way" ref="1072940976" role=""/>
  <member type="way" ref="231137283" role=""/>
  <member type="way" ref="704569875" role=""/>
  <member type="way" ref="1072940698" role=""/>
  <member type="way" ref="704569876" role=""/>
  <member type="way" ref="97212322" role=""/>
  <member type="way" ref="97212272" role=""/>
  <member type="way" ref="231192000" role=""/>
  <member type="way" ref="231192001" role=""/>
  <member type="way" ref="231255681" role=""/>
  <member type="way" ref="231255683" role=""/>
  <member type="way" ref="19717066" role=""/>
  <member type="way" ref="231323256" role=""/>
  <member type="way" ref="231323266" role=""/>
  <member type="way" ref="219947773" role=""/>
  <member type="way" ref="219947788" role=""/>
  <member type="way" ref="734748168" role=""/>
  <member type="way" ref="1074404927" role=""/>
  <member type="way" ref="1074404926" role=""/>
  <member type="way" ref="97212281" role=""/>
  <member type="way" ref="368739509" role=""/>
  <member type="way" ref="368739508" role=""/>
  <member type="way" ref="231463043" role=""/>
  <member type="way" ref="704541577" role=""/>
  <member type="way" ref="704541576" role=""/>
  <member type="way" ref="231463046" role=""/>
  <member type="way" ref="368739510" role=""/>
  <member type="way" ref="368739511" role=""/>
  <member type="way" ref="97212305" role=""/>
  <member type="way" ref="24642342" role=""/>
  <member type="way" ref="24642341" role=""/>
  <member type="way" ref="631278323" role=""/>
  <member type="way" ref="231685076" role=""/>
  <member type="way" ref="138646114" role=""/>
  <member type="way" ref="704764322" role=""/>
  <member type="way" ref="704764321" role=""/>
  <member type="way" ref="704764320" role=""/>
  <member type="way" ref="138646113" role=""/>
  <member type="way" ref="92100899" role=""/>
  <member type="way" ref="44469753" role=""/>
  <member type="way" ref="865716371" role=""/>
  <member type="way" ref="704761822" role=""/>
  <member type="way" ref="383621257" role=""/>
  <member type="way" ref="28557354" role=""/>
  <member type="way" ref="28557357" role=""/>
  <member type="way" ref="145668877" role=""/>
  <member type="way" ref="145668882" role=""/>
  <member type="way" ref="955861972" role=""/>
  <member type="way" ref="955861971" role=""/>
  <member type="way" ref="955861966" role=""/>
  <member type="way" ref="955861968" role=""/>
  <member type="way" ref="955861969" role=""/>
  <member type="way" ref="955861970" role=""/>
  <member type="way" ref="704768407" role=""/>
  <member type="way" ref="704768408" role=""/>
  <member type="way" ref="704768409" role=""/>
  <member type="way" ref="955859466" role=""/>
  <member type="way" ref="15806754" role=""/>
  <member type="way" ref="5031566" role=""/>
  <member type="way" ref="183927881" role=""/>
  <member type="way" ref="183927880" role=""/>
  <member type="way" ref="955855738" role=""/>
  <member type="way" ref="955855739" role=""/>
  <member type="way" ref="955855737" role=""/>
  <member type="way" ref="955855742" role=""/>
  <member type="way" ref="704160823" role=""/>
  <member type="way" ref="704160822" role=""/>
  <member type="way" ref="704160821" role=""/>
  <member type="way" ref="97212369" role=""/>
  <member type="way" ref="97212291" role=""/>
  <member type="way" ref="97212239" role=""/>
  <member type="way" ref="97212263" role=""/>
  <member type="way" ref="1011327065" role=""/>
  <member type="way" ref="1011327064" role=""/>
  <member type="way" ref="1011282159" role=""/>
  <member type="way" ref="1011327068" role=""/>
  <member type="way" ref="1342452413" role=""/>
  <member type="way" ref="637168335" role=""/>
  <member type="way" ref="637168334" role=""/>
  <member type="way" ref="704524461" role=""/>
  <member type="way" ref="25674245" role=""/>
  <member type="way" ref="306657536" role=""/>
  <member type="way" ref="1019183987" role=""/>
  <member type="way" ref="1430302582" role=""/>
  <member type="way" ref="1019183991" role=""/>
  <member type="way" ref="306657525" role=""/>
  <member type="way" ref="1019183992" role=""/>
  <member type="way" ref="306657466" role=""/>
  <member type="way" ref="1525949256" role=""/>
  <member type="way" ref="1447703671" role=""/>
  <member type="way" ref="955850282" role=""/>
  <member type="way" ref="306657098" role=""/>
  <member type="way" ref="16588662" role=""/>
  <member type="way" ref="955850284" role=""/>
  <member type="way" ref="705040177" role=""/>
  <member type="way" ref="1451205185" role=""/>
  <member type="way" ref="79841999" role=""/>
  <member type="way" ref="533355441" role=""/>
  <member type="way" ref="1380694527" role=""/>
  <member type="way" ref="181090100" role=""/>
  <member type="way" ref="1210788931" role=""/>
  <member type="way" ref="1210788932" role=""/>
  <member type="way" ref="705045207" role=""/>
  <member type="way" ref="8514263" role=""/>
  <member type="way" ref="98321099" role=""/>
  <member type="way" ref="669153037" role=""/>
  <member type="way" ref="681116457" role=""/>
  <member type="way" ref="669146508" role=""/>
  <member type="way" ref="8514269" role=""/>
  <member type="way" ref="704508463" role=""/>
  <member type="way" ref="1233057093" role=""/>
  <member type="way" ref="805504172" role=""/>
  <member type="way" ref="761716073" role=""/>
  <member type="way" ref="805504177" role=""/>
  <member type="way" ref="320167840" role=""/>
  <member type="way" ref="121080031" role=""/>
  <member type="way" ref="121080032" role=""/>
  <member type="way" ref="661622838" role=""/>
  <member type="way" ref="661622836" role=""/>
  <member type="way" ref="661622837" role=""/>
  <member type="way" ref="175473724" role=""/>
  <member type="way" ref="190272772" role=""/>
  <member type="way" ref="13047815" role=""/>
  <member type="way" ref="175473722" role=""/>
  <member type="way" ref="320171419" role=""/>
  <member type="way" ref="1177597415" role=""/>
  <member type="way" ref="320171417" role=""/>
  <member type="way" ref="320171418" role=""/>
  <member type="way" ref="320171420" role=""/>
  <member type="way" ref="172695213" role=""/>
  <member type="way" ref="633858384" role=""/>
  <member type="way" ref="688989487" role=""/>
  <member type="way" ref="301033512" role=""/>
  <member type="way" ref="688989484" role=""/>
  <member type="way" ref="474030509" role=""/>
  <member type="way" ref="609307414" role=""/>
  <member type="way" ref="609307413" role=""/>
  <member type="way" ref="609307412" role=""/>
  <member type="way" ref="1070633530" role=""/>
  <member type="way" ref="705076635" role=""/>
  <member type="way" ref="705076634" role=""/>
  <member type="way" ref="308837165" role=""/>
  <member type="way" ref="609308064" role=""/>
  <member type="way" ref="609308070" role=""/>
  <member type="way" ref="24590556" role=""/>
  <member type="way" ref="24033084" role=""/>
  <member type="way" ref="533305802" role=""/>
  <member type="way" ref="706757253" role=""/>
  <member type="way" ref="25201432" role=""/>
  <member type="way" ref="706757250" role=""/>
  <member type="way" ref="25201433" role=""/>
  <member type="way" ref="261384002" role=""/>
  <member type="way" ref="25201594" role=""/>
  <member type="way" ref="25201593" role=""/>
  <member type="way" ref="865716373" role=""/>
  <member type="way" ref="306087692" role=""/>
  <member type="way" ref="998125034" role=""/>
  <member type="way" ref="998125036" role=""/>
  <member type="way" ref="306087781" role=""/>
  <member type="way" ref="306087692" role=""/>
  <member type="way" ref="261384008" role=""/>
  <member type="way" ref="704872553" role=""/>
  <member type="way" ref="24563991" role=""/>
  <member type="way" ref="704872552" role=""/>
  <member type="way" ref="141790668" role=""/>
  <member type="way" ref="706774508" role=""/>
  <member type="way" ref="706774509" role=""/>
  <member type="way" ref="1034802193" role=""/>
  <member type="way" ref="704852012" role=""/>
  <member type="way" ref="141790667" role=""/>
  <member type="way" ref="704852018" role=""/>
  <member type="way" ref="127628394" role=""/>
  <member type="way" ref="142145604" role=""/>
  <member type="way" ref="142144044" role=""/>
  <member type="way" ref="354925059" role=""/>
  <member type="way" ref="354925055" role=""/>
  <member type="way" ref="354925455" role=""/>
  <member type="way" ref="865716374" role=""/>
  <member type="way" ref="1450993781" role=""/>
  <member type="way" ref="1450993780" role=""/>
  <member type="way" ref="1450993778" role=""/>
  <member type="way" ref="1450993779" role=""/>
  <member type="way" ref="1450993777" role=""/>
  <member type="way" ref="1450993776" role=""/>
  <member type="way" ref="1450993775" role=""/>
  <member type="way" ref="248982496" role=""/>
  <member type="way" ref="360063356" role=""/>
  <member type="way" ref="684831220" role=""/>
  <member type="way" ref="684831219" role=""/>
  <member type="way" ref="1450993793" role=""/>
  <member type="way" ref="1450993773" role=""/>
  <member type="way" ref="1450993794" role=""/>
  <member type="way" ref="90526488" role=""/>
  <member type="way" ref="90522040" role=""/>
  <member type="way" ref="1443050727" role=""/>
  <member type="way" ref="1443050728" role=""/>
  <member type="way" ref="1443050731" role=""/>
  <member type="way" ref="1443050732" role=""/>
  <member type="way" ref="90522943" role=""/>
  <member type="way" ref="90522992" role=""/>
  <member type="way" ref="760815977" role=""/>
  <member type="way" ref="317946583" role=""/>
  <member type="way" ref="90518465" role=""/>
  <member type="way" ref="90524041" role=""/>
  <member type="way" ref="90524421" role=""/>
  <member type="way" ref="1443050736" role=""/>
  <member type="way" ref="1443050735" role=""/>
  <member type="way" ref="90516719" role=""/>
  <member type="way" ref="1443050743" role=""/>
  <member type="way" ref="1443050744" role=""/>
  <member type="way" ref="1443050747" role=""/>
  <member type="way" ref="1443050740" role=""/>
  <member type="way" ref="1443050739" role=""/>
  <member type="way" ref="1443050748" role=""/>
  <member type="way" ref="1443050751" role=""/>
  <member type="way" ref="1443050752" role=""/>
  <member type="way" ref="1443050759" role=""/>
  <member type="way" ref="1443050760" role=""/>
  <member type="way" ref="1444363389" role=""/>
  <member type="way" ref="1444363390" role=""/>
  <member type="way" ref="1448652652" role=""/>
  <member type="way" ref="1448652651" role=""/>
  <member type="way" ref="1448652650" role=""/>
  <member type="way" ref="1448652649" role=""/>
  <member type="way" ref="1448652648" role=""/>
  <member type="way" ref="1448652647" role=""/>
  <member type="way" ref="373602799" role=""/>
  <member type="way" ref="1443050756" role=""/>
  <member type="way" ref="1443050755" role=""/>
  <member type="way" ref="373602796" role=""/>
  <member type="way" ref="1362846680" role=""/>
  <member type="way" ref="1444363395" role=""/>
  <member type="way" ref="1445798805" role=""/>
  <member type="way" ref="1448652611" role=""/>
  <member type="way" ref="1448652610" role=""/>
  <member type="way" ref="373602793" role=""/>
  <member type="way" ref="1448652617" role=""/>
  <member type="way" ref="1448652618" role=""/>
  <member type="way" ref="1448652619" role=""/>
  <member type="way" ref="1448652620" role=""/>
  <member type="way" ref="1448652621" role=""/>
  <member type="way" ref="1448652622" role=""/>
  <member type="way" ref="1448652614" role=""/>
  <member type="way" ref="1448652627" role=""/>
  <member type="way" ref="1448652626" role=""/>
  <member type="way" ref="1448652625" role=""/>
  <member type="way" ref="1448652624" role=""/>
  <member type="way" ref="1448652623" role=""/>
  <member type="way" ref="1448652615" role=""/>
  <member type="way" ref="1448652616" role=""/>
  <member type="way" ref="1448652628" role=""/>
  <member type="way" ref="76254685" role=""/>
  <member type="way" ref="591911138" role=""/>
  <member type="way" ref="591911137" role=""/>
  <member type="way" ref="518699449" role=""/>
  <member type="way" ref="518699451" role=""/>
  <member type="way" ref="563315159" role=""/>
  <member type="way" ref="563315157" role=""/>
  <member type="way" ref="563315180" role=""/>
  <member type="way" ref="563315179" role=""/>
  <member type="way" ref="563315163" role=""/>
  <member type="way" ref="563315167" role=""/>
  <member type="way" ref="563315173" role=""/>
  <member type="way" ref="563315172" role=""/>
  <member type="way" ref="442569499" role=""/>
  <member type="way" ref="442569498" role=""/>
  <member type="way" ref="862362411" role=""/>
  <member type="way" ref="862362412" role=""/>
  <member type="way" ref="851719256" role=""/>
  <member type="way" ref="359144415" role=""/>
  <member type="way" ref="359144422" role=""/>
  <member type="way" ref="567416155" role=""/>
  <member type="way" ref="123715948" role=""/>
  <member type="way" ref="548894911" role=""/>
  <member type="way" ref="548894912" role=""/>
  <member type="way" ref="862362375" role=""/>
  <member type="way" ref="862362374" role=""/>
  <member type="way" ref="672715418" role=""/>
  <member type="way" ref="672715419" role=""/>
  <member type="way" ref="549993137" role=""/>
  <member type="way" ref="591911047" role=""/>
  <member type="way" ref="591911048" role=""/>
  <member type="way" ref="548894881" role=""/>
  <member type="way" ref="548894877" role=""/>
  <member type="way" ref="548894868" role=""/>
  <member type="way" ref="548894872" role=""/>
  <member type="way" ref="591911029" role=""/>
  <member type="way" ref="591911028" role=""/>
  <member type="way" ref="591911025" role=""/>
  <member type="way" ref="549993135" role=""/>
  <member type="way" ref="591911024" role=""/>
  <member type="way" ref="591911023" role=""/>
  <member type="way" ref="319211414" role=""/>
  <member type="way" ref="319211399" role=""/>
  <member type="way" ref="181470369" role=""/>
  <member type="way" ref="183951381" role=""/>
  <member type="way" ref="183951379" role=""/>
  <member type="way" ref="110372981" role=""/>
  <member type="way" ref="776804260" role=""/>
  <member type="way" ref="110372991" role=""/>
  <member type="way" ref="107540273" role=""/>
  <member type="way" ref="107540274" role=""/>
  <member type="way" ref="319211417" role=""/>
  <member type="way" ref="319211427" role=""/>
  <member type="way" ref="591888511" role=""/>
  <member type="way" ref="591888506" role=""/>
  <member type="way" ref="591888508" role=""/>
  <member type="way" ref="107536566" role=""/>
  <member type="way" ref="569034268" role=""/>
  <member type="way" ref="567410692" role=""/>
  <member type="way" ref="569034270" role=""/>
  <member type="way" ref="80588630" role=""/>
  <member type="way" ref="80588638" role=""/>
  <member type="way" ref="80588629" role=""/>
  <member type="way" ref="591888520" role=""/>
  <member type="way" ref="591888517" role=""/>
  <member type="way" ref="567406077" role=""/>
  <member type="way" ref="279950235" role=""/>
  <member type="way" ref="591888531" role=""/>
  <member type="way" ref="569034279" role=""/>
  <member type="way" ref="569034280" role=""/>
  <member type="way" ref="591888535" role=""/>
  <member type="way" ref="591888540" role=""/>
  <member type="way" ref="591888542" role=""/>
  <member type="way" ref="591888544" role=""/>
  <member type="way" ref="591888557" role=""/>
  <member type="way" ref="19381708" role=""/>
  <member type="way" ref="174952875" role=""/>
  <member type="way" ref="76254675" role=""/>
  <member type="way" ref="85446656" role=""/>
  <member type="way" ref="387663363" role=""/>
  <member type="way" ref="865778920" role=""/>
  <member type="way" ref="19381715" role=""/>
  <member type="way" ref="387663361" role=""/>
  <member type="way" ref="137052644" role=""/>
  <member type="way" ref="137052645" role=""/>
  <member type="way" ref="181589970" role=""/>
  <member type="way" ref="720448515" role=""/>
  <member type="way" ref="19381546" role=""/>
  <member type="way" ref="1304435929" role=""/>
  <member type="way" ref="387663364" role=""/>
  <member type="way" ref="387663365" role=""/>
  <member type="way" ref="387697234" role=""/>
  <member type="way" ref="387697230" role=""/>
  <member type="way" ref="387697235" role=""/>
  <member type="way" ref="387697229" role=""/>
  <member type="way" ref="387697227" role=""/>
  <member type="way" ref="1382285385" role=""/>
  <member type="way" ref="1382285384" role=""/>
  <member type="way" ref="387697231" role=""/>
  <member type="way" ref="387697226" role=""/>
  <member type="way" ref="567379369" role=""/>
  <member type="way" ref="387697233" role=""/>
  <member type="way" ref="79838830" role=""/>
  <member type="way" ref="387697225" role=""/>
  <member type="way" ref="387697228" role=""/>
  <member type="way" ref="567374102" role=""/>
  <member type="way" ref="387697232" role=""/>
  <member type="way" ref="1149501825" role=""/>
  <member type="way" ref="1149501826" role=""/>
  <member type="way" ref="305483615" role=""/>
  <member type="way" ref="389031423" role=""/>
  <member type="way" ref="389031425" role=""/>
  <member type="way" ref="1101473640" role=""/>
  <member type="way" ref="389031419" role=""/>
  <member type="way" ref="305395348" role=""/>
  <member type="way" ref="219144236" role=""/>
  <member type="way" ref="389031418" role=""/>
  <member type="way" ref="389031426" role=""/>
  <member type="way" ref="389031431" role=""/>
  <member type="way" ref="389031428" role=""/>
  <member type="way" ref="1382006205" role=""/>
  <member type="way" ref="1382006206" role=""/>
  <member type="way" ref="219144237" role=""/>
  <member type="way" ref="1388268221" role=""/>
  <member type="way" ref="389031424" role=""/>
  <member type="way" ref="154716921" role=""/>
  <member type="way" ref="389031417" role=""/>
  <member type="way" ref="389031422" role=""/>
  <member type="way" ref="567372628" role=""/>
  <member type="way" ref="389031420" role=""/>
  <member type="way" ref="1382004993" role=""/>
  <member type="way" ref="1382004994" role=""/>
  <member type="way" ref="1382004987" role=""/>
  <member type="way" ref="1382004988" role=""/>
  <member type="way" ref="154716924" role=""/>
  <member type="way" ref="389186464" role=""/>
  <member type="way" ref="389186463" role=""/>
  <member type="way" ref="567370477" role=""/>
  <member type="way" ref="389186467" role=""/>
  <member type="way" ref="154714701" role=""/>
  <member type="way" ref="389186465" role=""/>
  <member type="way" ref="114857831" role=""/>
  <member type="way" ref="549605651" role=""/>
  <member type="way" ref="25726157" role=""/>
  <member type="way" ref="389186466" role=""/>
  <member type="way" ref="25726168" role=""/>
  <member type="way" ref="154700621" role=""/>
  <member type="way" ref="154700622" role=""/>
  <member type="way" ref="154700626" role=""/>
  <member type="way" ref="154700619" role=""/>
  <member type="way" ref="392988610" role=""/>
  <member type="way" ref="392988600" role=""/>
  <member type="way" ref="567198396" role=""/>
  <member type="way" ref="392988604" role=""/>
  <member type="way" ref="392988615" role=""/>
  <member type="way" ref="4381283" role=""/>
  <member type="way" ref="154697690" role=""/>
  <member type="way" ref="154697699" role=""/>
  <member type="way" ref="392988608" role=""/>
  <member type="way" ref="392988613" role=""/>
  <member type="way" ref="305064605" role=""/>
  <member type="way" ref="665964203" role=""/>
  <member type="way" ref="656763237" role=""/>
  <member type="way" ref="656610266" role=""/>
  <member type="way" ref="665964207" role=""/>
  <member type="way" ref="392988599" role=""/>
  <member type="way" ref="693620044" role=""/>
  <member type="way" ref="114855753" role=""/>
  <member type="way" ref="549605649" role=""/>
  <member type="way" ref="389190817" role=""/>
  <member type="way" ref="392988603" role=""/>
  <member type="way" ref="389190816" role=""/>
  <member type="way" ref="393184733" role=""/>
  <member type="way" ref="393184703" role=""/>
  <member type="way" ref="389190807" role=""/>
  <member type="way" ref="393184677" role=""/>
  <member type="way" ref="129700111" role=""/>
  <member type="way" ref="393184647" role=""/>
  <member type="way" ref="393184720" role=""/>
  <member type="way" ref="549605648" role=""/>
  <member type="way" ref="393184662" role=""/>
  <member type="way" ref="305044406" role=""/>
  <member type="way" ref="1383730756" role=""/>
  <member type="way" ref="1383730755" role=""/>
  <member type="way" ref="393184654" role=""/>
  <member type="way" ref="393184727" role=""/>
  <member type="way" ref="393184690" role=""/>
  <member type="way" ref="393184710" role=""/>
  <member type="way" ref="393184697" role=""/>
  <member type="way" ref="393184670" role=""/>
  <member type="way" ref="567198176" role=""/>
  <member type="way" ref="393184684" role=""/>
  <member type="way" ref="305044404" role=""/>
  <member type="way" ref="393474515" role=""/>
  <member type="way" ref="393474514" role=""/>
  <member type="way" ref="567198022" role=""/>
  <member type="way" ref="393474517" role=""/>
  <member type="way" ref="27805041" role=""/>
  <member type="way" ref="83675956" role=""/>
  <member type="way" ref="83675957" role=""/>
  <member type="way" ref="204718805" role=""/>
  <member type="way" ref="204718806" role=""/>
  <member type="way" ref="393474513" role=""/>
  <member type="way" ref="393474518" role=""/>
  <member type="way" ref="393474516" role=""/>
  <member type="way" ref="315249969" role=""/>
  <member type="way" ref="393680553" role=""/>
  <member type="way" ref="393680531" role=""/>
  <member type="way" ref="567197503" role=""/>
  <member type="way" ref="393680609" role=""/>
  <member type="way" ref="317419912" role=""/>
  <member type="way" ref="25730763" role=""/>
  <member type="way" ref="25730764" role=""/>
  <member type="way" ref="393680578" role=""/>
  <member type="way" ref="393680737" role=""/>
  <member type="way" ref="612986986" role=""/>
  <member type="way" ref="24242411" role=""/>
  <member type="way" ref="498017647" role=""/>
  <member type="way" ref="105472985" role=""/>
  <member type="way" ref="105472997" role=""/>
  <member type="way" ref="105472991" role=""/>
  <member type="way" ref="105473015" role=""/>
  <member type="way" ref="105472978" role=""/>
  <member type="way" ref="612986983" role=""/>
  <member type="way" ref="612986984" role=""/>
  <member type="way" ref="612986985" role=""/>
  <member type="way" ref="105472972" role=""/>
  <member type="way" ref="300548395" role=""/>
  <member type="way" ref="300548384" role=""/>
  <member type="way" ref="300548348" role=""/>
  <member type="way" ref="290263779" role=""/>
  <member type="way" ref="290263765" role=""/>
  <member type="way" ref="290263769" role=""/>
  <member type="way" ref="228203266" role=""/>
  <member type="way" ref="290263774" role=""/>
  <member type="way" ref="25635769" role=""/>
  <member type="way" ref="116413200" role=""/>
  <member type="way" ref="8105073" role=""/>
  <member type="way" ref="148897347" role=""/>
  <member type="way" ref="148897351" role=""/>
  <member type="way" ref="8074769" role=""/>
  <member type="way" ref="290263767" role=""/>
  <member type="way" ref="290263778" role=""/>
  <member type="way" ref="290263772" role=""/>
  <member type="way" ref="782544002" role=""/>
  <member type="way" ref="290263768" role=""/>
  <member type="way" ref="290263776" role=""/>
  <member type="way" ref="290263780" role=""/>
  <member type="way" ref="25635647" role=""/>
  <member type="way" ref="117068917" role=""/>
  <member type="way" ref="117068923" role=""/>
  <member type="way" ref="117068924" role=""/>
  <member type="way" ref="148898547" role=""/>
  <member type="way" ref="639178048" role=""/>
  <member type="way" ref="25635655" role=""/>
  <member type="way" ref="74860192" role=""/>
  <member type="way" ref="148898551" role=""/>
  <member type="way" ref="149179564" role=""/>
  <member type="way" ref="149179567" role=""/>
  <member type="way" ref="5234531" role=""/>
  <member type="way" ref="317085919" role=""/>
  <member type="way" ref="290263762" role=""/>
  <member type="way" ref="317085921" role=""/>
  <member type="way" ref="490387550" role=""/>
  <member type="way" ref="173152586" role=""/>
  <member type="way" ref="25635427" role=""/>
  <member type="way" ref="25635428" role=""/>
  <member type="way" ref="173151879" role=""/>
  <member type="way" ref="290263766" role=""/>
  <member type="way" ref="290263775" role=""/>
  <member type="way" ref="279750448" role=""/>
  <member type="way" ref="290263764" role=""/>
  <member type="way" ref="15886848" role=""/>
  <member type="way" ref="184501676" role=""/>
  <member type="way" ref="290263771" role=""/>
  <member type="way" ref="290263761" role=""/>
  <member type="way" ref="290263770" role=""/>
  <member type="way" ref="290263763" role=""/>
  <member type="way" ref="290263777" role=""/>
  <member type="way" ref="27817215" role=""/>
  <member type="way" ref="8106069" role=""/>
  <member type="way" ref="41969761" role=""/>
  <member type="way" ref="41969762" role=""/>
  <member type="way" ref="570438078" role=""/>
  <member type="way" ref="300304840" role=""/>
  <member type="way" ref="41969754" role=""/>
  <member type="way" ref="41969755" role=""/>
  <member type="way" ref="41969768" role=""/>
  <member type="way" ref="8106067" role=""/>
  <member type="way" ref="300304850" role=""/>
  <member type="way" ref="236243047" role=""/>
  <member type="way" ref="109442710" role=""/>
  <member type="way" ref="109442717" role=""/>
  <member type="way" ref="968711463" role=""/>
  <member type="way" ref="300304834" role=""/>
  <member type="way" ref="300304887" role=""/>
  <member type="way" ref="618102025" role=""/>
  <member type="way" ref="300304879" role=""/>
  <member type="way" ref="300304895" role=""/>
  <member type="way" ref="570293680" role=""/>
  <member type="way" ref="401121555" role=""/>
  <member type="way" ref="1263218901" role=""/>
  <member type="way" ref="300304873" role=""/>
  <member type="way" ref="570293685" role=""/>
  <member type="way" ref="570293684" role=""/>
  <member type="way" ref="667771475" role=""/>
  <member type="way" ref="631419760" role=""/>
  <member type="way" ref="570293686" role=""/>
  <member type="way" ref="366854891" role=""/>
  <member type="way" ref="570293688" role=""/>
  <member type="way" ref="4395806" role=""/>
  <member type="way" ref="135882018" role=""/>
  <member type="way" ref="135882019" role=""/>
  <member type="way" ref="25634450" role=""/>
  <member type="way" ref="570293689" role=""/>
  <member type="way" ref="570293690" role=""/>
  <member type="way" ref="570293691" role=""/>
  <member type="way" ref="1246910612" role=""/>
  <member type="way" ref="1246910611" role=""/>
  <member type="way" ref="27804666" role=""/>
  <member type="way" ref="25941051" role=""/>
  <member type="way" ref="1246910609" role=""/>
  <member type="way" ref="25941069" role=""/>
  <member type="way" ref="1246910610" role=""/>
  <member type="way" ref="103012614" role=""/>
  <member type="way" ref="115892975" role=""/>
  <member type="way" ref="25940781" role=""/>
  <member type="way" ref="25940312" role=""/>
  <member type="way" ref="549591663" role=""/>
  <member type="way" ref="25940285" role=""/>
  <member type="way" ref="115796851" role=""/>
  <member type="way" ref="578634162" role=""/>
  <member type="way" ref="578634161" role=""/>
  <member type="way" ref="327439894" role=""/>
  <member type="way" ref="327439892" role=""/>
  <member type="way" ref="25939753" role=""/>
  <member type="way" ref="25939746" role=""/>
  <member type="way" ref="576920620" role=""/>
  <member type="way" ref="562404749" role=""/>
  <member type="way" ref="578634147" role=""/>
  <member type="way" ref="578634146" role=""/>
  <member type="way" ref="578634143" role=""/>
  <member type="way" ref="578634142" role=""/>
  <member type="way" ref="578634139" role=""/>
  <member type="way" ref="578634140" role=""/>
  <member type="way" ref="578634136" role=""/>
  <member type="way" ref="578634135" role=""/>
  <member type="way" ref="25938879" role=""/>
  <member type="way" ref="25938880" role=""/>
  <member type="way" ref="578634129" role=""/>
  <member type="way" ref="25938834" role=""/>
  <member type="way" ref="671703523" role=""/>
  <member type="way" ref="671703518" role=""/>
  <member type="way" ref="578634118" role=""/>
  <member type="way" ref="578634117" role=""/>
  <member type="way" ref="25938793" role=""/>
  <member type="way" ref="578634119" role=""/>
  <member type="way" ref="578634116" role=""/>
  <member type="way" ref="564319991" role=""/>
  <member type="way" ref="578634110" role=""/>
  <member type="way" ref="309267175" role=""/>
  <member type="way" ref="309267177" role=""/>
  <member type="way" ref="578634114" role=""/>
  <member type="way" ref="284407666" role=""/>
  <member type="way" ref="578634105" role=""/>
  <member type="way" ref="578634104" role=""/>
  <member type="way" ref="184625440" role=""/>
  <member type="way" ref="578634103" role=""/>
  <member type="way" ref="578634100" role=""/>
  <member type="way" ref="578634099" role=""/>
  <member type="way" ref="578634096" role=""/>
  <member type="way" ref="184625426" role=""/>
  <member type="way" ref="578624503" role=""/>
  <member type="way" ref="578624502" role=""/>
  <member type="way" ref="578624501" role=""/>
  <member type="way" ref="549591666" role=""/>
  <member type="way" ref="578624494" role=""/>
  <member type="way" ref="578624495" role=""/>
  <member type="way" ref="155160998" role=""/>
  <member type="way" ref="558229645" role=""/>
  <member type="way" ref="558229642" role=""/>
  <member type="way" ref="155161001" role=""/>
  <member type="way" ref="578624493" role=""/>
  <member type="way" ref="578624492" role=""/>
  <member type="way" ref="578624491" role=""/>
  <member type="way" ref="578624488" role=""/>
  <member type="way" ref="578624487" role=""/>
  <member type="way" ref="29428116" role=""/>
  <member type="way" ref="29428118" role=""/>
  <member type="way" ref="344450791" role=""/>
  <member type="way" ref="344450800" role=""/>
  <member type="way" ref="344450805" role=""/>
  <member type="way" ref="155161006" role=""/>
  <member type="way" ref="155161018" role=""/>
  <member type="way" ref="578605743" role=""/>
  <member type="way" ref="578605732" role=""/>
  <member type="way" ref="578605730" role=""/>
  <member type="way" ref="578605731" role=""/>
  <member type="way" ref="564327258" role=""/>
  <member type="way" ref="25938678" role=""/>
  <member type="way" ref="25938680" role=""/>
  <member type="way" ref="573250269" role=""/>
  <member type="way" ref="228040096" role=""/>
  <member type="way" ref="228040094" role=""/>
  <member type="way" ref="578603840" role=""/>
  <member type="way" ref="578603839" role=""/>
  <member type="way" ref="578603838" role=""/>
  <member type="way" ref="136106541" role=""/>
  <member type="way" ref="136106546" role=""/>
  <member type="way" ref="578603835" role=""/>
  <member type="way" ref="578603836" role=""/>
  <member type="way" ref="578603832" role=""/>
  <member type="way" ref="578603831" role=""/>
  <member type="way" ref="342759156" role=""/>
  <member type="way" ref="25938589" role=""/>
  <member type="way" ref="245209071" role=""/>
  <member type="way" ref="564336169" role=""/>
  <member type="way" ref="564336173" role=""/>
  <member type="way" ref="245209072" role=""/>
  <member type="way" ref="25938588" role=""/>
  <member type="way" ref="578603828" role=""/>
  <member type="way" ref="334978155" role=""/>
  <member type="way" ref="334978154" role=""/>
  <member type="way" ref="578599989" role=""/>
  <member type="way" ref="578599992" role=""/>
  <member type="way" ref="578599993" role=""/>
  <member type="way" ref="564338063" role=""/>
  <member type="way" ref="568985687" role=""/>
  <member type="way" ref="578599984" role=""/>
  <member type="way" ref="578599986" role=""/>
  <member type="way" ref="578599977" role=""/>
  <member type="way" ref="578599976" role=""/>
  <member type="way" ref="81114942" role=""/>
  <member type="way" ref="549426464" role=""/>
  <member type="way" ref="578599982" role=""/>
  <member type="way" ref="1030826743" role=""/>
  <member type="way" ref="1030826744" role=""/>
  <member type="way" ref="578599981" role=""/>
  <member type="way" ref="187141583" role=""/>
  <member type="way" ref="615791561" role=""/>
  <member type="way" ref="615791560" role=""/>
  <member type="way" ref="615791559" role=""/>
  <member type="way" ref="615791558" role=""/>
  <member type="way" ref="1273255435" role=""/>
  <member type="way" ref="1273255436" role=""/>
  <member type="way" ref="187141586" role=""/>
  <member type="way" ref="615791556" role=""/>
  <member type="way" ref="615791555" role=""/>
  <member type="way" ref="615791557" role=""/>
  <member type="way" ref="615791554" role=""/>
  <member type="way" ref="565539870" role=""/>
  <member type="way" ref="565539872" role=""/>
  <member type="way" ref="25938195" role=""/>
  <member type="way" ref="549426465" role=""/>
  <member type="way" ref="565150433" role=""/>
  <member type="way" ref="565150435" role=""/>
  <member type="way" ref="565150434" role=""/>
  <member type="way" ref="959537360" role=""/>
  <member type="way" ref="25938080" role=""/>
  <member type="way" ref="25938081" role=""/>
  <member type="way" ref="565539876" role=""/>
  <member type="way" ref="565539878" role=""/>
  <member type="way" ref="565539882" role=""/>
  <member type="way" ref="565539880" role=""/>
  <member type="way" ref="565539887" role=""/>
  <member type="way" ref="565539889" role=""/>
  <member type="way" ref="563145673" role=""/>
  <member type="way" ref="565539888" role=""/>
  <member type="way" ref="564359183" role=""/>
  <member type="way" ref="565930293" role=""/>
  <member type="way" ref="565930294" role=""/>
  <member type="way" ref="565930295" role=""/>
  <member type="way" ref="563145675" role=""/>
  <member type="way" ref="565930296" role=""/>
  <member type="way" ref="565930298" role=""/>
  <member type="way" ref="565930297" role=""/>
  <member type="way" ref="168192106" role=""/>
  <member type="way" ref="168192098" role=""/>
  <member type="way" ref="565930300" role=""/>
  <member type="way" ref="565930307" role=""/>
  <member type="way" ref="81109352" role=""/>
  <member type="way" ref="573235258" role=""/>
  <member type="way" ref="117589391" role=""/>
  <member type="way" ref="577804011" role=""/>
  <member type="way" ref="577804016" role=""/>
  <member type="way" ref="117589388" role=""/>
  <member type="way" ref="565930308" role=""/>
  <member type="way" ref="565930309" role=""/>
  <member type="way" ref="482809861" role=""/>
  <member type="way" ref="566142196" role=""/>
  <member type="way" ref="566142197" role=""/>
  <member type="way" ref="147962529" role=""/>
  <member type="way" ref="564382582" role=""/>
  <member type="way" ref="566142198" role=""/>
  <member type="way" ref="566142199" role=""/>
  <member type="way" ref="228682153" role=""/>
  <member type="way" ref="566142200" role=""/>
  <member type="way" ref="577610232" role=""/>
  <member type="way" ref="577610229" role=""/>
  <member type="way" ref="228682155" role=""/>
  <member type="way" ref="577610228" role=""/>
  <member type="way" ref="566142201" role=""/>
  <member type="way" ref="27832854" role=""/>
  <member type="way" ref="566142202" role=""/>
  <member type="way" ref="117406151" role=""/>
  <member type="way" ref="566142203" role=""/>
  <member type="way" ref="132112997" role=""/>
  <member type="way" ref="132112998" role=""/>
  <member type="way" ref="146793435" role=""/>
  <member type="way" ref="146793427" role=""/>
  <member type="way" ref="566312574" role=""/>
  <member type="way" ref="577610197" role=""/>
  <member type="way" ref="577610199" role=""/>
  <member type="way" ref="577610198" role=""/>
  <member type="way" ref="566312573" role=""/>
  <member type="way" ref="117166335" role=""/>
  <member type="way" ref="549591668" role=""/>
  <member type="way" ref="566784288" role=""/>
  <member type="way" ref="566784289" role=""/>
  <member type="way" ref="567950974" role=""/>
  <member type="way" ref="25937849" role=""/>
  <member type="way" ref="117163535" role=""/>
  <member type="way" ref="435061604" role=""/>
  <member type="way" ref="117163534" role=""/>
  <member type="way" ref="577610132" role=""/>
  <member type="way" ref="25937848" role=""/>
  <member type="way" ref="557674787" role=""/>
  <member type="way" ref="435061601" role=""/>
  <member type="way" ref="435061600" role=""/>
  <member type="way" ref="435061598" role=""/>
  <member type="way" ref="129808542" role=""/>
  <member type="way" ref="129808549" role=""/>
  <member type="way" ref="106522559" role=""/>
  <member type="way" ref="106522557" role=""/>
  <member type="way" ref="25937749" role=""/>
  <member type="way" ref="117965154" role=""/>
  <member type="way" ref="124728265" role=""/>
  <member type="way" ref="124728261" role=""/>
  <member type="way" ref="130769534" role=""/>
  <member type="way" ref="130769536" role=""/>
  <member type="way" ref="25937710" role=""/>
  <member type="way" ref="25937677" role=""/>
  <member type="way" ref="568468175" role=""/>
  <member type="way" ref="568468179" role=""/>
  <member type="way" ref="26277008" role=""/>
  <member type="way" ref="26277010" role=""/>
  <member type="way" ref="160683394" role=""/>
  <member type="way" ref="557674798" role=""/>
  <member type="way" ref="160683389" role=""/>
  <member type="way" ref="577610106" role=""/>
  <member type="way" ref="577610107" role=""/>
  <member type="way" ref="568468186" role=""/>
  <member type="way" ref="121068963" role=""/>
  <member type="way" ref="568644495" role=""/>
  <member type="way" ref="568644496" role=""/>
  <member type="way" ref="568644497" role=""/>
  <member type="way" ref="568644499" role=""/>
  <member type="way" ref="568644498" role=""/>
  <member type="way" ref="568707455" role=""/>
  <member type="way" ref="568707458" role=""/>
  <member type="way" ref="568707465" role=""/>
  <member type="way" ref="563298755" role=""/>
  <member type="way" ref="563298753" role=""/>
  <member type="way" ref="568707475" role=""/>
  <member type="way" ref="568707470" role=""/>
  <member type="way" ref="569215719" role=""/>
  <member type="way" ref="569215723" role=""/>
  <member type="way" ref="569215727" role=""/>
  <member type="way" ref="569215731" role=""/>
  <member type="way" ref="569300698" role=""/>
  <member type="way" ref="569300700" role=""/>
  <member type="way" ref="569300699" role=""/>
  <member type="way" ref="569300701" role=""/>
  <member type="way" ref="569300703" role=""/>
  <member type="way" ref="569300702" role=""/>
  <member type="way" ref="666520686" role=""/>
  <member type="way" ref="666520684" role=""/>
  <member type="way" ref="577548298" role=""/>
  <member type="way" ref="577548295" role=""/>
  <member type="way" ref="569300704" role=""/>
  <member type="way" ref="569300705" role=""/>
  <member type="way" ref="577548287" role=""/>
  <member type="way" ref="577548286" role=""/>
  <member type="way" ref="569367973" role=""/>
  <member type="way" ref="569375299" role=""/>
  <member type="way" ref="81076158" role=""/>
  <member type="way" ref="564391534" role=""/>
  <member type="way" ref="27824370" role=""/>
  <member type="way" ref="569375301" role=""/>
  <member type="way" ref="569675635" role=""/>
  <member type="way" ref="569675638" role=""/>
  <member type="way" ref="569675636" role=""/>
  <member type="way" ref="569675640" role=""/>
  <member type="way" ref="569675645" role=""/>
  <member type="way" ref="569675643" role=""/>
  <member type="way" ref="569675650" role=""/>
  <member type="way" ref="169600002" role=""/>
  <member type="way" ref="27815216" role=""/>
  <member type="way" ref="549818314" role=""/>
  <member type="way" ref="569675652" role=""/>
  <member type="way" ref="570383963" role=""/>
  <member type="way" ref="569675655" role=""/>
  <member type="way" ref="569728985" role=""/>
  <member type="way" ref="656763236" role=""/>
  <member type="way" ref="549591671" role=""/>
  <member type="way" ref="564392157" role=""/>
  <member type="way" ref="569728986" role=""/>
  <member type="way" ref="569729832" role=""/>
  <member type="way" ref="25937124" role=""/>
  <member type="way" ref="25937121" role=""/>
  <member type="way" ref="569207731" role=""/>
  <member type="way" ref="570383954" role=""/>
  <member type="way" ref="589079846" role=""/>
  <member type="way" ref="547893187" role=""/>
  <member type="way" ref="549591674" role=""/>
  <member type="way" ref="547893188" role=""/>
  <member type="way" ref="547893190" role=""/>
  <member type="way" ref="569749022" role=""/>
  <member type="way" ref="547893189" role=""/>
  <member type="way" ref="559549381" role=""/>
  <member type="way" ref="1025637458" role=""/>
  <member type="way" ref="90697597" role=""/>
  <member type="way" ref="760707205" role=""/>
  <member type="way" ref="559549385" role=""/>
  <member type="way" ref="570383938" role=""/>
  <member type="way" ref="559549388" role=""/>
  <member type="way" ref="1001046253" role=""/>
  <member type="way" ref="559549391" role=""/>
  <member type="way" ref="559549394" role=""/>
  <member type="way" ref="559549399" role=""/>
  <member type="way" ref="4585731" role=""/>
  <member type="way" ref="559549402" role=""/>
  <member type="way" ref="558229638" role=""/>
  <member type="way" ref="199190471" role=""/>
  <member type="way" ref="780109681" role=""/>
  <member type="way" ref="780109679" role=""/>
  <member type="way" ref="199190476" role=""/>
  <member type="way" ref="199190478" role=""/>
  <member type="way" ref="199190473" role=""/>
  <member type="way" ref="199190464" role=""/>
  <member type="way" ref="199190466" role=""/>
  <member type="way" ref="571810916" role=""/>
  <member type="way" ref="199190479" role=""/>
  <member type="way" ref="199190472" role=""/>
  <member type="way" ref="199190474" role=""/>
  <member type="way" ref="199190469" role=""/>
  <member type="way" ref="42977892" role=""/>
  <member type="way" ref="42988974" role=""/>
  <member type="way" ref="42978097" role=""/>
  <member type="way" ref="42988869" role=""/>
  <member type="way" ref="199184278" role=""/>
  <member type="way" ref="199184280" role=""/>
  <member type="way" ref="199184272" role=""/>
  <member type="way" ref="199184263" role=""/>
  <member type="way" ref="199184267" role=""/>
  <member type="way" ref="199184281" role=""/>
  <member type="way" ref="199184293" role=""/>
  <member type="way" ref="35979041" role=""/>
  <member type="way" ref="42988868" role=""/>
  <member type="way" ref="417351711" role=""/>
  <member type="way" ref="417351706" role=""/>
  <member type="way" ref="199184266" role=""/>
  <member type="way" ref="199184291" role=""/>
  <member type="way" ref="180830416" role=""/>
  <member type="way" ref="180830418" role=""/>
  <member type="way" ref="199184282" role=""/>
  <member type="way" ref="199184285" role=""/>
  <member type="way" ref="199184274" role=""/>
  <member type="way" ref="199184275" role=""/>
  <member type="way" ref="199184277" role=""/>
  <member type="way" ref="199184269" role=""/>
  <member type="way" ref="199184271" role=""/>
  <member type="way" ref="161217375" role=""/>
  <member type="way" ref="161217385" role=""/>
  <member type="way" ref="123319403" role=""/>
  <member type="way" ref="42988867" role=""/>
  <member type="way" ref="180830412" role=""/>
  <member type="way" ref="180830417" role=""/>
  <member type="way" ref="199172806" role=""/>
  <member type="way" ref="199172793" role=""/>
  <member type="way" ref="199172825" role=""/>
  <member type="way" ref="199172819" role=""/>
  <member type="way" ref="335654108" role=""/>
  <member type="way" ref="199172800" role=""/>
  <member type="way" ref="199172818" role=""/>
  <member type="way" ref="199172787" role=""/>
  <member type="way" ref="199172785" role=""/>
  <member type="way" ref="199172791" role=""/>
  <member type="way" ref="1208654866" role=""/>
  <member type="way" ref="199172789" role=""/>
  <member type="way" ref="1208654865" role=""/>
  <member type="way" ref="199172820" role=""/>
  <member type="way" ref="199172784" role=""/>
  <member type="way" ref="199172792" role=""/>
  <member type="way" ref="199172808" role=""/>
  <member type="way" ref="1208654861" role=""/>
  <member type="way" ref="199172816" role=""/>
  <member type="way" ref="1208654862" role=""/>
  <member type="way" ref="199172814" role=""/>
  <member type="way" ref="199172795" role=""/>
  <member type="way" ref="1208654857" role=""/>
  <member type="way" ref="199172826" role=""/>
  <member type="way" ref="561892736" role=""/>
  <member type="way" ref="35801899" role=""/>
  <member type="way" ref="35801898" role=""/>
  <member type="way" ref="35801855" role=""/>
  <member type="way" ref="35801853" role=""/>
  <member type="way" ref="199164486" role=""/>
  <member type="way" ref="199164490" role=""/>
  <member type="way" ref="172132849" role=""/>
  <member type="way" ref="172132854" role=""/>
  <member type="way" ref="172132357" role=""/>
  <member type="way" ref="172132359" role=""/>
  <member type="way" ref="198978437" role=""/>
  <member type="way" ref="127480226" role=""/>
  <member type="way" ref="148591278" role=""/>
  <member type="way" ref="198978438" role=""/>
  <member type="way" ref="198978439" role=""/>
  <member type="way" ref="198978436" role=""/>
  <member type="way" ref="852971006" role=""/>
  <member type="way" ref="852971005" role=""/>
  <member type="way" ref="148591303" role=""/>
  <member type="way" ref="100215388" role=""/>
  <member type="way" ref="100215384" role=""/>
  <member type="way" ref="148591283" role=""/>
  <member type="way" ref="148590201" role=""/>
  <member type="way" ref="148591312" role=""/>
  <member type="way" ref="198983590" role=""/>
  <member type="way" ref="35992101" role=""/>
  <member type="way" ref="35991000" role=""/>
  <member type="way" ref="198983564" role=""/>
  <member type="way" ref="198983572" role=""/>
  <member type="way" ref="198983567" role=""/>
  <member type="way" ref="198983578" role=""/>
  <member type="way" ref="198983584" role=""/>
  <member type="way" ref="198983568" role=""/>
  <member type="way" ref="198983576" role=""/>
  <member type="way" ref="1174951580" role=""/>
  <member type="way" ref="1161458226" role=""/>
  <member type="way" ref="1161458225" role=""/>
  <member type="way" ref="1153502404" role=""/>
  <member type="way" ref="1153502403" role=""/>
  <member type="way" ref="198983553" role=""/>
  <member type="way" ref="198983560" role=""/>
  <member type="way" ref="198983565" role=""/>
  <member type="way" ref="198983588" role=""/>
  <member type="way" ref="198983555" role=""/>
  <member type="way" ref="35989656" role=""/>
  <member type="way" ref="35989655" role=""/>
  <member type="way" ref="198983557" role=""/>
  <member type="way" ref="198983549" role=""/>
  <member type="way" ref="39817944" role=""/>
  <member type="way" ref="39817943" role=""/>
  <member type="way" ref="127949313" role=""/>
  <member type="way" ref="127949312" role=""/>
  <member type="way" ref="198983554" role=""/>
  <member type="way" ref="198983575" role=""/>
  <member type="way" ref="198983569" role=""/>
  <member type="way" ref="198983579" role=""/>
  <member type="way" ref="198983580" role=""/>
  <member type="way" ref="198983574" role=""/>
  <member type="way" ref="198983589" role=""/>
  <member type="way" ref="199017320" role=""/>
  <member type="way" ref="35991817" role=""/>
  <member type="way" ref="376962745" role=""/>
  <member type="way" ref="376962743" role=""/>
  <member type="way" ref="663674949" role=""/>
  <member type="way" ref="663674947" role=""/>
  <member type="way" ref="561965091" role=""/>
  <member type="way" ref="199017318" role=""/>
  <member type="way" ref="199017319" role=""/>
  <member type="way" ref="199017316" role=""/>
  <member type="way" ref="199017322" role=""/>
  <member type="way" ref="199017321" role=""/>
  <member type="way" ref="199017317" role=""/>
  <member type="way" ref="199017315" role=""/>
  <member type="way" ref="129194310" role=""/>
  <member type="way" ref="129194309" role=""/>
  <member type="way" ref="991345655" role=""/>
  <member type="way" ref="759803909" role=""/>
  <member type="way" ref="991345654" role=""/>
  <member type="way" ref="199022604" role=""/>
  <member type="way" ref="148588835" role=""/>
  <member type="way" ref="148588836" role=""/>
  <member type="way" ref="199022594" role=""/>
  <member type="way" ref="127628507" role=""/>
  <member type="way" ref="562179436" role=""/>
  <member type="way" ref="148588838" role=""/>
  <member type="way" ref="199022592" role=""/>
  <member type="way" ref="127703467" role=""/>
  <member type="way" ref="50134448" role=""/>
  <member type="way" ref="50134446" role=""/>
  <member type="way" ref="91913870" role=""/>
  <member type="way" ref="91913879" role=""/>
  <member type="way" ref="137958026" role=""/>
  <member type="way" ref="148586706" role=""/>
  <member type="way" ref="199023797" role=""/>
  <member type="way" ref="199023798" role=""/>
  <member type="way" ref="199023796" role=""/>
  <member type="way" ref="323366298" role=""/>
  <member type="way" ref="562184308" role=""/>
  <member type="way" ref="199199362" role=""/>
  <member type="way" ref="613350843" role=""/>
  <member type="way" ref="199199367" role=""/>
  <member type="way" ref="613350837" role=""/>
  <member type="way" ref="3988106" role=""/>
  <member type="way" ref="314676332" role=""/>
  <member type="way" ref="199199361" role=""/>
  <member type="way" ref="199199365" role=""/>
  <member type="way" ref="199199366" role=""/>
  <member type="way" ref="148821843" role=""/>
  <member type="way" ref="171979623" role=""/>
  <member type="way" ref="171979624" role=""/>
  <member type="way" ref="28765042" role=""/>
  <member type="way" ref="28765016" role=""/>
  <member type="way" ref="28765090" role=""/>
  <member type="way" ref="28765092" role=""/>
  <member type="way" ref="199199363" role=""/>
  <member type="way" ref="171980270" role=""/>
  <member type="way" ref="141147837" role=""/>
  <member type="way" ref="127706095" role=""/>
  <member type="way" ref="171980269" role=""/>
  <member type="way" ref="199199368" role=""/>
  <member type="way" ref="187819407" role=""/>
  <member type="way" ref="148497822" role=""/>
  <member type="way" ref="148497832" role=""/>
  <member type="way" ref="12856794" role=""/>
  <member type="way" ref="12856793" role=""/>
  <member type="way" ref="199202625" role=""/>
  <member type="way" ref="148497820" role=""/>
  <member type="way" ref="171980391" role=""/>
  <member type="way" ref="199202621" role=""/>
  <member type="way" ref="171980392" role=""/>
  <member type="way" ref="28765454" role=""/>
  <member type="way" ref="28765455" role=""/>
  <member type="way" ref="171980393" role=""/>
  <member type="way" ref="171980390" role=""/>
  <member type="way" ref="102788825" role=""/>
  <member type="way" ref="102788829" role=""/>
  <member type="way" ref="199202618" role=""/>
  <member type="way" ref="199202622" role=""/>
  <member type="way" ref="29275931" role=""/>
  <member type="way" ref="29275933" role=""/>
  <member type="way" ref="29342582" role=""/>
  <member type="way" ref="29342580" role=""/>
  <member type="way" ref="120673836" role=""/>
  <member type="way" ref="199202617" role=""/>
  <member type="way" ref="199202619" role=""/>
  <member type="way" ref="148493142" role=""/>
  <member type="way" ref="631286370" role=""/>
  <member type="way" ref="199202620" role=""/>
  <member type="way" ref="27268400" role=""/>
  <member type="way" ref="884615665" role=""/>
  <member type="way" ref="631286371" role=""/>
  <member type="way" ref="884615666" role=""/>
  <member type="way" ref="631286372" role=""/>
  <member type="way" ref="516601332" role=""/>
  <member type="way" ref="333531103" role=""/>
  <member type="way" ref="25527354" role=""/>
  <member type="way" ref="27268165" role=""/>
  <member type="way" ref="607765930" role=""/>
  <member type="way" ref="196757149" role=""/>
  <member type="way" ref="608982507" role=""/>
  <member type="way" ref="153603557" role=""/>
  <member type="way" ref="608982499" role=""/>
  <member type="way" ref="1144506960" role=""/>
  <member type="way" ref="198025476" role=""/>
  <member type="way" ref="101071610" role=""/>
  <member type="way" ref="27268573" role=""/>
  <member type="way" ref="27268574" role=""/>
  <member type="way" ref="8068130" role=""/>
  <member type="way" ref="4789253" role=""/>
  <member type="way" ref="127061647" role=""/>
  <member type="way" ref="817106942" role=""/>
  <member type="way" ref="817106944" role=""/>
  <member type="way" ref="817106943" role=""/>
  <member type="way" ref="817106939" role=""/>
  <member type="way" ref="817106938" role=""/>
  <member type="way" ref="817106940" role=""/>
  <member type="way" ref="817106941" role=""/>
  <member type="way" ref="817106937" role=""/>
  <member type="way" ref="320047418" role=""/>
  <member type="way" ref="1286220900" role=""/>
  <member type="way" ref="817106936" role=""/>
  <member type="way" ref="337227689" role=""/>
  <member type="way" ref="615145877" role=""/>
  <member type="way" ref="915035813" role=""/>
  <member type="way" ref="913771166" role=""/>
  <member type="way" ref="936108677" role=""/>
  <member type="way" ref="936108676" role=""/>
  <member type="way" ref="936108675" role=""/>
  <member type="way" ref="936108674" role=""/>
  <member type="way" ref="936108673" role=""/>
  <member type="way" ref="936108672" role=""/>
  <member type="way" ref="936108671" role=""/>
  <member type="way" ref="936108670" role=""/>
  <member type="way" ref="936108669" role=""/>
  <member type="way" ref="936108668" role=""/>
  <member type="way" ref="525669335" role=""/>
  <member type="way" ref="525669358" role=""/>
  <member type="way" ref="525669323" role=""/>
  <member type="way" ref="525669353" role=""/>
  <member type="way" ref="525669340" role=""/>
  <member type="way" ref="525669340" role=""/>
  <member type="way" ref="337227688" role=""/>
  <member type="way" ref="525669348" role=""/>
  <member type="way" ref="525669331" role=""/>
  <member type="way" ref="525669338" role=""/>
  <member type="way" ref="525669342" role=""/>
  <member type="way" ref="525669356" role=""/>
  <member type="way" ref="525669326" role=""/>
  <member type="way" ref="525669339" role=""/>
  <member type="way" ref="525669350" role=""/>
  <member type="way" ref="525669322" role=""/>
  <member type="way" ref="916065295" role=""/>
  <member type="way" ref="525669345" role=""/>
  <member type="way" ref="348251472" role=""/>
  <member type="way" ref="525674756" role=""/>
  <member type="way" ref="671326877" role=""/>
  <member type="way" ref="671666567" role=""/>
  <member type="way" ref="165107132" role=""/>
  <member type="way" ref="826839451" role=""/>
  <member type="way" ref="1329649884" role=""/>
  <member type="way" ref="12166541" role=""/>
  <member type="way" ref="827240531" role=""/>
  <member type="way" ref="103121838" role=""/>
  <member type="way" ref="827240532" role=""/>
  <member type="way" ref="1081703299" role=""/>
  <member type="way" ref="12166771" role=""/>
  <member type="way" ref="511824929" role=""/>
  <member type="way" ref="12167257" role=""/>
  <member type="way" ref="27268569" role=""/>
  <member type="way" ref="27268596" role=""/>
  <member type="way" ref="648428121" role=""/>
  <member type="way" ref="1217915047" role=""/>
  <member type="way" ref="1217915048" role=""/>
  <member type="way" ref="1217915049" role=""/>
  <member type="way" ref="153592691" role=""/>
  <member type="way" ref="648428120" role=""/>
  <member type="way" ref="1217915046" role=""/>
  <member type="way" ref="198032030" role=""/>
  <member type="way" ref="648428113" role=""/>
  <member type="way" ref="1217915039" role=""/>
  <member type="way" ref="153592375" role=""/>
  <member type="way" ref="648428111" role=""/>
  <member type="way" ref="153592374" role=""/>
  <member type="way" ref="648428108" role=""/>
  <member type="way" ref="198032029" role=""/>
  <member type="way" ref="27259594" role=""/>
  <member type="way" ref="153588753" role=""/>
  <member type="way" ref="1217915037" role=""/>
  <member type="way" ref="153588754" role=""/>
  <member type="way" ref="313173102" role=""/>
  <member type="way" ref="27250394" role=""/>
  <member type="way" ref="609090891" role=""/>
  <member type="way" ref="27250387" role=""/>
  <member type="way" ref="198035951" role=""/>
  <member type="way" ref="5074510" role=""/>
  <member type="way" ref="5074509" role=""/>
  <member type="way" ref="607765926" role=""/>
  <member type="way" ref="607765924" role=""/>
  <member type="way" ref="198035952" role=""/>
  <member type="way" ref="263614301" role=""/>
  <member type="way" ref="263614299" role=""/>
  <member type="way" ref="198035953" role=""/>
  <member type="way" ref="153583441" role=""/>
  <member type="way" ref="780641895" role=""/>
  <member type="way" ref="1296114317" role=""/>
  <member type="way" ref="26740277" role=""/>
  <member type="way" ref="776943282" role=""/>
  <member type="way" ref="27268806" role=""/>
  <member type="way" ref="198035947" role=""/>
  <member type="way" ref="1502889223" role=""/>
  <member type="way" ref="153583430" role=""/>
  <member type="way" ref="27677260" role=""/>
  <member type="way" ref="609323602" role=""/>
  <member type="way" ref="609323603" role=""/>
  <member type="way" ref="198036414" role=""/>
  <member type="way" ref="198036413" role=""/>
  <member type="way" ref="3220315" role=""/>
  <member type="way" ref="196256710" role=""/>
  <member type="way" ref="133719285" role=""/>
  <member type="way" ref="133719287" role=""/>
  <member type="way" ref="146484179" role=""/>
  <member type="way" ref="187035160" role=""/>
  <member type="way" ref="4480458" role=""/>
  <member type="way" ref="152917143" role=""/>
  <member type="way" ref="609323604" role=""/>
  <member type="way" ref="146484170" role=""/>
  <member type="way" ref="146484169" role=""/>
  <member type="way" ref="196731934" role=""/>
  <member type="way" ref="28233893" role=""/>
  <member type="way" ref="3529145" role=""/>
  <member type="way" ref="146478891" role=""/>
  <member type="way" ref="153575289" role=""/>
  <member type="way" ref="153575290" role=""/>
  <member type="way" ref="153575288" role=""/>
  <member type="way" ref="136996112" role=""/>
  <member type="way" ref="522552921" role=""/>
  <member type="way" ref="522552920" role=""/>
  <member type="way" ref="153575287" role=""/>
  <member type="way" ref="153580984" role=""/>
  <member type="way" ref="153580983" role=""/>
  <member type="way" ref="153581587" role=""/>
  <member type="way" ref="127200918" role=""/>
  <member type="way" ref="127200919" role=""/>
  <member type="way" ref="127200916" role=""/>
  <member type="way" ref="127200924" role=""/>
  <member type="way" ref="127200917" role=""/>
  <member type="way" ref="127200922" role=""/>
  <member type="way" ref="136996115" role=""/>
  <member type="way" ref="127207618" role=""/>
  <member type="way" ref="127207619" role=""/>
  <member type="way" ref="127379683" role=""/>
  <member type="way" ref="127379694" role=""/>
  <member type="way" ref="187024667" role=""/>
  <member type="way" ref="187024669" role=""/>
  <member type="way" ref="187024668" role=""/>
  <member type="way" ref="187024672" role=""/>
  <member type="way" ref="187024674" role=""/>
  <member type="way" ref="127654250" role=""/>
  <member type="way" ref="149636633" role=""/>
  <member type="way" ref="187024671" role=""/>
  <member type="way" ref="136996117" role=""/>
  <member type="way" ref="131226847" role=""/>
  <member type="way" ref="92798672" role=""/>
  <member type="way" ref="149636632" role=""/>
  <member type="way" ref="92798678" role=""/>
  <member type="way" ref="92798681" role=""/>
  <member type="way" ref="187023721" role=""/>
  <member type="way" ref="187023734" role=""/>
  <member type="way" ref="187023725" role=""/>
  <member type="way" ref="187023731" role=""/>
  <member type="way" ref="187023722" role=""/>
  <member type="way" ref="127379653" role=""/>
  <member type="way" ref="576107618" role=""/>
  <member type="way" ref="127379657" role=""/>
  <member type="way" ref="187023729" role=""/>
  <member type="way" ref="187023719" role=""/>
  <member type="way" ref="127381948" role=""/>
  <member type="way" ref="127381951" role=""/>
  <member type="way" ref="187021879" role=""/>
  <member type="way" ref="187021857" role=""/>
  <member type="way" ref="187021890" role=""/>
  <member type="way" ref="187021889" role=""/>
  <member type="way" ref="187021836" role=""/>
  <member type="way" ref="250502602" role=""/>
  <member type="way" ref="250502604" role=""/>
  <member type="way" ref="187021849" role=""/>
  <member type="way" ref="187021892" role=""/>
  <member type="way" ref="187021872" role=""/>
  <member type="way" ref="187021840" role=""/>
  <member type="way" ref="22605587" role=""/>
  <member type="way" ref="22605588" role=""/>
  <member type="way" ref="136997026" role=""/>
  <member type="way" ref="127665339" role=""/>
  <member type="way" ref="127665340" role=""/>
  <member type="way" ref="187021881" role=""/>
  <member type="way" ref="522552914" role=""/>
  <member type="way" ref="136997024" role=""/>
  <member type="way" ref="187021883" role=""/>
  <member type="way" ref="127328344" role=""/>
  <member type="way" ref="127328355" role=""/>
  <member type="way" ref="187021845" role=""/>
  <member type="way" ref="187021878" role=""/>
  <member type="way" ref="127328345" role=""/>
  <member type="way" ref="127328353" role=""/>
  <member type="way" ref="127328348" role=""/>
  <member type="way" ref="127328354" role=""/>
  <member type="way" ref="187021856" role=""/>
  <member type="way" ref="187021862" role=""/>
  <member type="way" ref="109739141" role=""/>
  <member type="way" ref="109739139" role=""/>
  <member type="way" ref="187021882" role=""/>
  <member type="way" ref="187021853" role=""/>
  <member type="way" ref="187021864" role=""/>
  <member type="way" ref="127328343" role=""/>
  <member type="way" ref="127328351" role=""/>
  <member type="way" ref="187021867" role=""/>
  <member type="way" ref="187021861" role=""/>
  <member type="way" ref="247881369" role=""/>
  <member type="way" ref="247881383" role=""/>
  <member type="way" ref="247881364" role=""/>
  <member type="way" ref="247881379" role=""/>
  <member type="way" ref="22605577" role=""/>
  <member type="way" ref="22605578" role=""/>
  <member type="way" ref="137313159" role=""/>
  <member type="way" ref="523212128" role=""/>
  <member type="way" ref="523212125" role=""/>
  <member type="way" ref="137313161" role=""/>
  <member type="way" ref="250955597" role=""/>
  <member type="way" ref="250955595" role=""/>
  <member type="way" ref="136997025" role=""/>
  <member type="way" ref="193074201" role=""/>
  <member type="way" ref="187021863" role=""/>
  <member type="way" ref="187021855" role=""/>
  <member type="way" ref="187021858" role=""/>
  <member type="way" ref="136997027" role=""/>
  <member type="way" ref="523245432" role=""/>
  <member type="way" ref="28858858" role=""/>
  <member type="way" ref="187021839" role=""/>
  <member type="way" ref="351516676" role=""/>
  <member type="way" ref="351516674" role=""/>
  <member type="way" ref="186510443" role=""/>
  <member type="way" ref="18968972" role=""/>
  <member type="way" ref="18968973" role=""/>
  <member type="way" ref="961578354" role=""/>
  <member type="way" ref="3528784" role=""/>
  <member type="way" ref="22605683" role=""/>
  <member type="way" ref="22605684" role=""/>
  <member type="way" ref="523245431" role=""/>
  <member type="way" ref="215838657" role=""/>
  <member type="way" ref="40062121" role=""/>
  <member type="way" ref="523245430" role=""/>
  <member type="way" ref="28515193" role=""/>
  <member type="way" ref="28858869" role=""/>
  <member type="way" ref="47844942" role=""/>
  <member type="way" ref="193081691" role=""/>
  <member type="way" ref="193081689" role=""/>
  <member type="way" ref="193081690" role=""/>
  <member type="way" ref="193081692" role=""/>
  <member type="way" ref="186508000" role=""/>
  <member type="way" ref="523245426" role=""/>
  <member type="way" ref="274365505" role=""/>
  <member type="way" ref="40062678" role=""/>
  <member type="way" ref="40062680" role=""/>
  <member type="way" ref="40063043" role=""/>
  <member type="way" ref="40063044" role=""/>
  <member type="way" ref="186507638" role=""/>
  <member type="way" ref="186507632" role=""/>
  <member type="way" ref="186507647" role=""/>
  <member type="way" ref="40063211" role=""/>
  <member type="way" ref="186507622" role=""/>
  <member type="way" ref="186507634" role=""/>
  <member type="way" ref="40063212" role=""/>
  <member type="way" ref="40063215" role=""/>
  <member type="way" ref="40063208" role=""/>
  <member type="way" ref="186507645" role=""/>
  <member type="way" ref="186507649" role=""/>
  <member type="way" ref="40120218" role=""/>
  <member type="way" ref="149636630" role=""/>
  <member type="way" ref="40120221" role=""/>
  <member type="way" ref="40120222" role=""/>
  <member type="way" ref="40120411" role=""/>
  <member type="way" ref="40120412" role=""/>
  <member type="way" ref="40120415" role=""/>
  <member type="way" ref="40120410" role=""/>
  <member type="way" ref="99835984" role=""/>
  <member type="way" ref="99835980" role=""/>
  <member type="way" ref="40120455" role=""/>
  <member type="way" ref="40120456" role=""/>
  <member type="way" ref="40120461" role=""/>
  <member type="way" ref="40120462" role=""/>
  <member type="way" ref="186501656" role=""/>
  <member type="way" ref="523254436" role=""/>
  <member type="way" ref="523254437" role=""/>
  <member type="way" ref="186501659" role=""/>
  <member type="way" ref="186501661" role=""/>
  <member type="way" ref="40120628" role=""/>
  <member type="way" ref="40120629" role=""/>
  <member type="way" ref="40120615" role=""/>
  <member type="way" ref="40120616" role=""/>
  <member type="way" ref="40121037" role=""/>
  <member type="way" ref="40121038" role=""/>
  <member type="way" ref="186498347" role=""/>
  <member type="way" ref="40121098" role=""/>
  <member type="way" ref="40121099" role=""/>
  <member type="way" ref="186498354" role=""/>
  <member type="way" ref="186498397" role=""/>
  <member type="way" ref="186498388" role=""/>
  <member type="way" ref="186498376" role=""/>
  <member type="way" ref="40121092" role=""/>
  <member type="way" ref="40121093" role=""/>
  <member type="way" ref="40121326" role=""/>
  <member type="way" ref="40121327" role=""/>
  <member type="way" ref="40121316" role=""/>
  <member type="way" ref="40121315" role=""/>
  <member type="way" ref="186498359" role=""/>
  <member type="way" ref="40121320" role=""/>
  <member type="way" ref="40121321" role=""/>
  <member type="way" ref="40121307" role=""/>
  <member type="way" ref="40121308" role=""/>
  <member type="way" ref="186498349" role=""/>
  <member type="way" ref="186498365" role=""/>
  <member type="way" ref="186498357" role=""/>
  <member type="way" ref="40121546" role=""/>
  <member type="way" ref="40121548" role=""/>
  <member type="way" ref="40121764" role=""/>
  <member type="way" ref="40121765" role=""/>
  <member type="way" ref="40347594" role=""/>
  <member type="way" ref="40347595" role=""/>
  <member type="way" ref="40347596" role=""/>
  <member type="way" ref="40347586" role=""/>
  <member type="way" ref="40347588" role=""/>
  <member type="way" ref="40347589" role=""/>
  <member type="way" ref="40347582" role=""/>
  <member type="way" ref="40347583" role=""/>
  <member type="way" ref="40347576" role=""/>
  <member type="way" ref="40347577" role=""/>
  <member type="way" ref="186476816" role=""/>
  <member type="way" ref="186476811" role=""/>
  <member type="way" ref="186476814" role=""/>
  <member type="way" ref="40347696" role=""/>
  <member type="way" ref="40347697" role=""/>
  <member type="way" ref="186476815" role=""/>
  <member type="way" ref="1040207023" role=""/>
  <member type="way" ref="982317365" role=""/>
  <member type="way" ref="1040207024" role=""/>
  <member type="way" ref="186476810" role=""/>
  <member type="way" ref="675702504" role=""/>
  <member type="way" ref="675702500" role=""/>
  <member type="way" ref="40347874" role=""/>
  <member type="way" ref="40347876" role=""/>
  <member type="way" ref="40348359" role=""/>
  <member type="way" ref="40348360" role=""/>
  <member type="way" ref="40348355" role=""/>
  <member type="way" ref="40348356" role=""/>
  <member type="way" ref="675702538" role=""/>
  <member type="way" ref="675702534" role=""/>
  <member type="way" ref="186474558" role=""/>
  <member type="way" ref="40348337" role=""/>
  <member type="way" ref="523329529" role=""/>
  <member type="way" ref="40348339" role=""/>
  <member type="way" ref="186474562" role=""/>
  <member type="way" ref="186474560" role=""/>
  <member type="way" ref="523329528" role=""/>
  <member type="way" ref="186474557" role=""/>
  <member type="way" ref="40423144" role=""/>
  <member type="way" ref="40423146" role=""/>
  <member type="way" ref="40423228" role=""/>
  <member type="way" ref="40423225" role=""/>
  <member type="way" ref="523329526" role=""/>
  <member type="way" ref="523329527" role=""/>
  <member type="way" ref="267471060" role=""/>
  <member type="way" ref="523329525" role=""/>
  <member type="way" ref="267471063" role=""/>
  <member type="way" ref="186467139" role=""/>
  <member type="way" ref="40423219" role=""/>
  <member type="way" ref="40423218" role=""/>
  <member type="way" ref="40423222" role=""/>
  <member type="way" ref="40425051" role=""/>
  <member type="way" ref="523329518" role=""/>
  <member type="way" ref="40425044" role=""/>
  <member type="way" ref="523329520" role=""/>
  <member type="way" ref="523329521" role=""/>
  <member type="way" ref="523329523" role=""/>
  <member type="way" ref="40425043" role=""/>
  <member type="way" ref="40425855" role=""/>
  <member type="way" ref="40425848" role=""/>
  <member type="way" ref="186467109" role=""/>
  <member type="way" ref="186467103" role=""/>
  <member type="way" ref="40425824" role=""/>
  <member type="way" ref="40425826" role=""/>
  <member type="way" ref="186447809" role=""/>
  <member type="way" ref="186447810" role=""/>
  <member type="way" ref="186447816" role=""/>
  <member type="way" ref="32426670" role=""/>
  <member type="way" ref="32426669" role=""/>
  <member type="way" ref="186447815" role=""/>
  <member type="way" ref="523329515" role=""/>
  <member type="way" ref="35535792" role=""/>
  <member type="way" ref="35535793" role=""/>
  <member type="way" ref="186447805" role=""/>
  <member type="way" ref="186447817" role=""/>
  <member type="way" ref="186447808" role=""/>
  <member type="way" ref="186447818" role=""/>
  <member type="way" ref="186447820" role=""/>
  <member type="way" ref="40483009" role=""/>
  <member type="way" ref="40483010" role=""/>
  <member type="way" ref="40482989" role=""/>
  <member type="way" ref="40482990" role=""/>
  <member type="way" ref="40483244" role=""/>
  <member type="way" ref="40483245" role=""/>
  <member type="way" ref="186310221" role=""/>
  <member type="way" ref="193090699" role=""/>
  <member type="way" ref="186310215" role=""/>
  <member type="way" ref="186310209" role=""/>
  <member type="way" ref="186310207" role=""/>
  <member type="way" ref="523396030" role=""/>
  <member type="way" ref="40483476" role=""/>
  <member type="way" ref="40483466" role=""/>
  <member type="way" ref="186310206" role=""/>
  <member type="way" ref="40483990" role=""/>
  <member type="way" ref="40483991" role=""/>
  <member type="way" ref="40944803" role=""/>
  <member type="way" ref="40944807" role=""/>
  <member type="way" ref="40944822" role=""/>
  <member type="way" ref="40944823" role=""/>
  <member type="way" ref="40945234" role=""/>
  <member type="way" ref="186310211" role=""/>
  <member type="way" ref="138205682" role=""/>
  <member type="way" ref="138205684" role=""/>
  <member type="way" ref="40945229" role=""/>
  <member type="way" ref="40945230" role=""/>
  <member type="way" ref="32462496" role=""/>
  <member type="way" ref="32462497" role=""/>
  <member type="way" ref="186310201" role=""/>
  <member type="way" ref="186310226" role=""/>
  <member type="way" ref="635917836" role=""/>
  <member type="way" ref="40945611" role=""/>
  <member type="way" ref="40945612" role=""/>
  <member type="way" ref="186303192" role=""/>
  <member type="way" ref="186303182" role=""/>
  <member type="way" ref="186303199" role=""/>
  <member type="way" ref="40946068" role=""/>
  <member type="way" ref="40946069" role=""/>
  <member type="way" ref="186303184" role=""/>
  <member type="way" ref="186303195" role=""/>
  <member type="way" ref="42481092" role=""/>
  <member type="way" ref="42481093" role=""/>
  <member type="way" ref="42481086" role=""/>
  <member type="way" ref="42481087" role=""/>
  <member type="way" ref="42481082" role=""/>
  <member type="way" ref="42481074" role=""/>
  <member type="way" ref="42482657" role=""/>
  <member type="way" ref="42482654" role=""/>
  <member type="way" ref="42482652" role=""/>
  <member type="way" ref="42482653" role=""/>
  <member type="way" ref="42482646" role=""/>
  <member type="way" ref="42482647" role=""/>
  <member type="way" ref="128987059" role=""/>
  <member type="way" ref="128987063" role=""/>
  <member type="way" ref="371006399" role=""/>
  <member type="way" ref="371006401" role=""/>
  <member type="way" ref="42483486" role=""/>
  <member type="way" ref="42483485" role=""/>
  <member type="way" ref="186297159" role=""/>
  <member type="way" ref="186297146" role=""/>
  <member type="way" ref="523396022" role=""/>
  <member type="way" ref="186297161" role=""/>
  <member type="way" ref="186297154" role=""/>
  <member type="way" ref="40389567" role=""/>
  <member type="way" ref="186297148" role=""/>
  <member type="way" ref="42483459" role=""/>
  <member type="way" ref="42483460" role=""/>
  <member type="way" ref="186297151" role=""/>
  <member type="way" ref="186291431" role=""/>
  <member type="way" ref="523396006" role=""/>
  <member type="way" ref="186291432" role=""/>
  <member type="way" ref="186291433" role=""/>
  <member type="way" ref="186291434" role=""/>
  <member type="way" ref="42483637" role=""/>
  <member type="way" ref="42483638" role=""/>
  <member type="way" ref="42483831" role=""/>
  <member type="way" ref="42483832" role=""/>
  <member type="way" ref="42483825" role=""/>
  <member type="way" ref="42483826" role=""/>
  <member type="way" ref="186290692" role=""/>
  <member type="way" ref="186290695" role=""/>
  <member type="way" ref="42551077" role=""/>
  <member type="way" ref="42551060" role=""/>
  <member type="way" ref="272346069" role=""/>
  <member type="way" ref="272346073" role=""/>
  <member type="way" ref="523395992" role=""/>
  <member type="way" ref="42551691" role=""/>
  <member type="way" ref="42551690" role=""/>
  <member type="way" ref="186289565" role=""/>
  <member type="way" ref="523992605" role=""/>
  <member type="way" ref="523992604" role=""/>
  <member type="way" ref="186289562" role=""/>
  <member type="way" ref="186289568" role=""/>
  <member type="way" ref="42552321" role=""/>
  <member type="way" ref="42552322" role=""/>
  <member type="way" ref="92018357" role=""/>
  <member type="way" ref="92018348" role=""/>
  <member type="way" ref="193101957" role=""/>
  <member type="way" ref="186283931" role=""/>
  <member type="way" ref="42795313" role=""/>
  <member type="way" ref="42795320" role=""/>
  <member type="way" ref="186283937" role=""/>
  <member type="way" ref="186283939" role=""/>
  <member type="way" ref="186283933" role=""/>
  <member type="way" ref="186283940" role=""/>
  <member type="way" ref="246601617" role=""/>
  <member type="way" ref="42796856" role=""/>
  <member type="way" ref="42796832" role=""/>
  <member type="way" ref="186153443" role=""/>
  <member type="way" ref="186153435" role=""/>
  <member type="way" ref="28814567" role=""/>
  <member type="way" ref="186153438" role=""/>
  <member type="way" ref="186153444" role=""/>
  <member type="way" ref="895761104" role=""/>
  <member type="way" ref="895761103" role=""/>
  <member type="way" ref="193103472" role=""/>
  <member type="way" ref="42797125" role=""/>
  <member type="way" ref="42797121" role=""/>
  <member type="way" ref="634332157" role=""/>
  <member type="way" ref="42797119" role=""/>
  <member type="way" ref="895761073" role=""/>
  <member type="way" ref="895761074" role=""/>
  <member type="way" ref="42797109" role=""/>
  <member type="way" ref="42797113" role=""/>
  <member type="way" ref="47393708" role=""/>
  <member type="way" ref="186142299" role=""/>
  <member type="way" ref="523497955" role=""/>
  <member type="way" ref="186142278" role=""/>
  <member type="way" ref="186143547" role=""/>
  <member type="way" ref="28814578" role=""/>
  <member type="way" ref="186142287" role=""/>
  <member type="way" ref="186142291" role=""/>
  <member type="way" ref="193105042" role=""/>
  <member type="way" ref="259098154" role=""/>
  <member type="way" ref="259098149" role=""/>
  <member type="way" ref="186142275" role=""/>
  <member type="way" ref="186142308" role=""/>
  <member type="way" ref="186142288" role=""/>
  <member type="way" ref="523497944" role=""/>
  <member type="way" ref="186142297" role=""/>
  <member type="way" ref="186142270" role=""/>
  <member type="way" ref="186142307" role=""/>
  <member type="way" ref="193105224" role=""/>
  <member type="way" ref="186142281" role=""/>
  <member type="way" ref="186142267" role=""/>
  <member type="way" ref="186142290" role=""/>
  <member type="way" ref="186142305" role=""/>
  <member type="way" ref="247278219" role=""/>
  <member type="way" ref="247278220" role=""/>
  <member type="way" ref="28814569" role=""/>
  <member type="way" ref="186138780" role=""/>
  <member type="way" ref="186138783" role=""/>
  <member type="way" ref="39955071" role=""/>
  <member type="way" ref="523497932" role=""/>
  <member type="way" ref="39955064" role=""/>
  <member type="way" ref="523497922" role=""/>
  <member type="way" ref="186138782" role=""/>
  <member type="way" ref="42859783" role=""/>
  <member type="way" ref="42859786" role=""/>
  <member type="way" ref="186121276" role=""/>
  <member type="way" ref="186121281" role=""/>
  <member type="way" ref="193314062" role=""/>
  <member type="way" ref="186121277" role=""/>
  <member type="way" ref="523610720" role=""/>
  <member type="way" ref="186121280" role=""/>
  <member type="way" ref="42860084" role=""/>
  <member type="way" ref="42860085" role=""/>
  <member type="way" ref="42860083" role=""/>
  <member type="way" ref="42860077" role=""/>
  <member type="way" ref="42860073" role=""/>
  <member type="way" ref="42860065" role=""/>
  <member type="way" ref="42860068" role=""/>
  <member type="way" ref="42860070" role=""/>
  <member type="way" ref="42860062" role=""/>
  <member type="way" ref="42860063" role=""/>
  <member type="way" ref="186108412" role=""/>
  <member type="way" ref="42860678" role=""/>
  <member type="way" ref="28814568" role=""/>
  <member type="way" ref="186108416" role=""/>
  <member type="way" ref="186108418" role=""/>
  <member type="way" ref="9721579" role=""/>
  <member type="way" ref="9721581" role=""/>
  <member type="way" ref="186108419" role=""/>
  <member type="way" ref="186108417" role=""/>
  <member type="way" ref="102545062" role=""/>
  <member type="way" ref="102545049" role=""/>
  <member type="way" ref="42920870" role=""/>
  <member type="way" ref="42920871" role=""/>
  <member type="way" ref="15465335" role=""/>
  <member type="way" ref="15465336" role=""/>
  <member type="way" ref="186098755" role=""/>
  <member type="way" ref="186098730" role=""/>
  <member type="way" ref="186098773" role=""/>
  <member type="way" ref="186098765" role=""/>
  <member type="way" ref="186098776" role=""/>
  <member type="way" ref="193317479" role=""/>
  <member type="way" ref="186098752" role=""/>
  <member type="way" ref="186098741" role=""/>
  <member type="way" ref="186098747" role=""/>
  <member type="way" ref="186098760" role=""/>
  <member type="way" ref="193317476" role=""/>
  <member type="way" ref="895749215" role=""/>
  <member type="way" ref="895749214" role=""/>
  <member type="way" ref="186095218" role=""/>
  <member type="way" ref="186095215" role=""/>
  <member type="way" ref="186095223" role=""/>
  <member type="way" ref="186095220" role=""/>
  <member type="way" ref="130869316" role=""/>
  <member type="way" ref="130869318" role=""/>
  <member type="way" ref="186092523" role=""/>
  <member type="way" ref="186092522" role=""/>
  <member type="way" ref="186092524" role=""/>
  <member type="way" ref="130895563" role=""/>
  <member type="way" ref="2870458" role=""/>
  <member type="way" ref="186092521" role=""/>
  <member type="way" ref="186092525" role=""/>
  <member type="way" ref="42921197" role=""/>
  <member type="way" ref="42921191" role=""/>
  <member type="way" ref="42921194" role=""/>
  <member type="way" ref="42921195" role=""/>
  <member type="way" ref="42921190" role=""/>
  <member type="way" ref="888144890" role=""/>
  <member type="way" ref="888144891" role=""/>
  <member type="way" ref="42921180" role=""/>
  <member type="way" ref="895749203" role=""/>
  <member type="way" ref="895749202" role=""/>
  <member type="way" ref="895749199" role=""/>
  <member type="way" ref="895749198" role=""/>
  <member type="way" ref="895749194" role=""/>
  <member type="way" ref="895749193" role=""/>
  <member type="way" ref="193317478" role=""/>
  <member type="way" ref="185991441" role=""/>
  <member type="way" ref="193317477" role=""/>
  <member type="way" ref="185991442" role=""/>
  <member type="way" ref="523455203" role=""/>
  <member type="way" ref="185991444" role=""/>
  <member type="way" ref="35380147" role=""/>
  <member type="way" ref="35380146" role=""/>
  <member type="way" ref="35380156" role=""/>
  <member type="way" ref="35380155" role=""/>
  <member type="way" ref="193319245" role=""/>
  <member type="way" ref="30417108" role=""/>
  <member type="way" ref="185990864" role=""/>
  <member type="way" ref="193319244" role=""/>
  <member type="way" ref="185990863" role=""/>
  <member type="way" ref="185990861" role=""/>
  <member type="way" ref="185990871" role=""/>
  <member type="way" ref="193319246" role=""/>
  <member type="way" ref="317108026" role=""/>
  <member type="way" ref="317108027" role=""/>
  <member type="way" ref="26681830" role=""/>
  <member type="way" ref="27019755" role=""/>
  <member type="way" ref="27019756" role=""/>
  <member type="way" ref="27019791" role=""/>
  <member type="way" ref="185986891" role=""/>
  <member type="way" ref="193320722" role=""/>
  <member type="way" ref="185986895" role=""/>
  <member type="way" ref="27306469" role=""/>
  <member type="way" ref="185986889" role=""/>
  <member type="way" ref="185986898" role=""/>
  <member type="way" ref="185986896" role=""/>
  <member type="way" ref="131227745" role=""/>
  <member type="way" ref="739905832" role=""/>
  <member type="way" ref="23767878" role=""/>
  <member type="way" ref="23767877" role=""/>
  <member type="way" ref="23767873" role=""/>
  <member type="way" ref="464441415" role=""/>
  <member type="way" ref="23767871" role=""/>
  <member type="way" ref="185986887" role=""/>
  <member type="way" ref="616335339" role=""/>
  <member type="way" ref="185986883" role=""/>
  <member type="way" ref="42968060" role=""/>
  <member type="way" ref="42968061" role=""/>
  <member type="way" ref="42968056" role=""/>
  <member type="way" ref="42968057" role=""/>
  <member type="way" ref="185977962" role=""/>
  <member type="way" ref="185977958" role=""/>
  <member type="way" ref="185977965" role=""/>
  <member type="way" ref="532256552" role=""/>
  <member type="way" ref="185977949" role=""/>
  <member type="way" ref="532256556" role=""/>
  <member type="way" ref="185977953" role=""/>
  <member type="way" ref="185977974" role=""/>
  <member type="way" ref="42968453" role=""/>
  <member type="way" ref="42968449" role=""/>
  <member type="way" ref="42968445" role=""/>
  <member type="way" ref="42968446" role=""/>
  <member type="way" ref="77043135" role=""/>
  <member type="way" ref="77043134" role=""/>
  <member type="way" ref="2870460" role=""/>
  <member type="way" ref="616335338" role=""/>
  <member type="way" ref="43478955" role=""/>
  <member type="way" ref="185448111" role=""/>
  <member type="way" ref="294593684" role=""/>
  <member type="way" ref="294593686" role=""/>
  <member type="way" ref="185448116" role=""/>
  <member type="way" ref="532080229" role=""/>
  <member type="way" ref="532080228" role=""/>
  <member type="way" ref="185448115" role=""/>
  <member type="way" ref="185448113" role=""/>
  <member type="way" ref="1290077724" role=""/>
  <member type="way" ref="532062581" role=""/>
  <member type="way" ref="43478965" role=""/>
  <member type="way" ref="96144491" role=""/>
  <member type="way" ref="96144513" role=""/>
  <member type="way" ref="96144501" role=""/>
  <member type="way" ref="96144495" role=""/>
  <member type="way" ref="96144511" role=""/>
  <member type="way" ref="96144509" role=""/>
  <member type="way" ref="19821985" role=""/>
  <member type="way" ref="185443106" role=""/>
  <member type="way" ref="31480519" role=""/>
  <member type="way" ref="31480518" role=""/>
  <member type="way" ref="185437324" role=""/>
  <member type="way" ref="185437328" role=""/>
  <member type="way" ref="185437327" role=""/>
  <member type="way" ref="185437325" role=""/>
  <member type="way" ref="185437322" role=""/>
  <member type="way" ref="29492077" role=""/>
  <member type="way" ref="185437336" role=""/>
  <member type="way" ref="29209826" role=""/>
  <member type="way" ref="42969100" role=""/>
  <member type="way" ref="784183387" role=""/>
  <member type="way" ref="784183384" role=""/>
  <member type="way" ref="25405637" role=""/>
  <member type="way" ref="185430179" role=""/>
  <member type="way" ref="185430168" role=""/>
  <member type="way" ref="185430186" role=""/>
  <member type="way" ref="56023898" role=""/>
  <member type="way" ref="56023901" role=""/>
  <member type="way" ref="531736193" role=""/>
  <member type="way" ref="185430171" role=""/>
  <member type="way" ref="43010061" role=""/>
  <member type="way" ref="43010062" role=""/>
  <member type="way" ref="234306613" role=""/>
  <member type="way" ref="234306617" role=""/>
  <member type="way" ref="444969363" role=""/>
  <member type="way" ref="43010978" role=""/>
  <member type="way" ref="43010972" role=""/>
  <member type="way" ref="185424295" role=""/>
  <member type="way" ref="185424287" role=""/>
  <member type="way" ref="43010975" role=""/>
  <member type="way" ref="3117899" role=""/>
  <member type="way" ref="185424285" role=""/>
  <member type="way" ref="185424290" role=""/>
  <member type="way" ref="185424291" role=""/>
  <member type="way" ref="185424293" role=""/>
  <member type="way" ref="185424296" role=""/>
  <member type="way" ref="138083688" role=""/>
  <member type="way" ref="138083691" role=""/>
  <member type="way" ref="185421012" role=""/>
  <member type="way" ref="185421016" role=""/>
  <member type="way" ref="185421013" role=""/>
  <member type="way" ref="185421011" role=""/>
  <member type="way" ref="952807796" role=""/>
  <member type="way" ref="952807795" role=""/>
  <member type="way" ref="11030107" role=""/>
  <member type="way" ref="15092220" role=""/>
  <member type="way" ref="30236613" role=""/>
  <member type="way" ref="15092221" role=""/>
  <member type="way" ref="43010960" role=""/>
  <member type="way" ref="43010961" role=""/>
  <member type="way" ref="43010954" role=""/>
  <member type="way" ref="43010955" role=""/>
  <member type="way" ref="43010947" role=""/>
  <member type="way" ref="43010948" role=""/>
  <member type="way" ref="43010935" role=""/>
  <member type="way" ref="43010937" role=""/>
  <member type="way" ref="8798099" role=""/>
  <member type="way" ref="26301236" role=""/>
  <member type="way" ref="386662865" role=""/>
  <member type="way" ref="531551284" role=""/>
  <member type="way" ref="43011386" role=""/>
  <member type="way" ref="26301190" role=""/>
  <member type="way" ref="185417168" role=""/>
  <member type="way" ref="193496318" role=""/>
  <member type="way" ref="104784264" role=""/>
  <member type="way" ref="104784278" role=""/>
  <member type="way" ref="193496319" role=""/>
  <member type="way" ref="674567234" role=""/>
  <member type="way" ref="674567233" role=""/>
  <member type="way" ref="106053875" role=""/>
  <member type="way" ref="106053868" role=""/>
  <member type="way" ref="43199536" role=""/>
  <member type="way" ref="43199537" role=""/>
  <member type="way" ref="193500061" role=""/>
  <member type="way" ref="193500059" role=""/>
  <member type="way" ref="193492784" role=""/>
  <member type="way" ref="193500063" role=""/>
  <member type="way" ref="193500060" role=""/>
  <member type="way" ref="43199515" role=""/>
  <member type="way" ref="43199516" role=""/>
  <member type="way" ref="193669188" role=""/>
  <member type="way" ref="193669187" role=""/>
  <member type="way" ref="193669185" role=""/>
  <member type="way" ref="27022544" role=""/>
  <member type="way" ref="27022545" role=""/>
  <member type="way" ref="185400628" role=""/>
  <member type="way" ref="185400629" role=""/>
  <member type="way" ref="185400632" role=""/>
  <member type="way" ref="185400627" role=""/>
  <member type="way" ref="674571663" role=""/>
  <member type="way" ref="674571662" role=""/>
  <member type="way" ref="531402548" role=""/>
  <member type="way" ref="185292239" role=""/>
  <member type="way" ref="674571657" role=""/>
  <member type="way" ref="674571656" role=""/>
  <member type="way" ref="43200522" role=""/>
  <member type="way" ref="43200523" role=""/>
  <member type="way" ref="531402553" role=""/>
  <member type="way" ref="185291279" role=""/>
  <member type="way" ref="3117909" role=""/>
  <member type="way" ref="43200964" role=""/>
  <member type="way" ref="193671684" role=""/>
  <member type="way" ref="674571646" role=""/>
  <member type="way" ref="674571647" role=""/>
  <member type="way" ref="185270513" role=""/>
  <member type="way" ref="185270514" role=""/>
  <member type="way" ref="185270511" role=""/>
  <member type="way" ref="39659514" role=""/>
  <member type="way" ref="674571641" role=""/>
  <member type="way" ref="185270510" role=""/>
  <member type="way" ref="39659515" role=""/>
  <member type="way" ref="185269515" role=""/>
  <member type="way" ref="531252306" role=""/>
  <member type="way" ref="185269520" role=""/>
  <member type="way" ref="185269519" role=""/>
  <member type="way" ref="185269516" role=""/>
  <member type="way" ref="784040963" role=""/>
  <member type="way" ref="784040962" role=""/>
  <member type="way" ref="43266788" role=""/>
  <member type="way" ref="43266789" role=""/>
  <member type="way" ref="113160207" role=""/>
  <member type="way" ref="113160186" role=""/>
  <member type="way" ref="185267048" role=""/>
  <member type="way" ref="185267047" role=""/>
  <member type="way" ref="243084651" role=""/>
  <member type="way" ref="194292597" role=""/>
  <member type="way" ref="531090791" role=""/>
  <member type="way" ref="531090792" role=""/>
  <member type="way" ref="531090790" role=""/>
  <member type="way" ref="531090794" role=""/>
  <member type="way" ref="160668316" role=""/>
  <member type="way" ref="160668321" role=""/>
  <member type="way" ref="531090798" role=""/>
  <member type="way" ref="531090796" role=""/>
  <member type="way" ref="43267287" role=""/>
  <member type="way" ref="43267288" role=""/>
  <member type="way" ref="531090797" role=""/>
  <member type="way" ref="43267283" role=""/>
  <member type="way" ref="43267284" role=""/>
  <member type="way" ref="784030736" role=""/>
  <member type="way" ref="784030737" role=""/>
  <member type="way" ref="676448668" role=""/>
  <member type="way" ref="676448669" role=""/>
  <member type="way" ref="185263924" role=""/>
  <member type="way" ref="185263923" role=""/>
  <member type="way" ref="185263921" role=""/>
  <member type="way" ref="185263925" role=""/>
  <member type="way" ref="185263927" role=""/>
  <member type="way" ref="185263926" role=""/>
  <member type="way" ref="26301300" role=""/>
  <member type="way" ref="676448659" role=""/>
  <member type="way" ref="3128232" role=""/>
  <member type="way" ref="248885327" role=""/>
  <member type="way" ref="248885329" role=""/>
  <member type="way" ref="43267271" role=""/>
  <member type="way" ref="43267273" role=""/>
  <member type="way" ref="242738656" role=""/>
  <member type="way" ref="194296513" role=""/>
  <member type="way" ref="185257691" role=""/>
  <member type="way" ref="185257697" role=""/>
  <member type="way" ref="185257694" role=""/>
  <member type="way" ref="676932711" role=""/>
  <member type="way" ref="185257689" role=""/>
  <member type="way" ref="676932710" role=""/>
  <member type="way" ref="185257690" role=""/>
  <member type="way" ref="185257684" role=""/>
  <member type="way" ref="185257696" role=""/>
  <member type="way" ref="97867857" role=""/>
  <member type="way" ref="97867842" role=""/>
  <member type="way" ref="784012392" role=""/>
  <member type="way" ref="784012393" role=""/>
  <member type="way" ref="784012385" role=""/>
  <member type="way" ref="784012384" role=""/>
  <member type="way" ref="234401515" role=""/>
  <member type="way" ref="234401517" role=""/>
  <member type="way" ref="37858292" role=""/>
  <member type="way" ref="37858293" role=""/>
  <member type="way" ref="98849478" role=""/>
  <member type="way" ref="98849481" role=""/>
  <member type="way" ref="185255123" role=""/>
  <member type="way" ref="163887256" role=""/>
  <member type="way" ref="311314980" role=""/>
  <member type="way" ref="163887260" role=""/>
  <member type="way" ref="185255133" role=""/>
  <member type="way" ref="185255124" role=""/>
  <member type="way" ref="121585590" role=""/>
  <member type="way" ref="121585592" role=""/>
  <member type="way" ref="43318595" role=""/>
  <member type="way" ref="43318596" role=""/>
  <member type="way" ref="79143144" role=""/>
  <member type="way" ref="3128233" role=""/>
  <member type="way" ref="185253981" role=""/>
  <member type="way" ref="185253979" role=""/>
  <member type="way" ref="185253983" role=""/>
  <member type="way" ref="551460020" role=""/>
  <member type="way" ref="551460021" role=""/>
  <member type="way" ref="551460023" role=""/>
  <member type="way" ref="551460026" role=""/>
  <member type="way" ref="551460029" role=""/>
  <member type="way" ref="551460030" role=""/>
  <member type="way" ref="551460038" role=""/>
  <member type="way" ref="551460039" role=""/>
  <member type="way" ref="551460035" role=""/>
  <member type="way" ref="551460036" role=""/>
  <member type="way" ref="185252436" role=""/>
  <member type="way" ref="551464628" role=""/>
  <member type="way" ref="185252457" role=""/>
  <member type="way" ref="185252463" role=""/>
  <member type="way" ref="954838428" role=""/>
  <member type="way" ref="185252435" role=""/>
  <member type="way" ref="185252446" role=""/>
  <member type="way" ref="185252441" role=""/>
  <member type="way" ref="954850724" role=""/>
  <member type="way" ref="1070812946" role=""/>
  <member type="way" ref="185252433" role=""/>
  <member type="way" ref="43322387" role=""/>
  <member type="way" ref="43322382" role=""/>
  <member type="way" ref="67917362" role=""/>
  <member type="way" ref="1138755438" role=""/>
  <member type="way" ref="1138755437" role=""/>
  <member type="way" ref="67917347" role=""/>
  <member type="way" ref="1138755431" role=""/>
  <member type="way" ref="1138755430" role=""/>
  <member type="way" ref="43322696" role=""/>
  <member type="way" ref="43322697" role=""/>
  <member type="way" ref="43322690" role=""/>
  <member type="way" ref="43322691" role=""/>
  <member type="way" ref="1139153736" role=""/>
  <member type="way" ref="1139153735" role=""/>
  <member type="way" ref="1139153741" role=""/>
  <member type="way" ref="1139153740" role=""/>
  <member type="way" ref="185251111" role=""/>
  <member type="way" ref="79657165" role=""/>
  <member type="way" ref="79657166" role=""/>
  <member type="way" ref="1017844442" role=""/>
  <member type="way" ref="1015893886" role=""/>
  <member type="way" ref="1018984116" role=""/>
  <member type="way" ref="888700958" role=""/>
  <member type="way" ref="23159571" role=""/>
  <member type="way" ref="531860332" role=""/>
  <member type="way" ref="23159577" role=""/>
  <member type="way" ref="11979190" role=""/>
  <member type="way" ref="710455769" role=""/>
  <member type="way" ref="26363377" role=""/>
  <member type="way" ref="530791726" role=""/>
  <member type="way" ref="77962600" role=""/>
  <member type="way" ref="710458456" role=""/>
  <member type="way" ref="710458455" role=""/>
  <member type="way" ref="710458454" role=""/>
  <member type="way" ref="710458453" role=""/>
  <member type="way" ref="72997007" role=""/>
  <member type="way" ref="710458451" role=""/>
  <member type="way" ref="710458452" role=""/>
  <member type="way" ref="130287348" role=""/>
  <member type="way" ref="130287349" role=""/>
  <member type="way" ref="710516578" role=""/>
  <member type="way" ref="710516577" role=""/>
  <member type="way" ref="130287351" role=""/>
  <member type="way" ref="710516576" role=""/>
  <member type="way" ref="130287350" role=""/>
  <member type="way" ref="77962588" role=""/>
  <member type="way" ref="710516575" role=""/>
  <member type="way" ref="710516574" role=""/>
  <member type="way" ref="710516573" role=""/>
  <member type="way" ref="710516572" role=""/>
  <member type="way" ref="710516571" role=""/>
  <member type="way" ref="710516570" role=""/>
  <member type="way" ref="710516569" role=""/>
  <member type="way" ref="710516568" role=""/>
  <member type="way" ref="710516567" role=""/>
  <member type="way" ref="710516566" role=""/>
  <member type="way" ref="710516565" role=""/>
  <member type="way" ref="710516564" role=""/>
  <member type="way" ref="710516563" role=""/>
  <member type="way" ref="710516562" role=""/>
  <member type="way" ref="710516561" role=""/>
  <member type="way" ref="710516560" role=""/>
  <member type="way" ref="1125662870" role=""/>
  <member type="way" ref="219298099" role=""/>
  <member type="way" ref="710516557" role=""/>
  <member type="way" ref="710516559" role=""/>
  <member type="way" ref="710516558" role=""/>
  <member type="way" ref="77962602" role=""/>
  <member type="way" ref="77962594" role=""/>
  <member type="way" ref="710516556" role=""/>
  <member type="way" ref="520757271" role=""/>
  <member type="way" ref="520757272" role=""/>
  <member type="way" ref="77962601" role=""/>
  <member type="way" ref="710516555" role=""/>
  <member type="way" ref="1164458599" role=""/>
  <member type="way" ref="77962592" role=""/>
  <member type="way" ref="134120558" role=""/>
  <member type="way" ref="144716243" role=""/>
  <member type="way" ref="710518374" role=""/>
  <member type="way" ref="1164458602" role=""/>
  <member type="way" ref="710518373" role=""/>
  <member type="way" ref="710518372" role=""/>
  <member type="way" ref="33075721" role=""/>
  <member type="way" ref="747308783" role=""/>
  <member type="way" ref="710520936" role=""/>
  <member type="way" ref="710520937" role=""/>
  <member type="way" ref="710866112" role=""/>
  <member type="way" ref="710866111" role=""/>
  <member type="way" ref="710866110" role=""/>
  <member type="way" ref="710866109" role=""/>
  <member type="way" ref="710866108" role=""/>
  <member type="way" ref="739854429" role=""/>
  <member type="way" ref="739854428" role=""/>
  <member type="way" ref="133181763" role=""/>
  <member type="way" ref="710876441" role=""/>
  <member type="way" ref="710876444" role=""/>
  <member type="way" ref="328754421" role=""/>
  <member type="way" ref="328754425" role=""/>
  <member type="way" ref="145309653" role=""/>
  <member type="way" ref="171988380" role=""/>
  <member type="way" ref="135400756" role=""/>
  <member type="way" ref="710876440" role=""/>
  <member type="way" ref="710876439" role=""/>
  <member type="way" ref="710876438" role=""/>
  <member type="way" ref="710876437" role=""/>
  <member type="way" ref="710876436" role=""/>
  <member type="way" ref="157839906" role=""/>
  <member type="way" ref="710876435" role=""/>
  <member type="way" ref="157839905" role=""/>
  <member type="way" ref="133181775" role=""/>
  <member type="way" ref="5233820" role=""/>
  <member type="way" ref="24510247" role=""/>
  <member type="way" ref="257764217" role=""/>
  <member type="way" ref="133199939" role=""/>
  <member type="way" ref="61114799" role=""/>
  <member type="way" ref="710880853" role=""/>
  <member type="way" ref="710880852" role=""/>
  <member type="way" ref="79501685" role=""/>
  <member type="way" ref="33075558" role=""/>
  <member type="way" ref="118514066" role=""/>
  <member type="way" ref="320510322" role=""/>
  <member type="way" ref="134133232" role=""/>
  <member type="way" ref="563888405" role=""/>
  <member type="way" ref="320510324" role=""/>
  <member type="way" ref="51097989" role=""/>
  <member type="way" ref="172993089" role=""/>
  <member type="way" ref="33075483" role=""/>
  <member type="way" ref="1247539570" role=""/>
  <member type="way" ref="1237311945" role=""/>
  <member type="way" ref="69499815" role=""/>
  <member type="way" ref="132854932" role=""/>
  <member type="way" ref="132854933" role=""/>
  <member type="way" ref="1314036642" role=""/>
  <member type="way" ref="190019012" role=""/>
  <member type="way" ref="1317097415" role=""/>
  <member type="way" ref="342887119" role=""/>
  <member type="way" ref="169958556" role=""/>
  <member type="way" ref="169958554" role=""/>
  <member type="way" ref="342887121" role=""/>
  <member type="way" ref="740760595" role=""/>
  <member type="way" ref="381210760" role=""/>
  <member type="way" ref="740760594" role=""/>
  <member type="way" ref="169958553" role=""/>
  <member type="way" ref="156209933" role=""/>
  <member type="way" ref="50843085" role=""/>
  <member type="way" ref="1125796953" role=""/>
  <member type="way" ref="22604903" role=""/>
  <member type="way" ref="22604721" role=""/>
  <member type="way" ref="1314037778" role=""/>
  <member type="way" ref="132949279" role=""/>
  <member type="way" ref="163217824" role=""/>
  <member type="way" ref="893731141" role=""/>
  <member type="way" ref="566476543" role=""/>
  <member type="way" ref="566476542" role=""/>
  <member type="way" ref="22604662" role=""/>
  <member type="way" ref="144505247" role=""/>
  <member type="way" ref="37853098" role=""/>
  <member type="way" ref="22604666" role=""/>
  <member type="way" ref="436539319" role=""/>
  <member type="way" ref="436539320" role=""/>
  <member type="way" ref="436539321" role=""/>
  <member type="way" ref="169958557" role=""/>
  <member type="way" ref="264277816" role=""/>
  <member type="way" ref="264277817" role=""/>
  <member type="way" ref="264277818" role=""/>
  <member type="way" ref="156209940" role=""/>
  <member type="way" ref="848216729" role=""/>
  <member type="way" ref="803241398" role=""/>
  <member type="way" ref="148316292" role=""/>
  <member type="way" ref="989180609" role=""/>
  <member type="way" ref="989180607" role=""/>
  <member type="way" ref="989180608" role=""/>
  <member type="way" ref="989176810" role=""/>
  <member type="way" ref="989180606" role=""/>
  <member type="way" ref="989180605" role=""/>
  <member type="way" ref="558620802" role=""/>
  <member type="way" ref="989180603" role=""/>
  <member type="way" ref="558620801" role=""/>
  <member type="way" ref="558619624" role=""/>
  <member type="way" ref="989180601" role=""/>
  <member type="way" ref="989180604" role=""/>
  <member type="way" ref="429694292" role=""/>
  <member type="way" ref="360126352" role=""/>
  <member type="way" ref="429694294" role=""/>
  <member type="way" ref="989180600" role=""/>
  <member type="way" ref="989180598" role=""/>
  <member type="way" ref="989180599" role=""/>
  <member type="way" ref="146503465" role=""/>
  <member type="way" ref="436539305" role=""/>
  <member type="way" ref="429694293" role=""/>
  <member type="way" ref="147061389" role=""/>
  <member type="way" ref="436539309" role=""/>
  <member type="way" ref="344049520" role=""/>
  <member type="way" ref="146503464" role=""/>
  <member type="way" ref="807822950" role=""/>
  <member type="way" ref="989180597" role=""/>
  <member type="way" ref="989180596" role=""/>
  <member type="way" ref="145394688" role=""/>
  <member type="way" ref="989180595" role=""/>
  <member type="way" ref="436539316" role=""/>
  <member type="way" ref="436539314" role=""/>
  <member type="way" ref="436539311" role=""/>
  <member type="way" ref="989180594" role=""/>
  <member type="way" ref="436539304" role=""/>
  <member type="way" ref="436539308" role=""/>
  <member type="way" ref="565867163" role=""/>
  <member type="way" ref="436539310" role=""/>
  <member type="way" ref="565869289" role=""/>
  <member type="way" ref="1228236306" role=""/>
  <member type="way" ref="991566927" role=""/>
  <member type="way" ref="991564690" role=""/>
  <member type="way" ref="991566928" role=""/>
  <member type="way" ref="991566924" role=""/>
  <member type="way" ref="991566925" role=""/>
  <member type="way" ref="991566923" role=""/>
  <member type="way" ref="991566922" role=""/>
  <member type="way" ref="1125578144" role=""/>
  <member type="way" ref="29278861" role=""/>
  <member type="way" ref="991566926" role=""/>
  <member type="way" ref="436539307" role=""/>
  <member type="way" ref="991566920" role=""/>
  <member type="way" ref="991566919" role=""/>
  <member type="way" ref="436539312" role=""/>
  <member type="way" ref="312628461" role=""/>
  <member type="way" ref="991566918" role=""/>
  <member type="way" ref="567571908" role=""/>
  <member type="way" ref="16628002" role=""/>
  <member type="way" ref="29057023" role=""/>
  <member type="way" ref="29057086" role=""/>
  <member type="way" ref="29057126" role=""/>
  <member type="way" ref="29057128" role=""/>
  <member type="way" ref="769049528" role=""/>
  <member type="way" ref="810509547" role=""/>
  <member type="way" ref="660724359" role=""/>
  <member type="way" ref="130124319" role=""/>
  <member type="way" ref="660724360" role=""/>
  <member type="way" ref="660724359" role=""/>
  <member type="way" ref="810509547" role=""/>
  <member type="way" ref="769049528" role=""/>
  <member type="way" ref="29057128" role=""/>
  <member type="way" ref="29057126" role=""/>
  <member type="way" ref="29057086" role=""/>
  <member type="way" ref="29057023" role=""/>
  <member type="way" ref="5196204" role=""/>
  <member type="way" ref="991574679" role=""/>
  <member type="way" ref="36198631" role=""/>
  <member type="way" ref="1307654532" role=""/>
  <member type="way" ref="1307654531" role=""/>
  <member type="way" ref="74504370" role=""/>
  <member type="way" ref="436539306" role=""/>
  <member type="way" ref="1354927781" role=""/>
  <member type="way" ref="1354927780" role=""/>
  <member type="way" ref="436539313" role=""/>
  <member type="way" ref="29279037" role=""/>
  <member type="way" ref="436507568" role=""/>
  <member type="way" ref="809915017" role=""/>
  <member type="way" ref="138326095" role=""/>
  <member type="way" ref="29279432" role=""/>
  <member type="way" ref="567571909" role=""/>
  <member type="way" ref="991574677" role=""/>
  <member type="way" ref="451298146" role=""/>
  <member type="way" ref="531860326" role=""/>
  <member type="way" ref="531860328" role=""/>
  <member type="way" ref="531860327" role=""/>
  <member type="way" ref="490006798" role=""/>
  <member type="way" ref="436507571" role=""/>
  <member type="way" ref="567571906" role=""/>
  <member type="way" ref="436507566" role=""/>
  <member type="way" ref="567571905" role=""/>
  <member type="way" ref="43998706" role=""/>
  <member type="way" ref="436507576" role=""/>
  <member type="way" ref="530504698" role=""/>
  <member type="way" ref="320714133" role=""/>
  <member type="way" ref="486717868" role=""/>
  <member type="way" ref="436507570" role=""/>
  <member type="way" ref="436507572" role=""/>
  <member type="way" ref="136064963" role=""/>
  <member type="way" ref="739494902" role=""/>
  <member type="way" ref="739494901" role=""/>
  <member type="way" ref="436507574" role=""/>
  <member type="way" ref="474992497" role=""/>
  <member type="way" ref="22767772" role=""/>
  <member type="way" ref="200422915" role=""/>
  <member type="way" ref="200422908" role=""/>
  <member type="way" ref="200422909" role=""/>
  <member type="way" ref="200422935" role=""/>
  <member type="way" ref="200422921" role=""/>
  <member type="way" ref="200422966" role=""/>
  <member type="way" ref="200422953" role=""/>
  <member type="way" ref="200422969" role=""/>
  <member type="way" ref="78433167" role=""/>
  <member type="way" ref="78433165" role=""/>
  <member type="way" ref="568869658" role=""/>
  <member type="way" ref="568869657" role=""/>
  <member type="way" ref="38525861" role=""/>
  <member type="way" ref="38525862" role=""/>
  <member type="way" ref="38526114" role=""/>
  <member type="way" ref="38526116" role=""/>
  <member type="way" ref="117599405" role=""/>
  <member type="way" ref="117599401" role=""/>
  <member type="way" ref="200429155" role=""/>
  <member type="way" ref="200429160" role=""/>
  <member type="way" ref="200429151" role=""/>
  <member type="way" ref="184900040" role=""/>
  <member type="way" ref="200429139" role=""/>
  <member type="way" ref="184900041" role=""/>
  <member type="way" ref="200429136" role=""/>
  <member type="way" ref="51382503" role=""/>
  <member type="way" ref="184900035" role=""/>
  <member type="way" ref="38526248" role=""/>
  <member type="way" ref="955064508" role=""/>
  <member type="way" ref="38526249" role=""/>
  <member type="way" ref="30082362" role=""/>
  <member type="way" ref="30082363" role=""/>
  <member type="way" ref="38526553" role=""/>
  <member type="way" ref="38526554" role=""/>
  <member type="way" ref="184900039" role=""/>
  <member type="way" ref="376914716" role=""/>
  <member type="way" ref="33041356" role=""/>
  <member type="way" ref="530527298" role=""/>
  <member type="way" ref="200440043" role=""/>
  <member type="way" ref="162669892" role=""/>
  <member type="way" ref="196846415" role=""/>
  <member type="way" ref="118975355" role=""/>
  <member type="way" ref="194455472" role=""/>
  <member type="way" ref="1265906639" role=""/>
  <member type="way" ref="1265906640" role=""/>
  <member type="way" ref="194455473" role=""/>
  <member type="way" ref="194455474" role=""/>
  <member type="way" ref="104989543" role=""/>
  <member type="way" ref="194455471" role=""/>
  <member type="way" ref="69409314" role=""/>
  <member type="way" ref="69409317" role=""/>
  <member type="way" ref="326747991" role=""/>
  <member type="way" ref="194455470" role=""/>
  <member type="way" ref="162669889" role=""/>
  <member type="way" ref="127572259" role=""/>
  <member type="way" ref="40881610" role=""/>
  <member type="way" ref="40881611" role=""/>
  <member type="way" ref="40881837" role=""/>
  <member type="way" ref="40881838" role=""/>
  <member type="way" ref="40881841" role=""/>
  <member type="way" ref="40881842" role=""/>
  <member type="way" ref="194455469" role=""/>
  <member type="way" ref="27764558" role=""/>
  <member type="way" ref="27764561" role=""/>
  <member type="way" ref="288692210" role=""/>
  <member type="way" ref="1210282135" role=""/>
  <member type="way" ref="1210282134" role=""/>
  <member type="way" ref="162670165" role=""/>
  <member type="way" ref="162670159" role=""/>
  <member type="way" ref="480276296" role=""/>
  <member type="way" ref="288692202" role=""/>
  <member type="way" ref="480276286" role=""/>
  <member type="way" ref="480276322" role=""/>
  <member type="way" ref="480276274" role=""/>
  <member type="way" ref="480276280" role=""/>
  <member type="way" ref="480276300" role=""/>
  <member type="way" ref="27819344" role=""/>
  <member type="way" ref="480276291" role=""/>
  <member type="way" ref="480276279" role=""/>
  <member type="way" ref="27819342" role=""/>
  <member type="way" ref="39640600" role=""/>
  <member type="way" ref="39640601" role=""/>
  <member type="way" ref="288699360" role=""/>
  <member type="way" ref="288699355" role=""/>
  <member type="way" ref="326752248" role=""/>
  <member type="way" ref="480276277" role=""/>
  <member type="way" ref="39640913" role=""/>
  <member type="way" ref="39640915" role=""/>
  <member type="way" ref="39641496" role=""/>
  <member type="way" ref="39641497" role=""/>
  <member type="way" ref="288699380" role=""/>
  <member type="way" ref="480276294" role=""/>
  <member type="way" ref="480276281" role=""/>
  <member type="way" ref="888698309" role=""/>
  <member type="way" ref="39642196" role=""/>
  <member type="way" ref="39642197" role=""/>
  <member type="way" ref="104384124" role=""/>
  <member type="way" ref="104384125" role=""/>
  <member type="way" ref="288699359" role=""/>
  <member type="way" ref="29979492" role=""/>
  <member type="way" ref="29979493" role=""/>
  <member type="way" ref="27874636" role=""/>
  <member type="way" ref="480276283" role=""/>
  <member type="way" ref="480276302" role=""/>
  <member type="way" ref="27874634" role=""/>
  <member type="way" ref="41232617" role=""/>
  <member type="way" ref="41232616" role=""/>
  <member type="way" ref="480276273" role=""/>
  <member type="way" ref="480276292" role=""/>
  <member type="way" ref="288699361" role=""/>
  <member type="way" ref="39611064" role=""/>
  <member type="way" ref="39611065" role=""/>
  <member type="way" ref="480277048" role=""/>
  <member type="way" ref="480277057" role=""/>
  <member type="way" ref="39610913" role=""/>
  <member type="way" ref="39610914" role=""/>
  <member type="way" ref="39610481" role=""/>
  <member type="way" ref="39610482" role=""/>
  <member type="way" ref="288699356" role=""/>
  <member type="way" ref="39610738" role=""/>
  <member type="way" ref="39610739" role=""/>
  <member type="way" ref="177531767" role=""/>
  <member type="way" ref="177531777" role=""/>
  <member type="way" ref="92422293" role=""/>
  <member type="way" ref="92422287" role=""/>
  <member type="way" ref="39609984" role=""/>
  <member type="way" ref="39609985" role=""/>
  <member type="way" ref="288699366" role=""/>
  <member type="way" ref="194457673" role=""/>
  <member type="way" ref="288699364" role=""/>
  <member type="way" ref="288699381" role=""/>
  <member type="way" ref="480276319" role=""/>
  <member type="way" ref="480276309" role=""/>
  <member type="way" ref="288699346" role=""/>
  <member type="way" ref="480276275" role=""/>
  <member type="way" ref="480276321" role=""/>
  <member type="way" ref="480276311" role=""/>
  <member type="way" ref="480276318" role=""/>
  <member type="way" ref="480276287" role=""/>
  <member type="way" ref="480276304" role=""/>
  <member type="way" ref="37523554" role=""/>
  <member type="way" ref="37523555" role=""/>
  <member type="way" ref="288699374" role=""/>
  <member type="way" ref="161800069" role=""/>
  <member type="way" ref="161800070" role=""/>
  <member type="way" ref="480276313" role=""/>
  <member type="way" ref="480276320" role=""/>
  <member type="way" ref="150303834" role=""/>
  <member type="way" ref="150304175" role=""/>
  <member type="way" ref="288699353" role=""/>
  <member type="way" ref="4333467" role=""/>
  <member type="way" ref="4085249" role=""/>
  <member type="way" ref="161800071" role=""/>
  <member type="way" ref="161800068" role=""/>
  <member type="way" ref="288699351" role=""/>
  <member type="way" ref="150305185" role=""/>
  <member type="way" ref="150305187" role=""/>
  <member type="way" ref="150305188" role=""/>
  <member type="way" ref="150305311" role=""/>
  <member type="way" ref="290802210" role=""/>
  <member type="way" ref="194457665" role=""/>
  <member type="way" ref="288705285" role=""/>
  <member type="way" ref="290802207" role=""/>
  <member type="way" ref="26593433" role=""/>
  <member type="way" ref="26593434" role=""/>
  <member type="way" ref="24669188" role=""/>
  <member type="way" ref="780036343" role=""/>
  <member type="way" ref="163550456" role=""/>
  <member type="way" ref="288705280" role=""/>
  <member type="way" ref="8113402" role=""/>
  <member type="way" ref="8113423" role=""/>
  <member type="way" ref="288705287" role=""/>
  <member type="way" ref="288705290" role=""/>
  <member type="way" ref="288705276" role=""/>
  <member type="way" ref="288705283" role=""/>
  <member type="way" ref="8113430" role=""/>
  <member type="way" ref="4085251" role=""/>
  <member type="way" ref="288705281" role=""/>
  <member type="way" ref="104262233" role=""/>
  <member type="way" ref="104262229" role=""/>
  <member type="way" ref="278563517" role=""/>
  <member type="way" ref="278563478" role=""/>
  <member type="way" ref="27763774" role=""/>
  <member type="way" ref="27763778" role=""/>
  <member type="way" ref="259257056" role=""/>
  <member type="way" ref="194457669" role=""/>
  <member type="way" ref="160529944" role=""/>
  <member type="way" ref="288705291" role=""/>
  <member type="way" ref="278563506" role=""/>
  <member type="way" ref="278563522" role=""/>
  <member type="way" ref="8108277" role=""/>
  <member type="way" ref="8108276" role=""/>
  <member type="way" ref="260957812" role=""/>
  <member type="way" ref="260957803" role=""/>
  <member type="way" ref="260957809" role=""/>
  <member type="way" ref="260957817" role=""/>
  <member type="way" ref="278563488" role=""/>
  <member type="way" ref="278563539" role=""/>
  <member type="way" ref="326706028" role=""/>
  <member type="way" ref="1428299478" role=""/>
  <member type="way" ref="1428299479" role=""/>
  <member type="way" ref="179609293" role=""/>
  <member type="way" ref="138754651" role=""/>
  <member type="way" ref="290799514" role=""/>
  <member type="way" ref="104380664" role=""/>
  <member type="way" ref="104380663" role=""/>
  <member type="way" ref="4085253" role=""/>
  <member type="way" ref="278563502" role=""/>
  <member type="way" ref="278563535" role=""/>
  <member type="way" ref="278563492" role=""/>
  <member type="way" ref="278563547" role=""/>
  <member type="way" ref="278563500" role=""/>
  <member type="way" ref="278563526" role=""/>
  <member type="way" ref="104253538" role=""/>
  <member type="way" ref="104253536" role=""/>
  <member type="way" ref="288707083" role=""/>
  <member type="way" ref="278563508" role=""/>
  <member type="way" ref="278563523" role=""/>
  <member type="way" ref="407301522" role=""/>
  <member type="way" ref="407301523" role=""/>
  <member type="way" ref="288707080" role=""/>
  <member type="way" ref="133654048" role=""/>
  <member type="way" ref="133654046" role=""/>
  <member type="way" ref="278563507" role=""/>
  <member type="way" ref="278563551" role=""/>
  <member type="way" ref="278563487" role=""/>
  <member type="way" ref="278563553" role=""/>
  <member type="way" ref="288707081" role=""/>
  <member type="way" ref="149737233" role=""/>
  <member type="way" ref="127574137" role=""/>
  <member type="way" ref="288707079" role=""/>
  <member type="way" ref="127574136" role=""/>
  <member type="way" ref="25479807" role=""/>
  <member type="way" ref="8108286" role=""/>
  <member type="way" ref="8108287" role=""/>
  <member type="way" ref="8113396" role=""/>
  <member type="way" ref="194466675" role=""/>
  <member type="way" ref="326691794" role=""/>
  <member type="way" ref="278563481" role=""/>
  <member type="way" ref="288710114" role=""/>
  <member type="way" ref="194466680" role=""/>
  <member type="way" ref="127574135" role=""/>
  <member type="way" ref="288710111" role=""/>
  <member type="way" ref="8113399" role=""/>
  <member type="way" ref="5056041" role=""/>
  <member type="way" ref="326691779" role=""/>
  <member type="way" ref="194466681" role=""/>
  <member type="way" ref="9957204" role=""/>
  <member type="way" ref="9957203" role=""/>
  <member type="way" ref="194466677" role=""/>
  <member type="way" ref="278563484" role=""/>
  <member type="way" ref="278563528" role=""/>
  <member type="way" ref="328478714" role=""/>
  <member type="way" ref="191605882" role=""/>
  <member type="way" ref="9654237" role=""/>
  <member type="way" ref="9654236" role=""/>
  <member type="way" ref="9654231" role=""/>
  <member type="way" ref="9654232" role=""/>
  <member type="way" ref="10376116" role=""/>
  <member type="way" ref="290630323" role=""/>
  <member type="way" ref="10376115" role=""/>
  <member type="way" ref="288713341" role=""/>
  <member type="way" ref="194466674" role=""/>
  <member type="way" ref="194466678" role=""/>
  <member type="way" ref="9653926" role=""/>
  <member type="way" ref="9653922" role=""/>
  <member type="way" ref="194466685" role=""/>
  <member type="way" ref="278563511" role=""/>
  <member type="way" ref="278563524" role=""/>
  <member type="way" ref="278563499" role=""/>
  <member type="way" ref="278563542" role=""/>
  <member type="way" ref="288714502" role=""/>
  <member type="way" ref="10137967" role=""/>
  <member type="way" ref="5056037" role=""/>
  <member type="way" ref="278563494" role=""/>
  <member type="way" ref="278563549" role=""/>
  <member type="way" ref="278563480" role=""/>
  <member type="way" ref="278563527" role=""/>
  <member type="way" ref="278563485" role=""/>
  <member type="way" ref="278563486" role=""/>
  <member type="way" ref="278563497" role=""/>
  <member type="way" ref="278563538" role=""/>
  <member type="way" ref="23882489" role=""/>
  <member type="way" ref="23882490" role=""/>
  <member type="way" ref="39226626" role=""/>
  <member type="way" ref="39226627" role=""/>
  <member type="way" ref="288714494" role=""/>
  <member type="way" ref="24405826" role=""/>
  <member type="way" ref="24834284" role=""/>
  <member type="way" ref="24834283" role=""/>
  <member type="way" ref="326640818" role=""/>
  <member type="way" ref="194466686" role=""/>
  <member type="way" ref="288714507" role=""/>
  <member type="way" ref="326640819" role=""/>
  <member type="way" ref="24405827" role=""/>
  <member type="way" ref="24834313" role=""/>
  <member type="way" ref="24834312" role=""/>
  <member type="way" ref="24834326" role=""/>
  <member type="way" ref="662670427" role=""/>
  <member type="way" ref="662670418" role=""/>
  <member type="way" ref="288714504" role=""/>
  <member type="way" ref="288714503" role=""/>
  <member type="way" ref="559557260" role=""/>
  <member type="way" ref="24834364" role=""/>
  <member type="way" ref="24834363" role=""/>
  <member type="way" ref="24834360" role=""/>
  <member type="way" ref="24834359" role=""/>
  <member type="way" ref="288715182" role=""/>
  <member type="way" ref="194466676" role=""/>
  <member type="way" ref="24405828" role=""/>
  <member type="way" ref="288715185" role=""/>
  <member type="way" ref="328478884" role=""/>
  <member type="way" ref="24834385" role=""/>
  <member type="way" ref="24686038" role=""/>
  <member type="way" ref="288716123" role=""/>
  <member type="way" ref="278563509" role=""/>
  <member type="way" ref="278563529" role=""/>
  <member type="way" ref="288716129" role=""/>
  <member type="way" ref="326618978" role=""/>
  <member type="way" ref="24686111" role=""/>
  <member type="way" ref="983685639" role=""/>
  <member type="way" ref="24686039" role=""/>
  <member type="way" ref="218321310" role=""/>
  <member type="way" ref="191791602" role=""/>
  <member type="way" ref="326618976" role=""/>
  <member type="way" ref="185260342" role=""/>
  <member type="way" ref="185260338" role=""/>
  <member type="way" ref="326618977" role=""/>
  <member type="way" ref="192154523" role=""/>
  <member type="way" ref="326618980" role=""/>
  <member type="way" ref="248786505" role=""/>
  <member type="way" ref="248786504" role=""/>
  <member type="way" ref="326618975" role=""/>
  <member type="way" ref="24669383" role=""/>
  <member type="way" ref="246100523" role=""/>
  <member type="way" ref="326618973" role=""/>
  <member type="way" ref="326618981" role=""/>
  <member type="way" ref="953017228" role=""/>
  <member type="way" ref="295662535" role=""/>
  <member type="way" ref="953017229" role=""/>
  <member type="way" ref="248786503" role=""/>
  <member type="way" ref="338560976" role=""/>
  <member type="way" ref="338560977" role=""/>
  <member type="way" ref="288716540" role=""/>
  <member type="way" ref="3350791" role=""/>
  <member type="way" ref="288716538" role=""/>
  <member type="way" ref="288716542" role=""/>
  <member type="way" ref="326593250" role=""/>
  <member type="way" ref="288790346" role=""/>
  <member type="way" ref="288790351" role=""/>
  <member type="way" ref="326593251" role=""/>
  <member type="way" ref="288790348" role=""/>
  <member type="way" ref="136438771" role=""/>
  <member type="way" ref="24834466" role=""/>
  <member type="way" ref="24834465" role=""/>
  <member type="way" ref="24834473" role=""/>
  <member type="way" ref="24834472" role=""/>
  <member type="way" ref="24834496" role=""/>
  <member type="way" ref="24834494" role=""/>
  <member type="way" ref="490172061" role=""/>
  <member type="way" ref="490172079" role=""/>
  <member type="way" ref="194466679" role=""/>
  <member type="way" ref="38574165" role=""/>
  <member type="way" ref="38574163" role=""/>
  <member type="way" ref="326591169" role=""/>
  <member type="way" ref="288790349" role=""/>
  <member type="way" ref="288790344" role=""/>
  <member type="way" ref="326591170" role=""/>
  <member type="way" ref="24834520" role=""/>
  <member type="way" ref="24834519" role=""/>
  <member type="way" ref="288789330" role=""/>
  <member type="way" ref="288789328" role=""/>
  <member type="way" ref="3351480" role=""/>
  <member type="way" ref="24686600" role=""/>
  <member type="way" ref="24686601" role=""/>
  <member type="way" ref="490172092" role=""/>
  <member type="way" ref="490172074" role=""/>
  <member type="way" ref="288789317" role=""/>
  <member type="way" ref="275061337" role=""/>
  <member type="way" ref="275061338" role=""/>
  <member type="way" ref="194466683" role=""/>
  <member type="way" ref="275061322" role=""/>
  <member type="way" ref="275061340" role=""/>
  <member type="way" ref="24469877" role=""/>
  <member type="way" ref="24469876" role=""/>
  <member type="way" ref="288789314" role=""/>
  <member type="way" ref="268263979" role=""/>
  <member type="way" ref="24834535" role=""/>
  <member type="way" ref="24834533" role=""/>
  <member type="way" ref="268263984" role=""/>
  <member type="way" ref="24699707" role=""/>
  <member type="way" ref="24699708" role=""/>
  <member type="way" ref="268263980" role=""/>
  <member type="way" ref="194466682" role=""/>
  <member type="way" ref="24664376" role=""/>
  <member type="way" ref="24664377" role=""/>
  <member type="way" ref="24700077" role=""/>
  <member type="way" ref="24700078" role=""/>
  <member type="way" ref="275061320" role=""/>
  <member type="way" ref="275061314" role=""/>
  <member type="way" ref="270345002" role=""/>
  <member type="way" ref="194466684" role=""/>
  <member type="way" ref="8007759" role=""/>
  <member type="way" ref="270344999" role=""/>
  <member type="way" ref="5097731" role=""/>
  <member type="way" ref="270345014" role=""/>
  <member type="way" ref="5097732" role=""/>
  <member type="way" ref="8044306" role=""/>
  <member type="way" ref="8044318" role=""/>
  <member type="way" ref="8044317" role=""/>
  <member type="way" ref="8044314" role=""/>
  <member type="way" ref="8044313" role=""/>
  <member type="way" ref="275056697" role=""/>
  <member type="way" ref="275056684" role=""/>
  <member type="way" ref="28186611" role=""/>
  <member type="way" ref="28186610" role=""/>
  <member type="way" ref="28171122" role=""/>
  <member type="way" ref="8044310" role=""/>
  <member type="way" ref="26234487" role=""/>
  <member type="way" ref="26234483" role=""/>
  <member type="way" ref="288787416" role=""/>
  <member type="way" ref="288787414" role=""/>
  <member type="way" ref="275056686" role=""/>
  <member type="way" ref="288787421" role=""/>
  <member type="way" ref="275056700" role=""/>
  <member type="way" ref="146394449" role=""/>
  <member type="way" ref="288787419" role=""/>
  <member type="way" ref="288787418" role=""/>
  <member type="way" ref="773656847" role=""/>
  <member type="way" ref="288787417" role=""/>
  <member type="way" ref="24834575" role=""/>
  <member type="way" ref="24834571" role=""/>
  <member type="way" ref="163628038" role=""/>
  <member type="way" ref="275056698" role=""/>
  <member type="way" ref="275056717" role=""/>
  <member type="way" ref="326567970" role=""/>
  <member type="way" ref="326567966" role=""/>
  <member type="way" ref="288784682" role=""/>
  <member type="way" ref="275056704" role=""/>
  <member type="way" ref="275056710" role=""/>
  <member type="way" ref="24821178" role=""/>
  <member type="way" ref="24821179" role=""/>
  <member type="way" ref="288784686" role=""/>
  <member type="way" ref="326542048" role=""/>
  <member type="way" ref="326542049" role=""/>
  <member type="way" ref="288784674" role=""/>
  <member type="way" ref="288784669" role=""/>
  <member type="way" ref="326542050" role=""/>
  <member type="way" ref="326542047" role=""/>
  <member type="way" ref="326533009" role=""/>
  <member type="way" ref="326533010" role=""/>
  <member type="way" ref="146235775" role=""/>
  <member type="way" ref="288784689" role=""/>
  <member type="way" ref="326533007" role=""/>
  <member type="way" ref="326533013" role=""/>
  <member type="way" ref="256297910" role=""/>
  <member type="way" ref="256297907" role=""/>
  <member type="way" ref="256297917" role=""/>
  <member type="way" ref="256297911" role=""/>
  <member type="way" ref="194472689" role=""/>
  <member type="way" ref="256297914" role=""/>
  <member type="way" ref="194472688" role=""/>
  <member type="way" ref="145430066" role=""/>
  <member type="way" ref="144804535" role=""/>
  <member type="way" ref="292154882" role=""/>
  <member type="way" ref="153077009" role=""/>
  <member type="way" ref="143690723" role=""/>
  <member type="way" ref="292154883" role=""/>
  <member type="way" ref="256297941" role=""/>
  <member type="way" ref="142937976" role=""/>
  <member type="way" ref="136438751" role=""/>
  <member type="way" ref="133643284" role=""/>
  <member type="way" ref="56316138" role=""/>
  <member type="way" ref="256297929" role=""/>
  <member type="way" ref="256297934" role=""/>
  <member type="way" ref="256333143" role=""/>
  <member type="way" ref="199356093" role=""/>
  <member type="way" ref="142937978" role=""/>
  <member type="way" ref="256333142" role=""/>
  <member type="way" ref="100307561" role=""/>
  <member type="way" ref="100307562" role=""/>
  <member type="way" ref="488043424" role=""/>
  <member type="way" ref="488043432" role=""/>
  <member type="way" ref="288717493" role=""/>
  <member type="way" ref="256297926" role=""/>
  <member type="way" ref="17257020" role=""/>
  <member type="way" ref="187094113" role=""/>
  <member type="way" ref="17257022" role=""/>
  <member type="way" ref="256297930" role=""/>
  <member type="way" ref="256297928" role=""/>
  <member type="way" ref="488043427" role=""/>
  <member type="way" ref="488043433" role=""/>
  <member type="way" ref="143474802" role=""/>
  <member type="way" ref="245440736" role=""/>
  <member type="way" ref="930774574" role=""/>
  <member type="way" ref="488043428" role=""/>
  <member type="way" ref="245440737" role=""/>
  <member type="way" ref="245440732" role=""/>
  <member type="way" ref="245440735" role=""/>
  <member type="way" ref="248212238" role=""/>
  <member type="way" ref="488043423" role=""/>
  <member type="way" ref="488043426" role=""/>
  <member type="way" ref="248212233" role=""/>
  <member type="way" ref="288717313" role=""/>
  <member type="way" ref="288717310" role=""/>
  <member type="way" ref="40144606" role=""/>
  <member type="way" ref="56316151" role=""/>
  <member type="way" ref="40144607" role=""/>
  <member type="way" ref="326539634" role=""/>
  <member type="way" ref="40144608" role=""/>
  <member type="way" ref="11285555" role=""/>
  <member type="way" ref="42539019" role=""/>
  <member type="way" ref="43331015" role=""/>
  <member type="way" ref="920156316" role=""/>
  <member type="way" ref="1118663148" role=""/>
  <member type="way" ref="52476695" role=""/>
  <member type="way" ref="1118663276" role=""/>
  <member type="way" ref="11285150" role=""/>
  <member type="way" ref="839244204" role=""/>
  <member type="way" ref="11285151" role=""/>
  <member type="way" ref="839244203" role=""/>
  <member type="way" ref="24000299" role=""/>
  <member type="way" ref="24000297" role=""/>
  <member type="way" ref="24000296" role=""/>
  <member type="way" ref="24000295" role=""/>
  <member type="way" ref="24000294" role=""/>
  <member type="way" ref="24000293" role=""/>
  <member type="way" ref="40107609" role=""/>
  <member type="way" ref="56316139" role=""/>
  <member type="way" ref="100307345" role=""/>
  <member type="way" ref="100307343" role=""/>
  <member type="way" ref="56316142" role=""/>
  <member type="way" ref="920156314" role=""/>
  <member type="way" ref="141832138" role=""/>
  <member type="way" ref="1147909837" role=""/>
  <member type="way" ref="867305573" role=""/>
  <member type="way" ref="216105591" role=""/>
  <member type="way" ref="143087069" role=""/>
  <member type="way" ref="100307487" role=""/>
  <member type="way" ref="143086176" role=""/>
  <member type="way" ref="292773765" role=""/>
  <member type="way" ref="4651050" role=""/>
  <member type="way" ref="839734285" role=""/>
  <member type="way" ref="292773762" role=""/>
  <member type="way" ref="839734283" role=""/>
  <member type="way" ref="4645169" role=""/>
  <member type="way" ref="141415889" role=""/>
  <member type="way" ref="4645182" role=""/>
  <member type="way" ref="18951759" role=""/>
  <member type="way" ref="142757319" role=""/>
  <member type="way" ref="416763778" role=""/>
  <member type="way" ref="416763750" role=""/>
  <member type="way" ref="142757320" role=""/>
  <member type="way" ref="292773761" role=""/>
  <member type="way" ref="142690732" role=""/>
  <member type="way" ref="25164010" role=""/>
  <member type="way" ref="1217490808" role=""/>
  <member type="way" ref="141653615" role=""/>
  <member type="way" ref="1217500017" role=""/>
  <member type="way" ref="1217490807" role=""/>
  <member type="way" ref="1230851132" role=""/>
  <member type="way" ref="366601206" role=""/>
  <member type="way" ref="1230851131" role=""/>
  <member type="way" ref="22930489" role=""/>
  <member type="way" ref="22930487" role=""/>
  <member type="way" ref="366601207" role=""/>
  <member type="way" ref="186395857" role=""/>
  <member type="way" ref="366601203" role=""/>
  <member type="way" ref="186395855" role=""/>
  <member type="way" ref="366601209" role=""/>
  <member type="way" ref="366601213" role=""/>
  <member type="way" ref="1526306153" role=""/>
  <member type="way" ref="366566644" role=""/>
  <member type="way" ref="186402216" role=""/>
  <member type="way" ref="400844842" role=""/>
  <member type="way" ref="144066384" role=""/>
  <member type="way" ref="444071348" role=""/>
  <member type="way" ref="432298849" role=""/>
  <member type="way" ref="1421494408" role=""/>
  <member type="way" ref="366601201" role=""/>
  <member type="way" ref="227043237" role=""/>
  <member type="way" ref="366601200" role=""/>
  <member type="way" ref="366601199" role=""/>
  <member type="way" ref="4686339" role=""/>
  <member type="way" ref="1464550878" role=""/>
  <member type="way" ref="292631507" role=""/>
  <member type="way" ref="292631505" role=""/>
  <member type="way" ref="56089652" role=""/>
  <member type="way" ref="366601198" role=""/>
  <member type="way" ref="264448393" role=""/>
  <member type="way" ref="145456738" role=""/>
  <member type="way" ref="56089654" role=""/>
  <member type="way" ref="22931319" role=""/>
  <member type="way" ref="146540540" role=""/>
  <member type="way" ref="291800984" role=""/>
  <member type="way" ref="145309734" role=""/>
  <member type="way" ref="865766605" role=""/>
  <member type="way" ref="27764286" role=""/>
  <member type="way" ref="1302572923" role=""/>
  <member type="way" ref="134195928" role=""/>
  <member type="way" ref="152537475" role=""/>
  <member type="way" ref="1466758207" role=""/>
  <member type="way" ref="132804156" role=""/>
  <member type="way" ref="134583817" role=""/>
  <member type="way" ref="315127281" role=""/>
  <member type="way" ref="151521563" role=""/>
  <member type="way" ref="315127282" role=""/>
  <member type="way" ref="1420335406" role=""/>
  <member type="way" ref="292950392" role=""/>
  <member type="way" ref="316009875" role=""/>
  <member type="way" ref="396974109" role=""/>
  <member type="way" ref="47323688" role=""/>
  <member type="way" ref="629203362" role=""/>
  <member type="way" ref="629203361" role=""/>
  <member type="way" ref="629203360" role=""/>
  <member type="way" ref="629203359" role=""/>
  <member type="way" ref="629203358" role=""/>
  <member type="way" ref="629203357" role=""/>
  <member type="way" ref="629203356" role=""/>
  <member type="way" ref="629203355" role=""/>
  <member type="way" ref="629203354" role=""/>
  <member type="way" ref="629203353" role=""/>
  <member type="way" ref="629203352" role=""/>
  <member type="way" ref="629203351" role=""/>
  <member type="way" ref="629203350" role=""/>
  <member type="way" ref="629203349" role=""/>
  <member type="way" ref="629203348" role=""/>
  <member type="way" ref="629203347" role=""/>
  <member type="way" ref="655382531" role=""/>
  <member type="way" ref="241984158" role=""/>
  <member type="way" ref="655382521" role=""/>
  <member type="way" ref="47323689" role=""/>
  <member type="way" ref="619246834" role=""/>
  <member type="way" ref="655382526" role=""/>
  <member type="way" ref="632546743" role=""/>
  <member type="way" ref="632546742" role=""/>
  <member type="way" ref="645064126" role=""/>
  <member type="way" ref="619246835" role=""/>
  <member type="way" ref="124559532" role=""/>
  <member type="way" ref="227043238" role=""/>
  <member type="way" ref="47323690" role=""/>
  <member type="way" ref="1341063703" role=""/>
  <member type="way" ref="224855183" role=""/>
  <member type="way" ref="1420335407" role=""/>
  <member type="way" ref="224855182" role=""/>
  <member type="way" ref="315127283" role=""/>
  <member type="way" ref="126760928" role=""/>
  <member type="way" ref="146018788" role=""/>
  <member type="way" ref="146018784" role=""/>
  <member type="way" ref="146018786" role=""/>
  <member type="way" ref="134171421" role=""/>
  <member type="way" ref="134171420" role=""/>
  <member type="way" ref="151784477" role=""/>
  <member type="way" ref="54200280" role=""/>
  <member type="way" ref="54200281" role=""/>
  <member type="way" ref="394477745" role=""/>
  <member type="way" ref="54200283" role=""/>
  <member type="way" ref="699106023" role=""/>
  <member type="way" ref="89707050" role=""/>
  <member type="way" ref="316126786" role=""/>
  <member type="way" ref="1497502332" role=""/>
  <member type="way" ref="1497502333" role=""/>
  <member type="way" ref="873224765" role=""/>
  <member type="way" ref="38447289" role=""/>
  <member type="way" ref="139790732" role=""/>
  <member type="way" ref="1497502330" role=""/>
  <member type="way" ref="139790738" role=""/>
  <member type="way" ref="369180228" role=""/>
  <member type="way" ref="158900200" role=""/>
  <member type="way" ref="316126810" role=""/>
  <member type="way" ref="21458730" role=""/>
  <member type="way" ref="106745416" role=""/>
  <member type="way" ref="120208441" role=""/>
  <member type="way" ref="120208443" role=""/>
  <member type="way" ref="106745419" role=""/>
  <member type="way" ref="21458715" role=""/>
  <member type="way" ref="398429726" role=""/>
  <member type="way" ref="89360835" role=""/>
  <member type="way" ref="398429727" role=""/>
  <member type="way" ref="152409359" role=""/>
  <member type="way" ref="316126796" role=""/>
  <member type="way" ref="152409358" role=""/>
  <member type="way" ref="30909540" role=""/>
  <member type="way" ref="270678966" role=""/>
  <member type="way" ref="1210568580" role=""/>
  <member type="way" ref="120190002" role=""/>
  <member type="way" ref="371347853" role=""/>
  <member type="way" ref="1210569620" role=""/>
  <member type="way" ref="313594986" role=""/>
  <member type="way" ref="1210569744" role=""/>
  <member type="way" ref="34308005" role=""/>
  <member type="way" ref="30909514" role=""/>
  <member type="way" ref="269571143" role=""/>
  <member type="way" ref="30819501" role=""/>
  <member type="way" ref="4902091" role=""/>
  <member type="way" ref="1214086334" role=""/>
  <member type="way" ref="1214086335" role=""/>
  <member type="way" ref="1501269478" role=""/>
  <member type="way" ref="1426817964" role=""/>
  <member type="way" ref="4902090" role=""/>
  <member type="way" ref="1214086336" role=""/>
  <member type="way" ref="26398311" role=""/>
  <member type="way" ref="1265891358" role=""/>
  <member type="way" ref="1425250959" role=""/>
  <member type="way" ref="27351847" role=""/>
  <member type="way" ref="27351846" role=""/>
  <member type="way" ref="1425250958" role=""/>
  <member type="way" ref="30616217" role=""/>
  <member type="way" ref="30616219" role=""/>
  <member type="way" ref="30616218" role=""/>
  <member type="way" ref="30616221" role=""/>
  <member type="way" ref="30616222" role=""/>
  <member type="way" ref="30616224" role=""/>
  <member type="way" ref="1425250957" role=""/>
  <member type="way" ref="30616227" role=""/>
  <member type="way" ref="444978262" role=""/>
  <member type="way" ref="1291068756" role=""/>
  <member type="way" ref="30616226" role=""/>
  <member type="way" ref="1425250956" role=""/>
  <member type="way" ref="146643686" role=""/>
  <member type="way" ref="1131953668" role=""/>
  <member type="way" ref="33872653" role=""/>
  <member type="way" ref="30884020" role=""/>
  <member type="way" ref="30884019" role=""/>
  <member type="way" ref="4902054" role=""/>
  <member type="way" ref="26600549" role=""/>
  <member type="way" ref="47673993" role=""/>
  <member type="way" ref="30761426" role=""/>
  <member type="way" ref="1451653355" role=""/>
  <member type="way" ref="144385816" role=""/>
  <member type="way" ref="1080048987" role=""/>
  <member type="way" ref="143581161" role=""/>
  <member type="way" ref="49026958" role=""/>
  <member type="way" ref="26600570" role=""/>
  <member type="way" ref="26600569" role=""/>
  <member type="way" ref="326360861" role=""/>
  <member type="way" ref="253327113" role=""/>
  <member type="way" ref="198366313" role=""/>
  <member type="way" ref="280273994" role=""/>
  <member type="way" ref="280273997" role=""/>
  <member type="way" ref="280342519" role=""/>
  <member type="way" ref="253327116" role=""/>
  <member type="way" ref="253327117" role=""/>
  <member type="way" ref="314271665" role=""/>
  <member type="way" ref="1017966875" role=""/>
  <member type="way" ref="1017966876" role=""/>
  <member type="way" ref="55706468" role=""/>
  <member type="way" ref="219404822" role=""/>
  <member type="way" ref="219404823" role=""/>
  <member type="way" ref="10893338" role=""/>
  <member type="way" ref="326367891" role=""/>
  <member type="way" ref="326367890" role=""/>
  <member type="way" ref="55706469" role=""/>
  <member type="way" ref="10564390" role=""/>
  <member type="way" ref="280346070" role=""/>
  <member type="way" ref="327462611" role=""/>
  <member type="way" ref="198366312" role=""/>
  <member type="way" ref="251505085" role=""/>
  <member type="way" ref="327462614" role=""/>
  <member type="way" ref="28801887" role=""/>
  <member type="way" ref="327464675" role=""/>
  <member type="way" ref="251505081" role=""/>
  <member type="way" ref="251505078" role=""/>
  <member type="way" ref="327464674" role=""/>
  <member type="way" ref="10816861" role=""/>
  <member type="way" ref="143575534" role=""/>
  <member type="way" ref="280421285" role=""/>
  <member type="way" ref="38902727" role=""/>
  <member type="way" ref="28802112" role=""/>
  <member type="way" ref="280422003" role=""/>
  <member type="way" ref="197697287" role=""/>
  <member type="way" ref="28802113" role=""/>
  <member type="way" ref="477921130" role=""/>
  <member type="way" ref="477921133" role=""/>
  <member type="way" ref="280422000" role=""/>
  <member type="way" ref="251505066" role=""/>
  <member type="way" ref="251505086" role=""/>
  <member type="way" ref="280422002" role=""/>
  <member type="way" ref="79797068" role=""/>
  <member type="way" ref="79797069" role=""/>
  <member type="way" ref="14778575" role=""/>
  <member type="way" ref="1346182148" role=""/>
  <member type="way" ref="1346182149" role=""/>
  <member type="way" ref="14778570" role=""/>
  <member type="way" ref="280688899" role=""/>
  <member type="way" ref="251505083" role=""/>
  <member type="way" ref="251505057" role=""/>
  <member type="way" ref="280688896" role=""/>
  <member type="way" ref="317255553" role=""/>
  <member type="way" ref="27127127" role=""/>
  <member type="way" ref="251505068" role=""/>
  <member type="way" ref="42400875" role=""/>
  <member type="way" ref="42400874" role=""/>
  <member type="way" ref="1493960216" role=""/>
  <member type="way" ref="95261649" role=""/>
  <member type="way" ref="95261664" role=""/>
  <member type="way" ref="280691747" role=""/>
  <member type="way" ref="27127130" role=""/>
  <member type="way" ref="1421144853" role=""/>
  <member type="way" ref="265045936" role=""/>
  <member type="way" ref="265045938" role=""/>
  <member type="way" ref="280691745" role=""/>
  <member type="way" ref="27455447" role=""/>
  <member type="way" ref="27455448" role=""/>
  <member type="way" ref="1493960215" role=""/>
  <member type="way" ref="288973413" role=""/>
  <member type="way" ref="1194853219" role=""/>
  <member type="way" ref="280694758" role=""/>
  <member type="way" ref="251505064" role=""/>
  <member type="way" ref="218532964" role=""/>
  <member type="way" ref="280694756" role=""/>
  <member type="way" ref="665188481" role=""/>
  <member type="way" ref="27126888" role=""/>
  <member type="way" ref="251505074" role=""/>
  <member type="way" ref="251505088" role=""/>
  <member type="way" ref="27126891" role=""/>
  <member type="way" ref="280726822" role=""/>
  <member type="way" ref="27394066" role=""/>
  <member type="way" ref="27394070" role=""/>
  <member type="way" ref="300908998" role=""/>
  <member type="way" ref="280732481" role=""/>
  <member type="way" ref="13855393" role=""/>
  <member type="way" ref="327630105" role=""/>
  <member type="way" ref="403304748" role=""/>
  <member type="way" ref="403304749" role=""/>
  <member type="way" ref="27126784" role=""/>
  <member type="way" ref="300908999" role=""/>
  <member type="way" ref="27126782" role=""/>
  <member type="way" ref="12999970" role=""/>
  <member type="way" ref="1317289343" role=""/>
  <member type="way" ref="27393361" role=""/>
  <member type="way" ref="27393362" role=""/>
  <member type="way" ref="27126693" role=""/>
  <member type="way" ref="57106074" role=""/>
  <member type="way" ref="29171248" role=""/>
  <member type="way" ref="29171249" role=""/>
  <member type="way" ref="22795459" role=""/>
  <member type="way" ref="27456399" role=""/>
  <member type="way" ref="27456395" role=""/>
  <member type="way" ref="26053556" role=""/>
  <member type="way" ref="314249210" role=""/>
  <member type="way" ref="314249203" role=""/>
  <member type="way" ref="101820162" role=""/>
  <member type="way" ref="1221243047" role=""/>
  <member type="way" ref="630222669" role=""/>
  <member type="way" ref="57045470" role=""/>
  <member type="way" ref="155454415" role=""/>
  <member type="way" ref="155454416" role=""/>
  <member type="way" ref="314249169" role=""/>
  <member type="way" ref="314249170" role=""/>
  <member type="way" ref="227043228" role=""/>
  <member type="way" ref="54415494" role=""/>
  <member type="way" ref="314249170" role=""/>
  <member type="way" ref="314249169" role=""/>
  <member type="way" ref="155454416" role=""/>
  <member type="way" ref="155454415" role=""/>
  <member type="way" ref="57045470" role=""/>
  <member type="way" ref="4018554" role=""/>
  <member type="way" ref="57385343" role=""/>
  <member type="way" ref="56233408" role=""/>
  <member type="way" ref="26053606" role=""/>
  <member type="way" ref="316518587" role=""/>
  <member type="way" ref="314249204" role=""/>
  <member type="way" ref="314249213" role=""/>
  <member type="way" ref="22795456" role=""/>
  <member type="way" ref="29171250" role=""/>
  <member type="way" ref="29171251" role=""/>
  <member type="way" ref="144554567" role=""/>
  <member type="way" ref="27126692" role=""/>
  <member type="way" ref="327630103" role=""/>
  <member type="way" ref="27393351" role=""/>
  <member type="way" ref="27393359" role=""/>
  <member type="way" ref="5336063" role=""/>
  <member type="way" ref="27126782" role=""/>
  <member type="way" ref="199489186" role=""/>
  <member type="way" ref="280732487" role=""/>
  <member type="way" ref="280732484" role=""/>
  <member type="way" ref="376350230" role=""/>
  <member type="way" ref="230124430" role=""/>
  <member type="way" ref="327637478" role=""/>
  <member type="way" ref="230124429" role=""/>
  <member type="way" ref="253368218" role=""/>
  <member type="way" ref="230124431" role=""/>
  <member type="way" ref="304768091" role=""/>
  <member type="way" ref="304768093" role=""/>
  <member type="way" ref="230124428" role=""/>
  <member type="way" ref="155078401" role=""/>
  <member type="way" ref="230129518" role=""/>
  <member type="way" ref="304768092" role=""/>
  <member type="way" ref="304768096" role=""/>
  <member type="way" ref="279939241" role=""/>
  <member type="way" ref="279939243" role=""/>
  <member type="way" ref="230129521" role=""/>
  <member type="way" ref="253368216" role=""/>
  <member type="way" ref="304768089" role=""/>
  <member type="way" ref="299305749" role=""/>
  <member type="way" ref="161469286" role=""/>
  <member type="way" ref="230129523" role=""/>
  <member type="way" ref="199150240" role=""/>
  <member type="way" ref="327667394" role=""/>
  <member type="way" ref="253360618" role=""/>
  <member type="way" ref="27778553" role=""/>
  <member type="way" ref="230134843" role=""/>
  <member type="way" ref="327667395" role=""/>
  <member type="way" ref="289185134" role=""/>
  <member type="way" ref="383249717" role=""/>
  <member type="way" ref="383249715" role=""/>
  <member type="way" ref="383249716" role=""/>
  <member type="way" ref="383249714" role=""/>
  <member type="way" ref="304768086" role=""/>
  <member type="way" ref="304768097" role=""/>
  <member type="way" ref="665256188" role=""/>
  <member type="way" ref="304768088" role=""/>
  <member type="way" ref="327667393" role=""/>
  <member type="way" ref="149585379" role=""/>
  <member type="way" ref="289187278" role=""/>
  <member type="way" ref="295621826" role=""/>
  <member type="way" ref="295621824" role=""/>
  <member type="way" ref="149585375" role=""/>
  <member type="way" ref="246271668" role=""/>
  <member type="way" ref="376044132" role=""/>
  <member type="way" ref="320319567" role=""/>
  <member type="way" ref="246275880" role=""/>
  <member type="way" ref="246275884" role=""/>
  <member type="way" ref="304603887" role=""/>
  <member type="way" ref="257085825" role=""/>
  <member type="way" ref="333215864" role=""/>
  <member type="way" ref="607719559" role=""/>
  <member type="way" ref="607719558" role=""/>
  <member type="way" ref="289187275" role=""/>
  <member type="way" ref="376044133" role=""/>
  <member type="way" ref="300793766" role=""/>
  <member type="way" ref="376044135" role=""/>
  <member type="way" ref="256316208" role=""/>
  <member type="way" ref="376044134" role=""/>
  <member type="way" ref="327671210" role=""/>
  <member type="way" ref="376044136" role=""/>
  <member type="way" ref="289189261" role=""/>
  <member type="way" ref="506170000" role=""/>
  <member type="way" ref="257085823" role=""/>
  <member type="way" ref="257085824" role=""/>
  <member type="way" ref="149609205" role=""/>
  <member type="way" ref="180106902" role=""/>
  <member type="way" ref="199163684" role=""/>
  <member type="way" ref="153440829" role=""/>
  <member type="way" ref="153440933" role=""/>
  <member type="way" ref="304607747" role=""/>
  <member type="way" ref="304607749" role=""/>
  <member type="way" ref="153440877" role=""/>
  <member type="way" ref="153440909" role=""/>
  <member type="way" ref="153440905" role=""/>
  <member type="way" ref="153440868" role=""/>
  <member type="way" ref="153440886" role=""/>
  <member type="way" ref="149609209" role=""/>
  <member type="way" ref="149609221" role=""/>
  <member type="way" ref="295617765" role=""/>
  <member type="way" ref="295617773" role=""/>
  <member type="way" ref="27778524" role=""/>
  <member type="way" ref="27778521" role=""/>
  <member type="way" ref="153440836" role=""/>
  <member type="way" ref="153440922" role=""/>
  <member type="way" ref="289189260" role=""/>
  <member type="way" ref="28805347" role=""/>
  <member type="way" ref="153505353" role=""/>
  <member type="way" ref="153505339" role=""/>
  <member type="way" ref="153505348" role=""/>
  <member type="way" ref="280734417" role=""/>
  <member type="way" ref="251508690" role=""/>
  <member type="way" ref="607623853" role=""/>
  <member type="way" ref="251508686" role=""/>
  <member type="way" ref="280734420" role=""/>
  <member type="way" ref="607623885" role=""/>
  <member type="way" ref="290034135" role=""/>
  <member type="way" ref="290034136" role=""/>
  <member type="way" ref="150044565" role=""/>
  <member type="way" ref="150044568" role=""/>
  <member type="way" ref="26484492" role=""/>
  <member type="way" ref="26484493" role=""/>
  <member type="way" ref="153505320" role=""/>
  <member type="way" ref="153505330" role=""/>
  <member type="way" ref="153505343" role=""/>
  <member type="way" ref="153505345" role=""/>
  <member type="way" ref="150044564" role=""/>
  <member type="way" ref="153505314" role=""/>
  <member type="way" ref="153505357" role=""/>
  <member type="way" ref="28805626" role=""/>
  <member type="way" ref="153505351" role=""/>
  <member type="way" ref="28805627" role=""/>
  <member type="way" ref="25378428" role=""/>
  <member type="way" ref="25378429" role=""/>
  <member type="way" ref="268431848" role=""/>
  <member type="way" ref="251508693" role=""/>
  <member type="way" ref="251508689" role=""/>
  <member type="way" ref="268431101" role=""/>
  <member type="way" ref="4408077" role=""/>
  <member type="way" ref="607279349" role=""/>
  <member type="way" ref="607279348" role=""/>
  <member type="way" ref="129957172" role=""/>
  <member type="way" ref="280737152" role=""/>
  <member type="way" ref="665281767" role=""/>
  <member type="way" ref="28809211" role=""/>
  <member type="way" ref="132555194" role=""/>
  <member type="way" ref="4347006" role=""/>
  <member type="way" ref="4389945" role=""/>
  <member type="way" ref="268424866" role=""/>
  <member type="way" ref="4389960" role=""/>
  <member type="way" ref="4389966" role=""/>
  <member type="way" ref="4389947" role=""/>
  <member type="way" ref="156737246" role=""/>
  <member type="way" ref="268329312" role=""/>
  <member type="way" ref="199171873" role=""/>
  <member type="way" ref="280737154" role=""/>
  <member type="way" ref="280737159" role=""/>
  <member type="way" ref="665281762" role=""/>
  <member type="way" ref="280737158" role=""/>
  <member type="way" ref="280737160" role=""/>
  <member type="way" ref="28809577" role=""/>
  <member type="way" ref="28809578" role=""/>
  <member type="way" ref="280741630" role=""/>
  <member type="way" ref="280741636" role=""/>
  <member type="way" ref="199177100" role=""/>
  <member type="way" ref="280741637" role=""/>
  <member type="way" ref="280741642" role=""/>
  <member type="way" ref="28751349" role=""/>
  <member type="way" ref="28751353" role=""/>
  <member type="way" ref="665285034" role=""/>
  <member type="way" ref="280741632" role=""/>
  <member type="way" ref="4057269" role=""/>
  <member type="way" ref="4057094" role=""/>
  <member type="way" ref="225719797" role=""/>
  <member type="way" ref="634364734" role=""/>
  <member type="way" ref="225719800" role=""/>
  <member type="way" ref="858664139" role=""/>
  <member type="way" ref="217763658" role=""/>
  <member type="way" ref="161761907" role=""/>
  <member type="way" ref="217763654" role=""/>
  <member type="way" ref="734095423" role=""/>
  <member type="way" ref="228248025" role=""/>
  <member type="way" ref="734573954" role=""/>
  <member type="way" ref="574311839" role=""/>
  <member type="way" ref="734089112" role=""/>
  <member type="way" ref="428960221" role=""/>
  <member type="way" ref="42967789" role=""/>
  <member type="way" ref="43023156" role=""/>
  <member type="way" ref="4057335" role=""/>
  <member type="way" ref="1451086465" role=""/>
  <member type="way" ref="1451086464" role=""/>
  <member type="way" ref="43023160" role=""/>
  <member type="way" ref="43023157" role=""/>
  <member type="way" ref="1443101715" role=""/>
  <member type="way" ref="4419680" role=""/>
  <member type="way" ref="4419672" role=""/>
  <member type="way" ref="374471327" role=""/>
  <member type="way" ref="290549729" role=""/>
  <member type="way" ref="290549728" role=""/>
  <member type="way" ref="4419675" role=""/>
  <member type="way" ref="329148112" role=""/>
  <member type="way" ref="43023158" role=""/>
  <member type="way" ref="156734108" role=""/>
  <member type="way" ref="156734107" role=""/>
  <member type="way" ref="43023159" role=""/>
  <member type="way" ref="216254730" role=""/>
  <member type="way" ref="216254729" role=""/>
  <member type="way" ref="329148113" role=""/>
  <member type="way" ref="172674974" role=""/>
  <member type="way" ref="216254739" role=""/>
  <member type="way" ref="216254734" role=""/>
  <member type="way" ref="216254737" role=""/>
  <member type="way" ref="329148124" role=""/>
  <member type="way" ref="490597864" role=""/>
  <member type="way" ref="224542921" role=""/>
  <member type="way" ref="490599683" role=""/>
  <member type="way" ref="574311837" role=""/>
  <member type="way" ref="224542921" role=""/>
  <member type="way" ref="490597864" role=""/>
  <member type="way" ref="574311838" role=""/>
  <member type="way" ref="1509539774" role=""/>
  <member type="way" ref="329148125" role=""/>
  <member type="way" ref="4058996" role=""/>
  <member type="way" ref="329148121" role=""/>
  <member type="way" ref="329148175" role=""/>
  <member type="way" ref="633961378" role=""/>
  <member type="way" ref="329148114" role=""/>
  <member type="way" ref="216254730" role=""/>
  <member type="way" ref="43023159" role=""/>
  <member type="way" ref="156734107" role=""/>
  <member type="way" ref="156734108" role=""/>
  <member type="way" ref="43023158" role=""/>
  <member type="way" ref="329148112" role=""/>
  <member type="way" ref="4419674" role=""/>
  <member type="way" ref="755704925" role=""/>
  <member type="way" ref="290549726" role=""/>
  <member type="way" ref="4419676" role=""/>
  <member type="way" ref="148738315" role=""/>
  <member type="way" ref="4419680" role=""/>
  <member type="way" ref="1443101715" role=""/>
  <member type="way" ref="43023157" role=""/>
  <member type="way" ref="43023160" role=""/>
  <member type="way" ref="1451086464" role=""/>
  <member type="way" ref="1451086465" role=""/>
  <member type="way" ref="4057335" role=""/>
  <member type="way" ref="43023156" role=""/>
  <member type="way" ref="42967789" role=""/>
  <member type="way" ref="428960221" role=""/>
  <member type="way" ref="734089113" role=""/>
  <member type="way" ref="387883525" role=""/>
  <member type="way" ref="734095424" role=""/>
  <member type="way" ref="217763654" role=""/>
  <member type="way" ref="161761907" role=""/>
  <member type="way" ref="217763658" role=""/>
  <member type="way" ref="858664139" role=""/>
  <member type="way" ref="225729451" role=""/>
  <member type="way" ref="387883523" role=""/>
  <member type="way" ref="225719794" role=""/>
  <member type="way" ref="387883524" role=""/>
  <member type="way" ref="858664144" role=""/>
  <member type="way" ref="858664143" role=""/>
  <member type="way" ref="225719795" role=""/>
  <member type="way" ref="4057094" role=""/>
  <member type="way" ref="4057471" role=""/>
  <member type="way" ref="280741638" role=""/>
  <member type="way" ref="280741628" role=""/>
  <member type="way" ref="700320522" role=""/>
  <member type="way" ref="700320523" role=""/>
  <member type="way" ref="700320521" role=""/>
  <member type="way" ref="150698797" role=""/>
  <member type="way" ref="156737241" role=""/>
  <member type="way" ref="965041106" role=""/>
  <member type="way" ref="102705073" role=""/>
  <member type="way" ref="102705075" role=""/>
  <member type="way" ref="575217558" role=""/>
  <member type="way" ref="280747365" role=""/>
  <member type="way" ref="237843659" role=""/>
  <member type="way" ref="201555881" role=""/>
  <member type="way" ref="437980120" role=""/>
  <member type="way" ref="636539996" role=""/>
  <member type="way" ref="636539999" role=""/>
  <member type="way" ref="636539990" role=""/>
  <member type="way" ref="700667487" role=""/>
  <member type="way" ref="34028992" role=""/>
  <member type="way" ref="621969114" role=""/>
  <member type="way" ref="621969113" role=""/>
  <member type="way" ref="636539983" role=""/>
  <member type="way" ref="451705801" role=""/>
  <member type="way" ref="373944041" role=""/>
  <member type="way" ref="153505323" role=""/>
  <member type="way" ref="651633579" role=""/>
  <member type="way" ref="651633580" role=""/>
  <member type="way" ref="587607062" role=""/>
  <member type="way" ref="587607063" role=""/>
  <member type="way" ref="651633581" role=""/>
  <member type="way" ref="651633583" role=""/>
  <member type="way" ref="651633584" role=""/>
  <member type="way" ref="651633585" role=""/>
  <member type="way" ref="294603416" role=""/>
  <member type="way" ref="294603415" role=""/>
  <member type="way" ref="153505342" role=""/>
  <member type="way" ref="153505308" role=""/>
  <member type="way" ref="306390125" role=""/>
  <member type="way" ref="336511507" role=""/>
  <member type="way" ref="3996810" role=""/>
  <member type="way" ref="280766135" role=""/>
  <member type="way" ref="280766133" role=""/>
  <member type="way" ref="336515216" role=""/>
  <member type="way" ref="308465384" role=""/>
  <member type="way" ref="294603412" role=""/>
  <member type="way" ref="1535147671" role=""/>
  <member type="way" ref="755352123" role=""/>
  <member type="way" ref="34379893" role=""/>
  <member type="way" ref="294603417" role=""/>
  <member type="way" ref="373942121" role=""/>
  <member type="way" ref="373942123" role=""/>
  <member type="way" ref="1535147085" role=""/>
  <member type="way" ref="176844342" role=""/>
  <member type="way" ref="1535147090" role=""/>
  <member type="way" ref="484419272" role=""/>
  <member type="way" ref="373942117" role=""/>
  <member type="way" ref="308470685" role=""/>
  <member type="way" ref="34379884" role=""/>
  <member type="way" ref="308470686" role=""/>
  <member type="way" ref="237844208" role=""/>
  <member type="way" ref="330100353" role=""/>
  <member type="way" ref="307317528" role=""/>
  <member type="way" ref="307317529" role=""/>
  <member type="way" ref="4407778" role=""/>
  <member type="way" ref="3996827" role=""/>
  <member type="way" ref="268417452" role=""/>
  <member type="way" ref="268417451" role=""/>
  <member type="way" ref="302257246" role=""/>
  <member type="way" ref="302257243" role=""/>
  <member type="way" ref="237844209" role=""/>
  <member type="way" ref="28810069" role=""/>
  <member type="way" ref="302257244" role=""/>
  <member type="way" ref="302257245" role=""/>
  <member type="way" ref="316568908" role=""/>
  <member type="way" ref="316568904" role=""/>
  <member type="way" ref="24944652" role=""/>
  <member type="way" ref="24944651" role=""/>
  <member type="way" ref="302257242" role=""/>
  <member type="way" ref="316568901" role=""/>
  <member type="way" ref="91428613" role=""/>
  <member type="way" ref="91428606" role=""/>
  <member type="way" ref="91428571" role=""/>
  <member type="way" ref="91428548" role=""/>
  <member type="way" ref="91428592" role=""/>
  <member type="way" ref="91428565" role=""/>
  <member type="way" ref="32691588" role=""/>
  <member type="way" ref="32691591" role=""/>
  <member type="way" ref="91428609" role=""/>
  <member type="way" ref="91428589" role=""/>
  <member type="way" ref="91428580" role=""/>
  <member type="way" ref="91428575" role=""/>
  <member type="way" ref="32691599" role=""/>
  <member type="way" ref="28810070" role=""/>
  <member type="way" ref="261486191" role=""/>
  <member type="way" ref="952460865" role=""/>
  <member type="way" ref="952460864" role=""/>
  <member type="way" ref="316568905" role=""/>
  <member type="way" ref="825744189" role=""/>
  <member type="way" ref="825744188" role=""/>
  <member type="way" ref="316568899" role=""/>
  <member type="way" ref="316568909" role=""/>
  <member type="way" ref="4407315" role=""/>
  <member type="way" ref="7654168" role=""/>
  <member type="way" ref="316568907" role=""/>
  <member type="way" ref="237844211" role=""/>
  <member type="way" ref="316568900" role=""/>
  <member type="way" ref="316568903" role=""/>
  <member type="way" ref="1535149416" role=""/>
  <member type="way" ref="316568902" role=""/>
  <member type="way" ref="219443580" role=""/>
  <member type="way" ref="219443585" role=""/>
  <member type="way" ref="202625350" role=""/>
  <member type="way" ref="202625351" role=""/>
  <member type="way" ref="202625348" role=""/>
  <member type="way" ref="202625347" role=""/>
  <member type="way" ref="202625349" role=""/>
  <member type="way" ref="308532437" role=""/>
  <member type="way" ref="28734183" role=""/>
  <member type="way" ref="28734180" role=""/>
  <member type="way" ref="45059711" role=""/>
  <member type="way" ref="45059710" role=""/>
  <member type="way" ref="22566295" role=""/>
  <member type="way" ref="22566296" role=""/>
  <member type="way" ref="25025076" role=""/>
  <member type="way" ref="25025077" role=""/>
  <member type="way" ref="25025084" role=""/>
  <member type="way" ref="46096684" role=""/>
  <member type="way" ref="46096683" role=""/>
  <member type="way" ref="25025082" role=""/>
  <member type="way" ref="193292360" role=""/>
  <member type="way" ref="243474267" role=""/>
  <member type="way" ref="243474271" role=""/>
  <member type="way" ref="243474259" role=""/>
  <member type="way" ref="438287475" role=""/>
  <member type="way" ref="24792653" role=""/>
  <member type="way" ref="243474257" role=""/>
  <member type="way" ref="243474265" role=""/>
  <member type="way" ref="243474258" role=""/>
  <member type="way" ref="243474275" role=""/>
  <member type="way" ref="24601588" role=""/>
  <member type="way" ref="24601587" role=""/>
  <member type="way" ref="26197570" role=""/>
  <member type="way" ref="26197569" role=""/>
  <member type="way" ref="199041651" role=""/>
  <member type="way" ref="199041653" role=""/>
  <member type="way" ref="199041649" role=""/>
  <member type="way" ref="24525195" role=""/>
  <member type="way" ref="5470768" role=""/>
  <member type="way" ref="229941829" role=""/>
  <member type="way" ref="24525203" role=""/>
  <member type="way" ref="24525208" role=""/>
  <member type="way" ref="24512757" role=""/>
  <member type="way" ref="24635714" role=""/>
  <member type="way" ref="243474254" role=""/>
  <member type="way" ref="193164026" role=""/>
  <member type="way" ref="243474256" role=""/>
  <member type="way" ref="5470771" role=""/>
  <member type="way" ref="3996832" role=""/>
  <member type="way" ref="243474270" role=""/>
  <member type="way" ref="24528017" role=""/>
  <member type="way" ref="24528019" role=""/>
  <member type="way" ref="24712832" role=""/>
  <member type="way" ref="24712827" role=""/>
  <member type="way" ref="201724677" role=""/>
  <member type="way" ref="492607372" role=""/>
  <member type="way" ref="606419209" role=""/>
  <member type="way" ref="22756633" role=""/>
  <member type="way" ref="606419215" role=""/>
  <member type="way" ref="240301291" role=""/>
  <member type="way" ref="22756637" role=""/>
  <member type="way" ref="240301290" role=""/>
  <member type="way" ref="22756643" role=""/>
  <member type="way" ref="436787608" role=""/>
  <member type="way" ref="3996838" role=""/>
  <member type="way" ref="436787606" role=""/>
  <member type="way" ref="231725698" role=""/>
  <member type="way" ref="231725704" role=""/>
  <member type="way" ref="231725707" role=""/>
  <member type="way" ref="176623926" role=""/>
  <member type="way" ref="1334611491" role=""/>
  <member type="way" ref="22792880" role=""/>
  <member type="way" ref="22792878" role=""/>
  <member type="way" ref="22803306" role=""/>
  <member type="way" ref="23591517" role=""/>
  <member type="way" ref="23591520" role=""/>
  <member type="way" ref="22803307" role=""/>
  <member type="way" ref="492610613" role=""/>
  <member type="way" ref="289763084" role=""/>
  <member type="way" ref="242645252" role=""/>
  <member type="way" ref="280782932" role=""/>
  <member type="way" ref="24629229" role=""/>
  <member type="way" ref="24629230" role=""/>
  <member type="way" ref="980537089" role=""/>
  <member type="way" ref="980537090" role=""/>
  <member type="way" ref="280782930" role=""/>
  <member type="way" ref="24629320" role=""/>
  <member type="way" ref="24629319" role=""/>
  <member type="way" ref="269516262" role=""/>
  <member type="way" ref="316256468" role=""/>
  <member type="way" ref="1124827086" role=""/>
  <member type="way" ref="191905331" role=""/>
  <member type="way" ref="1124827085" role=""/>
  <member type="way" ref="242645255" role=""/>
  <member type="way" ref="191951767" role=""/>
  <member type="way" ref="1124827084" role=""/>
  <member type="way" ref="280782934" role=""/>
  <member type="way" ref="24203245" role=""/>
  <member type="way" ref="977437995" role=""/>
  <member type="way" ref="980564408" role=""/>
  <member type="way" ref="12541995" role=""/>
  <member type="way" ref="205823721" role=""/>
  <member type="way" ref="12541997" role=""/>
  <member type="way" ref="244609980" role=""/>
  <member type="way" ref="28814104" role=""/>
  <member type="way" ref="316738699" role=""/>
  <member type="way" ref="316738700" role=""/>
  <member type="way" ref="316738698" role=""/>
  <member type="way" ref="205823691" role=""/>
  <member type="way" ref="640919917" role=""/>
  <member type="way" ref="244610015" role=""/>
  <member type="way" ref="244610013" role=""/>
  <member type="way" ref="244610014" role=""/>
  <member type="way" ref="445864376" role=""/>
  <member type="way" ref="445864380" role=""/>
  <member type="way" ref="205823704" role=""/>
  <member type="way" ref="205823702" role=""/>
  <member type="way" ref="205823701" role=""/>
  <member type="way" ref="499607050" role=""/>
  <member type="way" ref="195171730" role=""/>
  <member type="way" ref="12541998" role=""/>
  <member type="way" ref="28730775" role=""/>
  <member type="way" ref="28730774" role=""/>
  <member type="way" ref="70215347" role=""/>
  <member type="way" ref="244609991" role=""/>
  <member type="way" ref="244610005" role=""/>
  <member type="way" ref="244610000" role=""/>
  <member type="way" ref="53563541" role=""/>
  <member type="way" ref="102064141" role=""/>
  <member type="way" ref="99925704" role=""/>
  <member type="way" ref="455395620" role=""/>
  <member type="way" ref="1025932098" role=""/>
  <member type="way" ref="466414726" role=""/>
  <member type="way" ref="631635489" role=""/>
  <member type="way" ref="418182150" role=""/>
  <member type="way" ref="640655568" role=""/>
  <member type="way" ref="658284567" role=""/>
  <member type="way" ref="726174428" role=""/>
  <member type="way" ref="822967161" role=""/>
  <member type="way" ref="418182139" role=""/>
  <member type="way" ref="667772601" role=""/>
  <member type="way" ref="658597944" role=""/>
  <member type="way" ref="631635486" role=""/>
  <member type="way" ref="469500321" role=""/>
  <member type="way" ref="469495705" role=""/>
  <member type="way" ref="469495706" role=""/>
  <member type="way" ref="455324710" role=""/>
  <member type="way" ref="44811571" role=""/>
  <member type="way" ref="99925822" role=""/>
  <member type="way" ref="99925805" role=""/>
  <member type="way" ref="234353528" role=""/>
  <member type="way" ref="234353520" role=""/>
  <member type="way" ref="244609995" role=""/>
  <member type="way" ref="244610003" role=""/>
  <member type="way" ref="195171731" role=""/>
  <member type="way" ref="28730774" role=""/>
  <member type="way" ref="28730775" role=""/>
  <member type="way" ref="12541998" role=""/>
  <member type="way" ref="195171730" role=""/>
  <member type="way" ref="499607050" role=""/>
  <member type="way" ref="205823701" role=""/>
  <member type="way" ref="205823682" role=""/>
  <member type="way" ref="499607052" role=""/>
  <member type="way" ref="23478702" role=""/>
  <member type="way" ref="23478701" role=""/>
  <member type="way" ref="983615515" role=""/>
  <member type="way" ref="983615514" role=""/>
  <member type="way" ref="99925860" role=""/>
  <member type="way" ref="28814433" role=""/>
  <member type="way" ref="28814434" role=""/>
  <member type="way" ref="242645253" role=""/>
  <member type="way" ref="22720037" role=""/>
  <member type="way" ref="99901172" role=""/>
  <member type="way" ref="99901159" role=""/>
  <member type="way" ref="99901162" role=""/>
  <member type="way" ref="99901157" role=""/>
  <member type="way" ref="192086888" role=""/>
  <member type="way" ref="603103217" role=""/>
  <member type="way" ref="750363756" role=""/>
  <member type="way" ref="289680382" role=""/>
  <member type="way" ref="750376818" role=""/>
  <member type="way" ref="263050880" role=""/>
  <member type="way" ref="192935325" role=""/>
  <member type="way" ref="263050879" role=""/>
  <member type="way" ref="56044322" role=""/>
  <member type="way" ref="750376817" role=""/>
  <member type="way" ref="56044317" role=""/>
  <member type="way" ref="199348006" role=""/>
  <member type="way" ref="316768822" role=""/>
  <member type="way" ref="199348000" role=""/>
  <member type="way" ref="983615516" role=""/>
  <member type="way" ref="998314226" role=""/>
  <member type="way" ref="998314227" role=""/>
  <member type="way" ref="25730511" role=""/>
  <member type="way" ref="23461979" role=""/>
  <member type="way" ref="23461980" role=""/>
  <member type="way" ref="23461991" role=""/>
  <member type="way" ref="13876558" role=""/>
  <member type="way" ref="813077343" role=""/>
  <member type="way" ref="25583773" role=""/>
  <member type="way" ref="260758379" role=""/>
  <member type="way" ref="260758377" role=""/>
  <member type="way" ref="260762851" role=""/>
  <member type="way" ref="260762854" role=""/>
  <member type="way" ref="260762852" role=""/>
  <member type="way" ref="1071035055" role=""/>
  <member type="way" ref="1071035056" role=""/>
  <member type="way" ref="544166683" role=""/>
  <member type="way" ref="20558365" role=""/>
  <member type="way" ref="203751279" role=""/>
  <member type="way" ref="1215529253" role=""/>
  <member type="way" ref="197497842" role=""/>
  <member type="way" ref="1415838131" role=""/>
  <member type="way" ref="25459539" role=""/>
  <member type="way" ref="145708769" role=""/>
  <member type="way" ref="813102948" role=""/>
  <member type="way" ref="320016769" role=""/>
  <member type="way" ref="813101402" role=""/>
  <member type="way" ref="24020105" role=""/>
  <member type="way" ref="201724676" role=""/>
  <member type="way" ref="22781413" role=""/>
  <member type="way" ref="145705254" role=""/>
  <member type="way" ref="145692994" role=""/>
  <member type="way" ref="238156334" role=""/>
  <member type="way" ref="25929942" role=""/>
  <member type="way" ref="320016773" role=""/>
  <member type="way" ref="210241870" role=""/>
  <member type="way" ref="207275300" role=""/>
  <member type="way" ref="207275297" role=""/>
  <member type="way" ref="48927118" role=""/>
  <member type="way" ref="1470199638" role=""/>
  <member type="way" ref="108541653" role=""/>
  <member type="way" ref="201724678" role=""/>
  <member type="way" ref="24001646" role=""/>
  <member type="way" ref="24001648" role=""/>
  <member type="way" ref="24207411" role=""/>
  <member type="way" ref="3996739" role=""/>
  <member type="way" ref="1470187263" role=""/>
  <member type="way" ref="1470187262" role=""/>
  <member type="way" ref="1117587366" role=""/>
  <member type="way" ref="24207412" role=""/>
  <member type="way" ref="1039731239" role=""/>
  <member type="way" ref="1039731240" role=""/>
  <member type="way" ref="145686464" role=""/>
  <member type="way" ref="355365737" role=""/>
  <member type="way" ref="1018873684" role=""/>
  <member type="way" ref="355365741" role=""/>
  <member type="way" ref="206128566" role=""/>
  <member type="way" ref="206128568" role=""/>
  <member type="way" ref="1470187283" role=""/>
  <member type="way" ref="206128567" role=""/>
  <member type="way" ref="206128572" role=""/>
  <member type="way" ref="145686469" role=""/>
  <member type="way" ref="59670965" role=""/>
  <member type="way" ref="355366921" role=""/>
  <member type="way" ref="106516769" role=""/>
  <member type="way" ref="59670957" role=""/>
  <member type="way" ref="1465562144" role=""/>
  <member type="way" ref="355368001" role=""/>
  <member type="way" ref="355368000" role=""/>
  <member type="way" ref="207279573" role=""/>
  <member type="way" ref="207279570" role=""/>
  <member type="way" ref="4773320" role=""/>
  <member type="way" ref="207279572" role=""/>
  <member type="way" ref="4773321" role=""/>
  <member type="way" ref="23341893" role=""/>
  <member type="way" ref="207279574" role=""/>
  <member type="way" ref="684223570" role=""/>
  <member type="way" ref="12855400" role=""/>
  <member type="way" ref="12855398" role=""/>
  <member type="way" ref="355369211" role=""/>
  <member type="way" ref="355369210" role=""/>
  <member type="way" ref="568700173" role=""/>
  <member type="way" ref="237122290" role=""/>
  <member type="way" ref="4918880" role=""/>
  <member type="way" ref="4918877" role=""/>
  <member type="way" ref="237122284" role=""/>
  <member type="way" ref="1012014959" role=""/>
  <member type="way" ref="1100705109" role=""/>
  <member type="way" ref="1012014958" role=""/>
  <member type="way" ref="1100705107" role=""/>
  <member type="way" ref="237122300" role=""/>
  <member type="way" ref="1012014957" role=""/>
  <member type="way" ref="1100705106" role=""/>
  <member type="way" ref="1040260530" role=""/>
  <member type="way" ref="1426021153" role=""/>
  <member type="way" ref="1426021155" role=""/>
  <member type="way" ref="1352855153" role=""/>
  <member type="way" ref="1484643189" role=""/>
  <member type="way" ref="4919946" role=""/>
  <member type="way" ref="1012014956" role=""/>
  <member type="way" ref="4919947" role=""/>
  <member type="way" ref="131380145" role=""/>
  <member type="way" ref="25028088" role=""/>
  <member type="way" ref="1484643187" role=""/>
  <member type="way" ref="1508193044" role=""/>
  <member type="way" ref="25028089" role=""/>
  <member type="way" ref="1468011747" role=""/>
  <member type="way" ref="1531178358" role=""/>
  <member type="way" ref="1468011748" role=""/>
  <member type="way" ref="1373008627" role=""/>
  <member type="way" ref="1004301266" role=""/>
  <member type="way" ref="1070268186" role=""/>
  <member type="way" ref="1443086681" role=""/>
  <member type="way" ref="1443086679" role=""/>
  <member type="way" ref="1443086680" role=""/>
  <member type="way" ref="1373008628" role=""/>
  <member type="way" ref="1111249675" role=""/>
  <member type="way" ref="206084156" role=""/>
  <member type="way" ref="33544167" role=""/>
  <member type="way" ref="206084152" role=""/>
  <member type="way" ref="206084157" role=""/>
  <member type="way" ref="350450630" role=""/>
  <member type="way" ref="9887352" role=""/>
  <member type="way" ref="201745384" role=""/>
  <member type="way" ref="9887351" role=""/>
  <member type="way" ref="4298117" role=""/>
  <member type="way" ref="4919941" role=""/>
  <member type="way" ref="42306587" role=""/>
  <member type="way" ref="145682506" role=""/>
  <member type="way" ref="145682508" role=""/>
  <member type="way" ref="237111886" role=""/>
  <member type="way" ref="9193764" role=""/>
  <member type="way" ref="31172930" role=""/>
  <member type="way" ref="237111888" role=""/>
  <member type="way" ref="201745390" role=""/>
  <member type="way" ref="4919943" role=""/>
  <member type="way" ref="355370547" role=""/>
  <member type="way" ref="4926550" role=""/>
  <member type="way" ref="201745385" role=""/>
  <member type="way" ref="237846516" role=""/>
  <member type="way" ref="4926551" role=""/>
  <member type="way" ref="437675633" role=""/>
  <member type="way" ref="145553114" role=""/>
  <member type="way" ref="130650484" role=""/>
  <member type="way" ref="304109425" role=""/>
  <member type="way" ref="304109430" role=""/>
  <member type="way" ref="437675632" role=""/>
  <member type="way" ref="1537979593" role=""/>
  <member type="way" ref="294688624" role=""/>
  <member type="way" ref="701699606" role=""/>
  <member type="way" ref="701699610" role=""/>
  <member type="way" ref="132518939" role=""/>
  <member type="way" ref="305588780" role=""/>
  <member type="way" ref="1433789855" role=""/>
  <member type="way" ref="199347994" role=""/>
  <member type="way" ref="237111085" role=""/>
  <member type="way" ref="237111090" role=""/>
  <member type="way" ref="147127267" role=""/>
  <member type="way" ref="145533331" role=""/>
  <member type="way" ref="237111088" role=""/>
  <member type="way" ref="305588778" role=""/>
  <member type="way" ref="305588779" role=""/>
  <member type="way" ref="145530291" role=""/>
  <member type="way" ref="305588782" role=""/>
  <member type="way" ref="237845672" role=""/>
  <member type="way" ref="145529504" role=""/>
  <member type="way" ref="145529543" role=""/>
  <member type="way" ref="1433789856" role=""/>
  <member type="way" ref="132518234" role=""/>
  <member type="way" ref="132518239" role=""/>
  <member type="way" ref="305588783" role=""/>
  <member type="way" ref="132518238" role=""/>
  <member type="way" ref="34723056" role=""/>
  <member type="way" ref="145523956" role=""/>
  <member type="way" ref="145523960" role=""/>
  <member type="way" ref="145523965" role=""/>
  <member type="way" ref="201801942" role=""/>
  <member type="way" ref="145523949" role=""/>
  <member type="way" ref="370101096" role=""/>
  <member type="way" ref="397685074" role=""/>
  <member type="way" ref="370101098" role=""/>
  <member type="way" ref="145523940" role=""/>
  <member type="way" ref="145523942" role=""/>
  <member type="way" ref="145523951" role=""/>
  <member type="way" ref="145523947" role=""/>
  <member type="way" ref="569729022" role=""/>
  <member type="way" ref="145523945" role=""/>
  <member type="way" ref="145513028" role=""/>
  <member type="way" ref="145513044" role=""/>
  <member type="way" ref="674476940" role=""/>
  <member type="way" ref="132924569" role=""/>
  <member type="way" ref="32505309" role=""/>
  <member type="way" ref="145513047" role=""/>
  <member type="way" ref="568724624" role=""/>
  <member type="way" ref="145513041" role=""/>
  <member type="way" ref="66187917" role=""/>
  <member type="way" ref="133023883" role=""/>
  <member type="way" ref="814934948" role=""/>
  <member type="way" ref="145513050" role=""/>
  <member type="way" ref="157529082" role=""/>
  <member type="way" ref="61479027" role=""/>
  <member type="way" ref="522851424" role=""/>
  <member type="way" ref="522851423" role=""/>
  <member type="way" ref="278146614" role=""/>
  <member type="way" ref="1290487764" role=""/>
  <member type="way" ref="133028362" role=""/>
  <member type="way" ref="936209450" role=""/>
  <member type="way" ref="278146615" role=""/>
  <member type="way" ref="133028357" role=""/>
  <member type="way" ref="117631994" role=""/>
  <member type="way" ref="4730864" role=""/>
  <member type="way" ref="133028348" role=""/>
  <member type="way" ref="261111313" role=""/>
  <member type="way" ref="261111314" role=""/>
  <member type="way" ref="117631996" role=""/>
  <member type="way" ref="261111317" role=""/>
  <member type="way" ref="29698242" role=""/>
  <member type="way" ref="490105533" role=""/>
  <member type="way" ref="205040103" role=""/>
  <member type="way" ref="127965546" role=""/>
  <member type="way" ref="387050300" role=""/>
  <member type="way" ref="668045780" role=""/>
  <member type="way" ref="205040096" role=""/>
  <member type="way" ref="4213115" role=""/>
  <member type="way" ref="29575487" role=""/>
  <member type="way" ref="1368370785" role=""/>
  <member type="way" ref="205040100" role=""/>
  <member type="way" ref="1368370786" role=""/>
  <member type="way" ref="556308238" role=""/>
  <member type="way" ref="29698242" role=""/>
  <member type="way" ref="5033209" role=""/>
  <member type="way" ref="39921334" role=""/>
  <member type="way" ref="4730866" role=""/>
  <member type="way" ref="4210138" role=""/>
  <member type="way" ref="4065313" role=""/>
  <member type="way" ref="342932509" role=""/>
  <member type="way" ref="364582555" role=""/>
  <member type="way" ref="674476938" role=""/>
  <member type="way" ref="158221803" role=""/>
  <member type="way" ref="568731389" role=""/>
  <member type="way" ref="158221805" role=""/>
  <member type="way" ref="4773719" role=""/>
  <member type="way" ref="4425731" role=""/>
  <member type="way" ref="4773723" role=""/>
  <member type="way" ref="228959366" role=""/>
  <member type="way" ref="4211548" role=""/>
  <member type="way" ref="61241941" role=""/>
  <member type="way" ref="936209449" role=""/>
  <member type="way" ref="1290487760" role=""/>
  <member type="way" ref="48199245" role=""/>
  <member type="way" ref="157713328" role=""/>
  <member type="way" ref="61241947" role=""/>
  <member type="way" ref="278146621" role=""/>
  <member type="way" ref="390401261" role=""/>
  <member type="way" ref="228959377" role=""/>
  <member type="way" ref="30991015" role=""/>
  <member type="way" ref="133142690" role=""/>
  <member type="way" ref="1100552421" role=""/>
  <member type="way" ref="133142692" role=""/>
  <member type="way" ref="568740904" role=""/>
  <member type="way" ref="157431889" role=""/>
  <member type="way" ref="4418198" role=""/>
  <member type="way" ref="568740901" role=""/>
  <member type="way" ref="157426241" role=""/>
  <member type="way" ref="30991014" role=""/>
  <member type="way" ref="4418199" role=""/>
  <member type="way" ref="4841559" role=""/>
  <member type="way" ref="30991011" role=""/>
  <member type="way" ref="133142168" role=""/>
  <member type="way" ref="568744627" role=""/>
  <member type="way" ref="4841560" role=""/>
  <member type="way" ref="152936894" role=""/>
  <member type="way" ref="152936893" role=""/>
  <member type="way" ref="4437018" role=""/>
  <member type="way" ref="390401260" role=""/>
  <member type="way" ref="205321655" role=""/>
  <member type="way" ref="235938781" role=""/>
  <member type="way" ref="508280165" role=""/>
  <member type="way" ref="142704898" role=""/>
  <member type="way" ref="508280157" role=""/>
  <member type="way" ref="4437017" role=""/>
  <member type="way" ref="1550092587" role=""/>
  <member type="way" ref="438318149" role=""/>
  <member type="way" ref="133218795" role=""/>
  <member type="way" ref="237855699" role=""/>
  <member type="way" ref="4817603" role=""/>
  <member type="way" ref="4210920" role=""/>
  <member type="way" ref="568747997" role=""/>
  <member type="way" ref="278146617" role=""/>
  <member type="way" ref="13866570" role=""/>
  <member type="way" ref="52587474" role=""/>
  <member type="way" ref="1550092588" role=""/>
  <member type="way" ref="278146620" role=""/>
  <member type="way" ref="228935688" role=""/>
  <member type="way" ref="582475815" role=""/>
  <member type="way" ref="24974857" role=""/>
  <member type="way" ref="568757215" role=""/>
  <member type="way" ref="24974858" role=""/>
  <member type="way" ref="278146616" role=""/>
  <member type="way" ref="268954922" role=""/>
  <member type="way" ref="235938795" role=""/>
  <member type="way" ref="278146618" role=""/>
  <member type="way" ref="568757213" role=""/>
  <member type="way" ref="235938788" role=""/>
  <member type="way" ref="568757212" role=""/>
  <member type="way" ref="4628952" role=""/>
  <member type="way" ref="4628951" role=""/>
  <member type="way" ref="568757211" role=""/>
  <member type="way" ref="268954923" role=""/>
  <member type="way" ref="5043513" role=""/>
  <member type="way" ref="5043739" role=""/>
  <member type="way" ref="52588761" role=""/>
  <member type="way" ref="4696599" role=""/>
  <member type="way" ref="154844744" role=""/>
  <member type="way" ref="296577871" role=""/>
  <member type="way" ref="237924716" role=""/>
  <member type="way" ref="53063855" role=""/>
  <member type="way" ref="295018068" role=""/>
  <member type="way" ref="237855697" role=""/>
  <member type="way" ref="237924711" role=""/>
  <member type="way" ref="53063467" role=""/>
  <member type="way" ref="86382669" role=""/>
  <member type="way" ref="389286938" role=""/>
  <member type="way" ref="1499212032" role=""/>
  <member type="way" ref="192647507" role=""/>
  <member type="way" ref="48199237" role=""/>
  <member type="way" ref="242469734" role=""/>
  <member type="way" ref="157562196" role=""/>
  <member type="way" ref="204277901" role=""/>
  <member type="way" ref="23751288" role=""/>
  <member type="way" ref="23751294" role=""/>
  <member type="way" ref="11814229" role=""/>
  <member type="way" ref="4370157" role=""/>
  <member type="way" ref="204276168" role=""/>
  <member type="way" ref="157562194" role=""/>
  <member type="way" ref="204276170" role=""/>
  <member type="way" ref="249447769" role=""/>
  <member type="way" ref="540502523" role=""/>
  <member type="way" ref="250193324" role=""/>
  <member type="way" ref="1037841194" role=""/>
  <member type="way" ref="204273596" role=""/>
  <member type="way" ref="204273598" role=""/>
  <member type="way" ref="1484844610" role=""/>
  <member type="way" ref="157957575" role=""/>
  <member type="way" ref="406308316" role=""/>
  <member type="way" ref="204273594" role=""/>
  <member type="way" ref="540507198" role=""/>
  <member type="way" ref="540507199" role=""/>
  <member type="way" ref="14796871" role=""/>
  <member type="way" ref="14796873" role=""/>
  <member type="way" ref="14796879" role=""/>
  <member type="way" ref="540507197" role=""/>
  <member type="way" ref="540507195" role=""/>
  <member type="way" ref="14796881" role=""/>
  <member type="way" ref="540507192" role=""/>
  <member type="way" ref="540507191" role=""/>
  <member type="way" ref="3677951" role=""/>
  <member type="way" ref="204238349" role=""/>
  <member type="way" ref="1037841386" role=""/>
  <member type="way" ref="1037841387" role=""/>
  <member type="way" ref="204238350" role=""/>
  <member type="way" ref="541696936" role=""/>
  <member type="way" ref="541696928" role=""/>
  <member type="way" ref="541696935" role=""/>
  <member type="way" ref="1128358442" role=""/>
  <member type="way" ref="1128358443" role=""/>
  <member type="way" ref="204238343" role=""/>
  <member type="way" ref="541696933" role=""/>
  <member type="way" ref="541696934" role=""/>
  <member type="way" ref="1506569555" role=""/>
  <member type="way" ref="1506569556" role=""/>
  <member type="way" ref="541696931" role=""/>
  <member type="way" ref="541696932" role=""/>
  <member type="way" ref="541696929" role=""/>
  <member type="way" ref="541696930" role=""/>
  <member type="way" ref="204211398" role=""/>
  <member type="way" ref="1499395257" role=""/>
  <member type="way" ref="204211402" role=""/>
  <member type="way" ref="674492245" role=""/>
  <member type="way" ref="47900285" role=""/>
  <member type="way" ref="1506569552" role=""/>
  <member type="way" ref="1499395252" role=""/>
  <member type="way" ref="1499395251" role=""/>
  <member type="way" ref="1499395246" role=""/>
  <member type="way" ref="1506569549" role=""/>
  <member type="way" ref="1506569548" role=""/>
  <member type="way" ref="1499395245" role=""/>
  <member type="way" ref="1506569545" role=""/>
  <member type="way" ref="1506569544" role=""/>
  <member type="way" ref="1506569539" role=""/>
  <member type="way" ref="1506569540" role=""/>
  <member type="way" ref="1506569537" role=""/>
  <member type="way" ref="1506569536" role=""/>
  <member type="way" ref="1506569533" role=""/>
  <member type="way" ref="1506569532" role=""/>
  <member type="way" ref="204211401" role=""/>
  <member type="way" ref="204205697" role=""/>
  <member type="way" ref="204205703" role=""/>
  <member type="way" ref="1506675822" role=""/>
  <member type="way" ref="204205699" role=""/>
  <member type="way" ref="1484235397" role=""/>
  <member type="way" ref="204205701" role=""/>
  <member type="way" ref="1484235394" role=""/>
  <member type="way" ref="204203503" role=""/>
  <member type="way" ref="204203500" role=""/>
  <member type="way" ref="1506675827" role=""/>
  <member type="way" ref="204203504" role=""/>
  <member type="way" ref="1484235403" role=""/>
  <member type="way" ref="1506675829" role=""/>
  <member type="way" ref="1506675830" role=""/>
  <member type="way" ref="1506675833" role=""/>
  <member type="way" ref="1506675834" role=""/>
  <member type="way" ref="1506675836" role=""/>
  <member type="way" ref="1506675835" role=""/>
  <member type="way" ref="1506675838" role=""/>
  <member type="way" ref="1506675839" role=""/>
  <member type="way" ref="13006722" role=""/>
  <member type="way" ref="13006723" role=""/>
  <member type="way" ref="1484262079" role=""/>
  <member type="way" ref="202155859" role=""/>
  <member type="way" ref="202155855" role=""/>
  <member type="way" ref="202155857" role=""/>
  <member type="way" ref="19789361" role=""/>
  <member type="way" ref="19789362" role=""/>
  <member type="way" ref="31947794" role=""/>
  <member type="way" ref="31947796" role=""/>
  <member type="way" ref="237855696" role=""/>
  <member type="way" ref="202909237" role=""/>
  <member type="way" ref="202909235" role=""/>
  <member type="way" ref="202909236" role=""/>
  <member type="way" ref="1283193869" role=""/>
  <member type="way" ref="13006717" role=""/>
  <member type="way" ref="674505770" role=""/>
  <member type="way" ref="13831332" role=""/>
  <member type="way" ref="13831333" role=""/>
  <member type="way" ref="305953850" role=""/>
  <member type="way" ref="23751287" role=""/>
  <member type="way" ref="13006713" role=""/>
  <member type="way" ref="297702807" role=""/>
  <member type="way" ref="13006714" role=""/>
  <member type="way" ref="4620165" role=""/>
  <member type="way" ref="387838417" role=""/>
  <member type="way" ref="387838415" role=""/>
  <member type="way" ref="1121665833" role=""/>
  <member type="way" ref="982149684" role=""/>
  <member type="way" ref="1418150232" role=""/>
  <member type="way" ref="864828498" role=""/>
  <member type="way" ref="24462922" role=""/>
  <member type="way" ref="38578721" role=""/>
  <member type="way" ref="824300281" role=""/>
  <member type="way" ref="1370954522" role=""/>
  <member type="way" ref="1379861729" role=""/>
  <member type="way" ref="1379861728" role=""/>
  <member type="way" ref="1445093662" role=""/>
  <member type="way" ref="1445093663" role=""/>
  <member type="way" ref="1371335782" role=""/>
  <member type="way" ref="1224566881" role=""/>
  <member type="way" ref="1428388639" role=""/>
  <member type="way" ref="24268959" role=""/>
  <member type="way" ref="24268958" role=""/>
  <member type="way" ref="13831316" role=""/>
  <member type="way" ref="13831315" role=""/>
  <member type="way" ref="1535254535" role=""/>
  <member type="way" ref="778309881" role=""/>
  <member type="way" ref="778309884" role=""/>
  <member type="way" ref="1435982185" role=""/>
  <member type="way" ref="387838387" role=""/>
  <member type="way" ref="47900289" role=""/>
  <member type="way" ref="1540007793" role=""/>
  <member type="way" ref="190866009" role=""/>
  <member type="way" ref="204003202" role=""/>
  <member type="way" ref="1441587238" role=""/>
  <member type="way" ref="25715975" role=""/>
  <member type="way" ref="1267447418" role=""/>
  <member type="way" ref="387838386" role=""/>
  <member type="way" ref="25715972" role=""/>
  <member type="way" ref="205504594" role=""/>
  <member type="way" ref="1445133214" role=""/>
  <member type="way" ref="764308903" role=""/>
  <member type="way" ref="205504595" role=""/>
  <member type="way" ref="596586564" role=""/>
  <member type="way" ref="24462946" role=""/>
  <member type="way" ref="67294516" role=""/>
  <member type="way" ref="205319410" role=""/>
  <member type="way" ref="264143426" role=""/>
  <member type="way" ref="24463247" role=""/>
  <member type="way" ref="161416675" role=""/>
  <member type="way" ref="904562359" role=""/>
  <member type="way" ref="330714283" role=""/>
  <member type="way" ref="387838382" role=""/>
  <member type="way" ref="387838391" role=""/>
  <member type="way" ref="387838401" role=""/>
  <member type="way" ref="1108264964" role=""/>
  <member type="way" ref="387838396" role=""/>
  <member type="way" ref="205504593" role=""/>
  <member type="way" ref="161419805" role=""/>
  <member type="way" ref="205504598" role=""/>
  <member type="way" ref="205504596" role=""/>
  <member type="way" ref="254340256" role=""/>
  <member type="way" ref="202985149" role=""/>
  <member type="way" ref="205504592" role=""/>
  <member type="way" ref="205504597" role=""/>
  <member type="way" ref="1108262571" role=""/>
  <member type="way" ref="259561739" role=""/>
  <member type="way" ref="205502243" role=""/>
  <member type="way" ref="206225098" role=""/>
  <member type="way" ref="254340257" role=""/>
  <member type="way" ref="1108262572" role=""/>
  <member type="way" ref="202985142" role=""/>
  <member type="way" ref="203098841" role=""/>
  <member type="way" ref="237857020" role=""/>
  <member type="way" ref="330361324" role=""/>
  <member type="way" ref="330361323" role=""/>
  <member type="way" ref="237857021" role=""/>
  <member type="way" ref="387838398" role=""/>
  <member type="way" ref="205502242" role=""/>
  <member type="way" ref="178560701" role=""/>
  <member type="way" ref="122740144" role=""/>
  <member type="way" ref="205502241" role=""/>
  <member type="way" ref="26507152" role=""/>
  <member type="way" ref="148431995" role=""/>
  <member type="way" ref="259561740" role=""/>
  <member type="way" ref="1108262575" role=""/>
  <member type="way" ref="1108262577" role=""/>
  <member type="way" ref="674619615" role=""/>
  <member type="way" ref="259561738" role=""/>
  <member type="way" ref="387838381" role=""/>
  <member type="way" ref="387838397" role=""/>
  <member type="way" ref="148431996" role=""/>
  <member type="way" ref="387838405" role=""/>
  <member type="way" ref="1493246732" role=""/>
  <member type="way" ref="387838404" role=""/>
  <member type="way" ref="146797254" role=""/>
  <member type="way" ref="146797243" role=""/>
  <member type="way" ref="1445133199" role=""/>
  <member type="way" ref="4261272" role=""/>
  <member type="way" ref="4261273" role=""/>
  <member type="way" ref="4471601" role=""/>
  <member type="way" ref="1445133198" role=""/>
  <member type="way" ref="1445133195" role=""/>
  <member type="way" ref="1445133196" role=""/>
  <member type="way" ref="387838377" role=""/>
  <member type="way" ref="387838393" role=""/>
  <member type="way" ref="141160599" role=""/>
  <member type="way" ref="1108262597" role=""/>
  <member type="way" ref="141160600" role=""/>
  <member type="way" ref="24814281" role=""/>
  <member type="way" ref="229437814" role=""/>
  <member type="way" ref="24814282" role=""/>
  <member type="way" ref="69318134" role=""/>
  <member type="way" ref="29374052" role=""/>
  <member type="way" ref="206225097" role=""/>
  <member type="way" ref="76978972" role=""/>
  <member type="way" ref="387838383" role=""/>
  <member type="way" ref="229437815" role=""/>
  <member type="way" ref="387838403" role=""/>
  <member type="way" ref="4471599" role=""/>
  <member type="way" ref="202989081" role=""/>
  <member type="way" ref="1108333177" role=""/>
  <member type="way" ref="387838406" role=""/>
  <member type="way" ref="1108333144" role=""/>
  <member type="way" ref="147564203" role=""/>
  <member type="way" ref="674626444" role=""/>
  <member type="way" ref="103766924" role=""/>
  <member type="way" ref="103766925" role=""/>
  <member type="way" ref="202989084" role=""/>
  <member type="way" ref="387838379" role=""/>
  <member type="way" ref="508759530" role=""/>
  <member type="way" ref="24463382" role=""/>
  <member type="way" ref="24463383" role=""/>
  <member type="way" ref="148204185" role=""/>
  <member type="way" ref="148204186" role=""/>
  <member type="way" ref="387838402" role=""/>
  <member type="way" ref="1108333138" role=""/>
  <member type="way" ref="24463612" role=""/>
  <member type="way" ref="24463606" role=""/>
  <member type="way" ref="29374011" role=""/>
  <member type="way" ref="259571528" role=""/>
  <member type="way" ref="1442407501" role=""/>
  <member type="way" ref="338121312" role=""/>
  <member type="way" ref="32112991" role=""/>
  <member type="way" ref="259571529" role=""/>
  <member type="way" ref="259571534" role=""/>
  <member type="way" ref="259571533" role=""/>
  <member type="way" ref="387838380" role=""/>
  <member type="way" ref="387838388" role=""/>
  <member type="way" ref="202988773" role=""/>
  <member type="way" ref="259571535" role=""/>
  <member type="way" ref="259571530" role=""/>
  <member type="way" ref="259571532" role=""/>
  <member type="way" ref="259571531" role=""/>
  <member type="way" ref="259577313" role=""/>
  <member type="way" ref="162604196" role=""/>
  <member type="way" ref="259577310" role=""/>
  <member type="way" ref="41396440" role=""/>
  <member type="way" ref="32984432" role=""/>
  <member type="way" ref="38578719" role=""/>
  <member type="way" ref="38578718" role=""/>
  <member type="way" ref="147936688" role=""/>
  <member type="way" ref="32871920" role=""/>
  <member type="way" ref="32871921" role=""/>
  <member type="way" ref="41396439" role=""/>
  <member type="way" ref="147934640" role=""/>
  <member type="way" ref="259577311" role=""/>
  <member type="way" ref="41396438" role=""/>
  <member type="way" ref="24249395" role=""/>
  <member type="way" ref="32114227" role=""/>
  <member type="way" ref="32114229" role=""/>
  <member type="way" ref="1441592367" role=""/>
  <member type="way" ref="1441592366" role=""/>
  <member type="way" ref="34007679" role=""/>
  <member type="way" ref="33895304" role=""/>
  <member type="way" ref="259577309" role=""/>
  <member type="way" ref="33895121" role=""/>
  <member type="way" ref="1441592360" role=""/>
  <member type="way" ref="1441592359" role=""/>
  <member type="way" ref="259583092" role=""/>
  <member type="way" ref="34128246" role=""/>
  <member type="way" ref="40379695" role=""/>
  <member type="way" ref="34001503" role=""/>
  <member type="way" ref="35316828" role=""/>
  <member type="way" ref="34128247" role=""/>
  <member type="way" ref="259583095" role=""/>
  <member type="way" ref="41397307" role=""/>
  <member type="way" ref="1173605799" role=""/>
  <member type="way" ref="1173605798" role=""/>
  <member type="way" ref="41397308" role=""/>
  <member type="way" ref="259583094" role=""/>
  <member type="way" ref="1010033467" role=""/>
  <member type="way" ref="41397309" role=""/>
  <member type="way" ref="259939203" role=""/>
  <member type="way" ref="259600893" role=""/>
  <member type="way" ref="259600891" role=""/>
  <member type="way" ref="41397310" role=""/>
  <member type="way" ref="374862229" role=""/>
  <member type="way" ref="374862231" role=""/>
  <member type="way" ref="1173605800" role=""/>
  <member type="way" ref="1090951182" role=""/>
  <member type="way" ref="237897884" role=""/>
  <member type="way" ref="244619534" role=""/>
  <member type="way" ref="674696432" role=""/>
  <member type="way" ref="512107377" role=""/>
  <member type="way" ref="674696430" role=""/>
  <member type="way" ref="512107379" role=""/>
  <member type="way" ref="512107383" role=""/>
  <member type="way" ref="1267448703" role=""/>
  <member type="way" ref="512107387" role=""/>
  <member type="way" ref="460148045" role=""/>
  <member type="way" ref="244619533" role=""/>
  <member type="way" ref="237897886" role=""/>
  <member type="way" ref="397157962" role=""/>
  <member type="way" ref="1441578713" role=""/>
  <member type="way" ref="328576262" role=""/>
  <member type="way" ref="293536056" role=""/>
  <member type="way" ref="1441578715" role=""/>
  <member type="way" ref="387526673" role=""/>
  <member type="way" ref="1267449955" role=""/>
  <member type="way" ref="194454588" role=""/>
  <member type="way" ref="387526674" role=""/>
  <member type="way" ref="328576266" role=""/>
  <member type="way" ref="328576267" role=""/>
  <member type="way" ref="1050531531" role=""/>
  <member type="way" ref="422456291" role=""/>
  <member type="way" ref="422456292" role=""/>
  <member type="way" ref="193419791" role=""/>
  <member type="way" ref="193419797" role=""/>
  <member type="way" ref="519421654" role=""/>
  <member type="way" ref="519421651" role=""/>
  <member type="way" ref="519421653" role=""/>
  <member type="way" ref="377614438" role=""/>
  <member type="way" ref="519421655" role=""/>
  <member type="way" ref="519421656" role=""/>
  <member type="way" ref="237897871" role=""/>
  <member type="way" ref="259600896" role=""/>
  <member type="way" ref="277946382" role=""/>
  <member type="way" ref="25335076" role=""/>
  <member type="way" ref="25621334" role=""/>
  <member type="way" ref="277946384" role=""/>
  <member type="way" ref="266666473" role=""/>
  <member type="way" ref="266666471" role=""/>
  <member type="way" ref="266666476" role=""/>
  <member type="way" ref="266666469" role=""/>
  <member type="way" ref="266666470" role=""/>
  <member type="way" ref="266666477" role=""/>
  <member type="way" ref="370404904" role=""/>
  <member type="way" ref="370404898" role=""/>
  <member type="way" ref="370404907" role=""/>
  <member type="way" ref="370404905" role=""/>
  <member type="way" ref="277962940" role=""/>
  <member type="way" ref="277962938" role=""/>
  <member type="way" ref="277962939" role=""/>
  <member type="way" ref="277962943" role=""/>
  <member type="way" ref="277962937" role=""/>
  <member type="way" ref="277962945" role=""/>
  <member type="way" ref="25761596" role=""/>
  <member type="way" ref="104474558" role=""/>
  <member type="way" ref="396976360" role=""/>
  <member type="way" ref="277966769" role=""/>
  <member type="way" ref="104474551" role=""/>
  <member type="way" ref="124101136" role=""/>
  <member type="way" ref="25761595" role=""/>
  <member type="way" ref="28201787" role=""/>
  <member type="way" ref="124101133" role=""/>
  <member type="way" ref="396985036" role=""/>
  <member type="way" ref="277966780" role=""/>
  <member type="way" ref="277966767" role=""/>
  <member type="way" ref="32479824" role=""/>
  <member type="way" ref="1173358296" role=""/>
  <member type="way" ref="277966783" role=""/>
  <member type="way" ref="419829361" role=""/>
  <member type="way" ref="41527582" role=""/>
  <member type="way" ref="396408731" role=""/>
  <member type="way" ref="396985037" role=""/>
  <member type="way" ref="419829598" role=""/>
  <member type="way" ref="419829595" role=""/>
  <member type="way" ref="28200257" role=""/>
  <member type="way" ref="674876036" role=""/>
  <member type="way" ref="1389612417" role=""/>
  <member type="way" ref="104474559" role=""/>
  <member type="way" ref="674876035" role=""/>
  <member type="way" ref="1389612416" role=""/>
  <member type="way" ref="35163442" role=""/>
  <member type="way" ref="26130771" role=""/>
  <member type="way" ref="1389612414" role=""/>
  <member type="way" ref="26130772" role=""/>
  <member type="way" ref="1389471079" role=""/>
  <member type="way" ref="277947653" role=""/>
  <member type="way" ref="277947658" role=""/>
  <member type="way" ref="277947656" role=""/>
  <member type="way" ref="1389471080" role=""/>
  <member type="way" ref="1389471081" role=""/>
  <member type="way" ref="277947654" role=""/>
  <member type="way" ref="277962210" role=""/>
  <member type="way" ref="1389471082" role=""/>
  <member type="way" ref="104474553" role=""/>
  <member type="way" ref="1389471083" role=""/>
  <member type="way" ref="104474554" role=""/>
  <member type="way" ref="1389471084" role=""/>
  <member type="way" ref="25740135" role=""/>
  <member type="way" ref="25740134" role=""/>
  <member type="way" ref="25405285" role=""/>
  <member type="way" ref="674879628" role=""/>
  <member type="way" ref="277962179" role=""/>
  <member type="way" ref="277962163" role=""/>
  <member type="way" ref="25562225" role=""/>
  <member type="way" ref="674881557" role=""/>
  <member type="way" ref="674881559" role=""/>
  <member type="way" ref="25564363" role=""/>
  <member type="way" ref="112599197" role=""/>
  <member type="way" ref="336325500" role=""/>
  <member type="way" ref="140673245" role=""/>
  <member type="way" ref="336325497" role=""/>
  <member type="way" ref="104416991" role=""/>
  <member type="way" ref="104416990" role=""/>
  <member type="way" ref="80444349" role=""/>
  <member type="way" ref="674891991" role=""/>
  <member type="way" ref="674891990" role=""/>
  <member type="way" ref="674891987" role=""/>
  <member type="way" ref="674891985" role=""/>
  <member type="way" ref="4261280" role=""/>
  <member type="way" ref="325017110" role=""/>
  <member type="way" ref="25405608" role=""/>
  <member type="way" ref="25405610" role=""/>
  <member type="way" ref="325017113" role=""/>
  <member type="way" ref="325017114" role=""/>
  <member type="way" ref="325017107" role=""/>
  <member type="way" ref="55132724" role=""/>
  <member type="way" ref="55132723" role=""/>
  <member type="way" ref="376974447" role=""/>
  <member type="way" ref="376974456" role=""/>
  <member type="way" ref="25823002" role=""/>
  <member type="way" ref="25823001" role=""/>
  <member type="way" ref="325017111" role=""/>
  <member type="way" ref="5257391" role=""/>
  <member type="way" ref="4218508" role=""/>
  <member type="way" ref="325017123" role=""/>
  <member type="way" ref="674900133" role=""/>
  <member type="way" ref="31349747" role=""/>
  <member type="way" ref="31349749" role=""/>
  <member type="way" ref="325022260" role=""/>
  <member type="way" ref="325022264" role=""/>
  <member type="way" ref="9189354" role=""/>
  <member type="way" ref="325022269" role=""/>
  <member type="way" ref="25991771" role=""/>
  <member type="way" ref="25991760" role=""/>
  <member type="way" ref="140649650" role=""/>
  <member type="way" ref="237978240" role=""/>
  <member type="way" ref="237978241" role=""/>
  <member type="way" ref="325022266" role=""/>
  <member type="way" ref="50810100" role=""/>
  <member type="way" ref="1019671008" role=""/>
  <member type="way" ref="50810094" role=""/>
  <member type="way" ref="25740266" role=""/>
  <member type="way" ref="25740310" role=""/>
  <member type="way" ref="325022261" role=""/>
  <member type="way" ref="772004922" role=""/>
  <member type="way" ref="27680153" role=""/>
  <member type="way" ref="674917732" role=""/>
  <member type="way" ref="25740229" role=""/>
  <member type="way" ref="385893179" role=""/>
  <member type="way" ref="237981635" role=""/>
  <member type="way" ref="24652989" role=""/>
  <member type="way" ref="24216746" role=""/>
  <member type="way" ref="237978244" role=""/>
  <member type="way" ref="39265837" role=""/>
  <member type="way" ref="512154097" role=""/>
  <member type="way" ref="25136198" role=""/>
  <member type="way" ref="512154095" role=""/>
  <member type="way" ref="772004929" role=""/>
  <member type="way" ref="31734905" role=""/>
  <member type="way" ref="1019671014" role=""/>
  <member type="way" ref="25597368" role=""/>
  <member type="way" ref="512154102" role=""/>
  <member type="way" ref="25596050" role=""/>
  <member type="way" ref="512154092" role=""/>
  <member type="way" ref="27108433" role=""/>
  <member type="way" ref="27108431" role=""/>
  <member type="way" ref="25597539" role=""/>
  <member type="way" ref="114129109" role=""/>
  <member type="way" ref="140045481" role=""/>
  <member type="way" ref="138618396" role=""/>
  <member type="way" ref="302643894" role=""/>
  <member type="way" ref="974196394" role=""/>
  <member type="way" ref="140034413" role=""/>
  <member type="way" ref="37192238" role=""/>
  <member type="way" ref="25596305" role=""/>
  <member type="way" ref="25596303" role=""/>
  <member type="way" ref="1459131194" role=""/>
  <member type="way" ref="24595460" role=""/>
  <member type="way" ref="37192235" role=""/>
  <member type="way" ref="104372224" role=""/>
  <member type="way" ref="391070614" role=""/>
  <member type="way" ref="242110870" role=""/>
  <member type="way" ref="6117554" role=""/>
  <member type="way" ref="1451718394" role=""/>
  <member type="way" ref="27535904" role=""/>
  <member type="way" ref="458580272" role=""/>
  <member type="way" ref="458580271" role=""/>
  <member type="way" ref="237981633" role=""/>
  <member type="way" ref="35137507" role=""/>
  <member type="way" ref="112791868" role=""/>
  <member type="way" ref="112791867" role=""/>
  <member type="way" ref="112791863" role=""/>
  <member type="way" ref="272224851" role=""/>
  <member type="way" ref="25437145" role=""/>
  <member type="way" ref="25437144" role=""/>
  <member type="way" ref="318063190" role=""/>
  <member type="way" ref="56134020" role=""/>
  <member type="way" ref="727313445" role=""/>
  <member type="way" ref="56134021" role=""/>
  <member type="way" ref="25436932" role=""/>
  <member type="way" ref="25436931" role=""/>
  <member type="way" ref="318063153" role=""/>
  <member type="way" ref="25437077" role=""/>
  <member type="way" ref="318063214" role=""/>
  <member type="way" ref="33720617" role=""/>
  <member type="way" ref="31349752" role=""/>
  <member type="way" ref="31349754" role=""/>
  <member type="way" ref="237928704" role=""/>
  <member type="way" ref="237928706" role=""/>
  <member type="way" ref="237909545" role=""/>
  <member type="way" ref="237909549" role=""/>
  <member type="way" ref="237909542" role=""/>
  <member type="way" ref="237909525" role=""/>
  <member type="way" ref="27609739" role=""/>
  <member type="way" ref="27609742" role=""/>
  <member type="way" ref="237983308" role=""/>
  <member type="way" ref="237906574" role=""/>
  <member type="way" ref="168671061" role=""/>
  <member type="way" ref="29311789" role=""/>
  <member type="way" ref="29311786" role=""/>
  <member type="way" ref="237985741" role=""/>
  <member type="way" ref="26501468" role=""/>
  <member type="way" ref="26501469" role=""/>
  <member type="way" ref="324021996" role=""/>
  <member type="way" ref="466200362" role=""/>
  <member type="way" ref="26501472" role=""/>
  <member type="way" ref="5083112" role=""/>
  <member type="way" ref="237905517" role=""/>
  <member type="way" ref="237905520" role=""/>
  <member type="way" ref="324002607" role=""/>
  <member type="way" ref="321155378" role=""/>
  <member type="way" ref="104989541" role=""/>
  <member type="way" ref="321154663" role=""/>
  <member type="way" ref="321154662" role=""/>
  <member type="way" ref="321154852" role=""/>
  <member type="way" ref="321154853" role=""/>
  <member type="way" ref="237918585" role=""/>
  <member type="way" ref="237918583" role=""/>
  <member type="way" ref="140450316" role=""/>
  <member type="way" ref="140450321" role=""/>
  <member type="way" ref="324002610" role=""/>
  <member type="way" ref="953995236" role=""/>
  <member type="way" ref="140447962" role=""/>
  <member type="way" ref="237917922" role=""/>
  <member type="way" ref="237917920" role=""/>
  <member type="way" ref="324002625" role=""/>
  <member type="way" ref="1354285636" role=""/>
  <member type="way" ref="324002620" role=""/>
  <member type="way" ref="953999074" role=""/>
  <member type="way" ref="140447974" role=""/>
  <member type="way" ref="237092454" role=""/>
  <member type="way" ref="324021995" role=""/>
  <member type="way" ref="675473496" role=""/>
  <member type="way" ref="324021991" role=""/>
  <member type="way" ref="140447968" role=""/>
  <member type="way" ref="140447966" role=""/>
  <member type="way" ref="140447980" role=""/>
  <member type="way" ref="140447978" role=""/>
  <member type="way" ref="237096917" role=""/>
  <member type="way" ref="30767533" role=""/>
  <member type="way" ref="30767531" role=""/>
  <member type="way" ref="324002614" role=""/>
  <member type="way" ref="324002622" role=""/>
  <member type="way" ref="675473492" role=""/>
  <member type="way" ref="140379370" role=""/>
  <member type="way" ref="624336903" role=""/>
  <member type="way" ref="624336896" role=""/>
  <member type="way" ref="140379371" role=""/>
  <member type="way" ref="324002621" role=""/>
  <member type="way" ref="324002611" role=""/>
  <member type="way" ref="444464233" role=""/>
  <member type="way" ref="444464232" role=""/>
  <member type="way" ref="444464237" role=""/>
  <member type="way" ref="444464231" role=""/>
  <member type="way" ref="35969186" role=""/>
  <member type="way" ref="1551197288" role=""/>
  <member type="way" ref="35969184" role=""/>
  <member type="way" ref="324021999" role=""/>
  <member type="way" ref="324021997" role=""/>
  <member type="way" ref="31349760" role=""/>
  <member type="way" ref="139764390" role=""/>
  <member type="way" ref="324022002" role=""/>
  <member type="way" ref="139765132" role=""/>
  <member type="way" ref="139765126" role=""/>
  <member type="way" ref="324022001" role=""/>
  <member type="way" ref="1540114114" role=""/>
  <member type="way" ref="25205234" role=""/>
  <member type="way" ref="24064803" role=""/>
  <member type="way" ref="324021994" role=""/>
  <member type="way" ref="324022000" role=""/>
  <member type="way" ref="324088250" role=""/>
  <member type="way" ref="324088253" role=""/>
  <member type="way" ref="324088246" role=""/>
  <member type="way" ref="324088242" role=""/>
  <member type="way" ref="444472953" role=""/>
  <member type="way" ref="49090545" role=""/>
  <member type="way" ref="26587606" role=""/>
  <member type="way" ref="318063260" role=""/>
  <member type="way" ref="138777058" role=""/>
  <member type="way" ref="138777061" role=""/>
  <member type="way" ref="454065888" role=""/>
  <member type="way" ref="1357583410" role=""/>
  <member type="way" ref="139658674" role=""/>
  <member type="way" ref="454061162" role=""/>
  <member type="way" ref="324021988" role=""/>
  <member type="way" ref="322861687" role=""/>
  <member type="way" ref="668121599" role=""/>
  <member type="way" ref="324021987" role=""/>
  <member type="way" ref="454068757" role=""/>
  <member type="way" ref="150377442" role=""/>
  <member type="way" ref="454068756" role=""/>
  <member type="way" ref="139656762" role=""/>
  <member type="way" ref="139656744" role=""/>
  <member type="way" ref="139656760" role=""/>
  <member type="way" ref="139656752" role=""/>
  <member type="way" ref="139656766" role=""/>
  <member type="way" ref="318517703" role=""/>
  <member type="way" ref="318063147" role=""/>
  <member type="way" ref="139656740" role=""/>
  <member type="way" ref="139656768" role=""/>
  <member type="way" ref="139653178" role=""/>
  <member type="way" ref="454359569" role=""/>
  <member type="way" ref="454359568" role=""/>
  <member type="way" ref="139648349" role=""/>
  <member type="way" ref="964325156" role=""/>
  <member type="way" ref="454359566" role=""/>
  <member type="way" ref="454359565" role=""/>
  <member type="way" ref="139648344" role=""/>
  <member type="way" ref="139524814" role=""/>
  <member type="way" ref="139524813" role=""/>
  <member type="way" ref="138785960" role=""/>
  <member type="way" ref="318063150" role=""/>
  <member type="way" ref="138785954" role=""/>
  <member type="way" ref="454369526" role=""/>
  <member type="way" ref="138782455" role=""/>
  <member type="way" ref="138782452" role=""/>
  <member type="way" ref="138800036" role=""/>
  <member type="way" ref="138800040" role=""/>
  <member type="way" ref="138800045" role=""/>
  <member type="way" ref="138790711" role=""/>
  <member type="way" ref="310288482" role=""/>
  <member type="way" ref="204650211" role=""/>
  <member type="way" ref="204650214" role=""/>
  <member type="way" ref="138790713" role=""/>
  <member type="way" ref="142690786" role=""/>
  <member type="way" ref="81409989" role=""/>
  <member type="way" ref="583550386" role=""/>
  <member type="way" ref="1423687832" role=""/>
  <member type="way" ref="50059602" role=""/>
  <member type="way" ref="204641529" role=""/>
  <member type="way" ref="584292125" role=""/>
  <member type="way" ref="584292110" role=""/>
  <member type="way" ref="700310587" role=""/>
  <member type="way" ref="583929175" role=""/>
  <member type="way" ref="583550387" role=""/>
  <member type="way" ref="942730490" role=""/>
  <member type="way" ref="942730484" role=""/>
  <member type="way" ref="942732098" role=""/>
  <member type="way" ref="584292157" role=""/>
  <member type="way" ref="117100029" role=""/>
  <member type="way" ref="942730492" role=""/>
  <member type="way" ref="942730494" role=""/>
  <member type="way" ref="942730493" role=""/>
  <member type="way" ref="26736463" role=""/>
  <member type="way" ref="584292098" role=""/>
  <member type="way" ref="584292097" role=""/>
  <member type="way" ref="27548590" role=""/>
  <member type="way" ref="699209586" role=""/>
  <member type="way" ref="489797048" role=""/>
  <member type="way" ref="584316425" role=""/>
  <member type="way" ref="539100364" role=""/>
  <member type="way" ref="633755160" role=""/>
  <member type="way" ref="633755161" role=""/>
  <member type="way" ref="633755162" role=""/>
  <member type="way" ref="633755163" role=""/>
  <member type="way" ref="584316424" role=""/>
  <member type="way" ref="584316424" role=""/>
  <member type="way" ref="633755164" role=""/>
  <member type="way" ref="539099408" role=""/>
  <member type="way" ref="700504580" role=""/>
  <member type="way" ref="269339197" role=""/>
  <member type="way" ref="27548559" role=""/>
  <member type="way" ref="699295943" role=""/>
  <member type="way" ref="27548590" role=""/>
  <member type="way" ref="584292097" role=""/>
  <member type="way" ref="214264819" role=""/>
  <member type="way" ref="204670003" role=""/>
  <member type="way" ref="204676963" role=""/>
  <member type="way" ref="204681719" role=""/>
  <member type="way" ref="11824659" role=""/>
  <member type="way" ref="204676962" role=""/>
  <member type="way" ref="204680976" role=""/>
  <member type="way" ref="288964423" role=""/>
  <member type="way" ref="577597943" role=""/>
  <member type="way" ref="204680357" role=""/>
  <member type="way" ref="1226326028" role=""/>
  <member type="way" ref="1226326109" role=""/>
  <member type="way" ref="204678301" role=""/>
  <member type="way" ref="1105539121" role=""/>
  <member type="way" ref="137125300" role=""/>
  <member type="way" ref="1161949400" role=""/>
  <member type="way" ref="50028067" role=""/>
  <member type="way" ref="577597945" role=""/>
  <member type="way" ref="577597946" role=""/>
  <member type="way" ref="577597944" role=""/>
  <member type="way" ref="1236158594" role=""/>
  <member type="way" ref="242102352" role=""/>
  <member type="way" ref="211667079" role=""/>
  <member type="way" ref="557049839" role=""/>
  <member type="way" ref="1126390970" role=""/>
  <member type="way" ref="1234764668" role=""/>
  <member type="way" ref="1126390969" role=""/>
  <member type="way" ref="137125318" role=""/>
  <member type="way" ref="1000073720" role=""/>
  <member type="way" ref="1000073719" role=""/>
  <member type="way" ref="1423409121" role=""/>
  <member type="way" ref="578212528" role=""/>
  <member type="way" ref="1000939318" role=""/>
  <member type="way" ref="50694326" role=""/>
  <member type="way" ref="56224038" role=""/>
  <member type="way" ref="24975756" role=""/>
  <member type="way" ref="59218849" role=""/>
  <member type="way" ref="22953895" role=""/>
  <member type="way" ref="1156807332" role=""/>
  <member type="way" ref="188458723" role=""/>
  <member type="way" ref="36935208" role=""/>
  <member type="way" ref="1034355990" role=""/>
  <member type="way" ref="1156807334" role=""/>
  <member type="way" ref="453842490" role=""/>
  <member type="way" ref="111505365" role=""/>
  <member type="way" ref="111505356" role=""/>
  <member type="way" ref="24983644" role=""/>
  <member type="way" ref="453842489" role=""/>
  <member type="way" ref="324205813" role=""/>
  <member type="way" ref="265711471" role=""/>
  <member type="way" ref="61908103" role=""/>
  <member type="way" ref="25123017" role=""/>
  <member type="way" ref="25123018" role=""/>
  <member type="way" ref="25123019" role=""/>
  <member type="way" ref="324205795" role=""/>
  <member type="way" ref="25123020" role=""/>
  <member type="way" ref="324212336" role=""/>
  <member type="way" ref="447307194" role=""/>
  <member type="way" ref="453842488" role=""/>
  <member type="way" ref="324212334" role=""/>
  <member type="way" ref="264147422" role=""/>
  <member type="way" ref="264147425" role=""/>
  <member type="way" ref="264147423" role=""/>
  <member type="way" ref="447293464" role=""/>
  <member type="way" ref="264147426" role=""/>
  <member type="way" ref="34102995" role=""/>
  <member type="way" ref="447293461" role=""/>
  <member type="way" ref="447293459" role=""/>
  <member type="way" ref="34102994" role=""/>
  <member type="way" ref="176648771" role=""/>
  <member type="way" ref="447288840" role=""/>
  <member type="way" ref="447293469" role=""/>
  <member type="way" ref="447293470" role=""/>
  <member type="way" ref="447288839" role=""/>
  <member type="way" ref="176648770" role=""/>
  <member type="way" ref="120472168" role=""/>
  <member type="way" ref="120472181" role=""/>
  <member type="way" ref="324205797" role=""/>
  <member type="way" ref="324205794" role=""/>
  <member type="way" ref="265711468" role=""/>
  <member type="way" ref="446921089" role=""/>
  <member type="way" ref="446921087" role=""/>
  <member type="way" ref="360168263" role=""/>
  <member type="way" ref="117198496" role=""/>
  <member type="way" ref="265711466" role=""/>
  <member type="way" ref="447279293" role=""/>
  <member type="way" ref="1483436996" role=""/>
  <member type="way" ref="176651934" role=""/>
  <member type="way" ref="1483402524" role=""/>
  <member type="way" ref="447279292" role=""/>
  <member type="way" ref="1483402523" role=""/>
  <member type="way" ref="25351462" role=""/>
  <member type="way" ref="25351459" role=""/>
  <member type="way" ref="25384482" role=""/>
  <member type="way" ref="25384479" role=""/>
  <member type="way" ref="446914747" role=""/>
  <member type="way" ref="25530793" role=""/>
  <member type="way" ref="446906295" role=""/>
  <member type="way" ref="25530792" role=""/>
  <member type="way" ref="446914749" role=""/>
  <member type="way" ref="101952410" role=""/>
  <member type="way" ref="101952434" role=""/>
  <member type="way" ref="275585941" role=""/>
  <member type="way" ref="275585932" role=""/>
  <member type="way" ref="275585936" role=""/>
  <member type="way" ref="870012312" role=""/>
  <member type="way" ref="275585921" role=""/>
  <member type="way" ref="39828525" role=""/>
  <member type="way" ref="39828526" role=""/>
  <member type="way" ref="39828520" role=""/>
  <member type="way" ref="39828522" role=""/>
  <member type="way" ref="25384486" role=""/>
  <member type="way" ref="25384487" role=""/>
  <member type="way" ref="324088237" role=""/>
  <member type="way" ref="165849996" role=""/>
  <member type="way" ref="324088240" role=""/>
  <member type="way" ref="870012315" role=""/>
  <member type="way" ref="324088241" role=""/>
  <member type="way" ref="1280604716" role=""/>
  <member type="way" ref="165855095" role=""/>
  <member type="way" ref="446727280" role=""/>
  <member type="way" ref="446727278" role=""/>
  <member type="way" ref="165855092" role=""/>
  <member type="way" ref="24832275" role=""/>
  <member type="way" ref="24832273" role=""/>
  <member type="way" ref="24545585" role=""/>
  <member type="way" ref="291374388" role=""/>
  <member type="way" ref="34030717" role=""/>
  <member type="way" ref="446737499" role=""/>
  <member type="way" ref="34030719" role=""/>
  <member type="way" ref="96796579" role=""/>
  <member type="way" ref="446737498" role=""/>
  <member type="way" ref="446737497" role=""/>
  <member type="way" ref="1328539427" role=""/>
  <member type="way" ref="446722741" role=""/>
  <member type="way" ref="360168262" role=""/>
  <member type="way" ref="322860857" role=""/>
  <member type="way" ref="25801206" role=""/>
  <member type="way" ref="25801207" role=""/>
  <member type="way" ref="324064562" role=""/>
  <member type="way" ref="324064527" role=""/>
  <member type="way" ref="446003651" role=""/>
  <member type="way" ref="446003652" role=""/>
  <member type="way" ref="124757948" role=""/>
  <member type="way" ref="324064551" role=""/>
  <member type="way" ref="28460486" role=""/>
  <member type="way" ref="28460484" role=""/>
  <member type="way" ref="446722740" role=""/>
  <member type="way" ref="81384449" role=""/>
  <member type="way" ref="124757944" role=""/>
  <member type="way" ref="446001156" role=""/>
  <member type="way" ref="446001155" role=""/>
  <member type="way" ref="25562157" role=""/>
  <member type="way" ref="675830906" role=""/>
  <member type="way" ref="445365744" role=""/>
  <member type="way" ref="4065392" role=""/>
  <member type="way" ref="445464025" role=""/>
  <member type="way" ref="445464061" role=""/>
  <member type="way" ref="675830896" role=""/>
  <member type="way" ref="445464020" role=""/>
  <member type="way" ref="675830894" role=""/>
  <member type="way" ref="445464037" role=""/>
  <member type="way" ref="4065649" role=""/>
  <member type="way" ref="56214453" role=""/>
  <member type="way" ref="445464033" role=""/>
  <member type="way" ref="445464058" role=""/>
  <member type="way" ref="445464019" role=""/>
  <member type="way" ref="445464049" role=""/>
  <member type="way" ref="445464060" role=""/>
  <member type="way" ref="445464022" role=""/>
  <member type="way" ref="55783944" role=""/>
  <member type="way" ref="445464029" role=""/>
  <member type="way" ref="1478608209" role=""/>
  <member type="way" ref="675830888" role=""/>
  <member type="way" ref="177299252" role=""/>
  <member type="way" ref="445464053" role=""/>
  <member type="way" ref="445464056" role=""/>
  <member type="way" ref="33546525" role=""/>
  <member type="way" ref="33546526" role=""/>
  <member type="way" ref="445484814" role=""/>
  <member type="way" ref="445484812" role=""/>
  <member type="way" ref="445484817" role=""/>
  <member type="way" ref="445484822" role=""/>
  <member type="way" ref="445484816" role=""/>
  <member type="way" ref="445484821" role=""/>
  <member type="way" ref="323616947" role=""/>
  <member type="way" ref="675830881" role=""/>
  <member type="way" ref="6080565" role=""/>
  <member type="way" ref="1354190912" role=""/>
  <member type="way" ref="498245762" role=""/>
  <member type="way" ref="498245766" role=""/>
  <member type="way" ref="151114644" role=""/>
  <member type="way" ref="498245745" role=""/>
  <member type="way" ref="39598060" role=""/>
  <member type="way" ref="498245742" role=""/>
  <member type="way" ref="39002145" role=""/>
  <member type="way" ref="498237954" role=""/>
  <member type="way" ref="38964665" role=""/>
  <member type="way" ref="498237952" role=""/>
  <member type="way" ref="498245741" role=""/>
  <member type="way" ref="254123420" role=""/>
  <member type="way" ref="852326923" role=""/>
  <member type="way" ref="773491411" role=""/>
  <member type="way" ref="771922252" role=""/>
  <member type="way" ref="240526542" role=""/>
  <member type="way" ref="240526543" role=""/>
  <member type="way" ref="1008050267" role=""/>
  <member type="way" ref="850894992" role=""/>
  <member type="way" ref="28776364" role=""/>
  <member type="way" ref="760036075" role=""/>
  <member type="way" ref="937916314" role=""/>
  <member type="way" ref="850894991" role=""/>
  <member type="way" ref="28776365" role=""/>
  <member type="way" ref="498500234" role=""/>
  <member type="way" ref="163805154" role=""/>
  <member type="way" ref="28599304" role=""/>
  <member type="way" ref="498500230" role=""/>
  <member type="way" ref="424621831" role=""/>
  <member type="way" ref="424621802" role=""/>
  <member type="way" ref="71123416" role=""/>
  <member type="way" ref="424621805" role=""/>
  <member type="way" ref="424621803" role=""/>
  <member type="way" ref="28599304" role=""/>
  <member type="way" ref="498500227" role=""/>
  <member type="way" ref="1189580140" role=""/>
  <member type="way" ref="162357417" role=""/>
  <member type="way" ref="162557673" role=""/>
  <member type="way" ref="162562789" role=""/>
  <member type="way" ref="36354551" role=""/>
  <member type="way" ref="28911330" role=""/>
  <member type="way" ref="1009954268" role=""/>
  <member type="way" ref="28911328" role=""/>
  <member type="way" ref="850894992" role=""/>
  <member type="way" ref="1008050267" role=""/>
  <member type="way" ref="240526543" role=""/>
  <member type="way" ref="240526542" role=""/>
  <member type="way" ref="771922252" role=""/>
  <member type="way" ref="773491411" role=""/>
  <member type="way" ref="23966391" role=""/>
  <member type="way" ref="774986609" role=""/>
  <member type="way" ref="771925940" role=""/>
  <member type="way" ref="498245741" role=""/>
  <member type="way" ref="498237952" role=""/>
  <member type="way" ref="38964665" role=""/>
  <member type="way" ref="498237954" role=""/>
  <member type="way" ref="39002145" role=""/>
  <member type="way" ref="498245742" role=""/>
  <member type="way" ref="39598060" role=""/>
  <member type="way" ref="498245745" role=""/>
  <member type="way" ref="151114644" role=""/>
  <member type="way" ref="498245743" role=""/>
  <member type="way" ref="26493250" role=""/>
  <member type="way" ref="675832302" role=""/>
  <member type="way" ref="675832301" role=""/>
  <member type="way" ref="740985231" role=""/>
  <member type="way" ref="740985230" role=""/>
  <member type="way" ref="71124762" role=""/>
  <member type="way" ref="318063228" role=""/>
  <member type="way" ref="970104827" role=""/>
  <member type="way" ref="970104826" role=""/>
  <member type="way" ref="968845922" role=""/>
  <member type="way" ref="968845921" role=""/>
  <member type="way" ref="318063155" role=""/>
  <member type="way" ref="968845917" role=""/>
  <member type="way" ref="968845916" role=""/>
  <member type="way" ref="675832298" role=""/>
  <member type="way" ref="318063158" role=""/>
  <member type="way" ref="675959352" role=""/>
  <member type="way" ref="318063182" role=""/>
  <member type="way" ref="318063151" role=""/>
  <member type="way" ref="101345414" role=""/>
  <member type="way" ref="158783755" role=""/>
  <member type="way" ref="158783765" role=""/>
  <member type="way" ref="589063627" role=""/>
  <member type="way" ref="544661016" role=""/>
  <member type="way" ref="589056776" role=""/>
  <member type="way" ref="589056774" role=""/>
  <member type="way" ref="589056775" role=""/>
  <member type="way" ref="589064894" role=""/>
  <member type="way" ref="24529064" role=""/>
  <member type="way" ref="589056777" role=""/>
  <member type="way" ref="318517711" role=""/>
  <member type="way" ref="71124670" role=""/>
  <member type="way" ref="445498494" role=""/>
  <member type="way" ref="24347948" role=""/>
  <member type="way" ref="24347950" role=""/>
  <member type="way" ref="24347944" role=""/>
  <member type="way" ref="24347947" role=""/>
  <member type="way" ref="675959342" role=""/>
  <member type="way" ref="33856848" role=""/>
  <member type="way" ref="33856751" role=""/>
  <member type="way" ref="307228263" role=""/>
  <member type="way" ref="307228282" role=""/>
  <member type="way" ref="307228265" role=""/>
  <member type="way" ref="307228272" role=""/>
  <member type="way" ref="307230861" role=""/>
  <member type="way" ref="307230864" role=""/>
  <member type="way" ref="675959336" role=""/>
  <member type="way" ref="445502456" role=""/>
  <member type="way" ref="445502468" role=""/>
  <member type="way" ref="1351017976" role=""/>
  <member type="way" ref="445502455" role=""/>
  <member type="way" ref="445502471" role=""/>
  <member type="way" ref="168934429" role=""/>
  <member type="way" ref="675959327" role=""/>
  <member type="way" ref="168934428" role=""/>
  <member type="way" ref="255262094" role=""/>
  <member type="way" ref="255262096" role=""/>
  <member type="way" ref="38630431" role=""/>
  <member type="way" ref="38630430" role=""/>
  <member type="way" ref="1351015526" role=""/>
  <member type="way" ref="566288010" role=""/>
  <member type="way" ref="1351015529" role=""/>
  <member type="way" ref="1351015528" role=""/>
  <member type="way" ref="24331864" role=""/>
  <member type="way" ref="24331863" role=""/>
  <member type="way" ref="318063231" role=""/>
  <member type="way" ref="1351015525" role=""/>
  <member type="way" ref="318063170" role=""/>
  <member type="way" ref="24065449" role=""/>
  <member type="way" ref="445536701" role=""/>
  <member type="way" ref="5084391" role=""/>
  <member type="way" ref="1216662338" role=""/>
  <member type="way" ref="445536694" role=""/>
  <member type="way" ref="25047119" role=""/>
  <member type="way" ref="25047120" role=""/>
  <member type="way" ref="1213167872" role=""/>
  <member type="way" ref="155056810" role=""/>
  <member type="way" ref="22950918" role=""/>
  <member type="way" ref="1019433667" role=""/>
  <member type="way" ref="22950920" role=""/>
  <member type="way" ref="337780993" role=""/>
  <member type="way" ref="109149081" role=""/>
  <member type="way" ref="109149093" role=""/>
  <member type="way" ref="377959378" role=""/>
  <member type="way" ref="377959380" role=""/>
  <member type="way" ref="23002364" role=""/>
  <member type="way" ref="23002366" role=""/>
  <member type="way" ref="592839133" role=""/>
  <member type="way" ref="675985866" role=""/>
  <member type="way" ref="5216140" role=""/>
  <member type="way" ref="22950617" role=""/>
  <member type="way" ref="87638809" role=""/>
  <member type="way" ref="87638818" role=""/>
  <member type="way" ref="790405874" role=""/>
  <member type="way" ref="790405875" role=""/>
  <member type="way" ref="115527478" role=""/>
  <member type="way" ref="115527475" role=""/>
  <member type="way" ref="675989934" role=""/>
  <member type="way" ref="530532385" role=""/>
  <member type="way" ref="30736693" role=""/>
  <member type="way" ref="530532383" role=""/>
  <member type="way" ref="30736692" role=""/>
  <member type="way" ref="28370242" role=""/>
  <member type="way" ref="28370241" role=""/>
  <member type="way" ref="28852663" role=""/>
  <member type="way" ref="28852662" role=""/>
  <member type="way" ref="672272688" role=""/>
  <member type="way" ref="155055307" role=""/>
  <member type="way" ref="22950613" role=""/>
  <member type="way" ref="22950616" role=""/>
  <member type="way" ref="423418528" role=""/>
  <member type="way" ref="675999531" role=""/>
  <member type="way" ref="672279482" role=""/>
  <member type="way" ref="80932543" role=""/>
  <member type="way" ref="771127614" role=""/>
  <member type="way" ref="672279479" role=""/>
  <member type="way" ref="544661014" role=""/>
  <member type="way" ref="544661013" role=""/>
  <member type="way" ref="145171255" role=""/>
  <member type="way" ref="145171253" role=""/>
  <member type="way" ref="676016383" role=""/>
  <member type="way" ref="485737621" role=""/>
  <member type="way" ref="676020136" role=""/>
  <member type="way" ref="27860069" role=""/>
  <member type="way" ref="5060719" role=""/>
  <member type="way" ref="676021091" role=""/>
  <member type="way" ref="676021092" role=""/>
  <member type="way" ref="676021928" role=""/>
  <member type="way" ref="676021932" role=""/>
  <member type="way" ref="133394848" role=""/>
  <member type="way" ref="24784768" role=""/>
  <member type="way" ref="24784762" role=""/>
  <member type="way" ref="24784783" role=""/>
  <member type="way" ref="26732375" role=""/>
  <member type="way" ref="26732338" role=""/>
  <member type="way" ref="24784778" role=""/>
  <member type="way" ref="154771667" role=""/>
  <member type="way" ref="28042458" role=""/>
  <member type="way" ref="4015999" role=""/>
  <member type="way" ref="24784799" role=""/>
  <member type="way" ref="24784800" role=""/>
  <member type="way" ref="676087012" role=""/>
  <member type="way" ref="676087001" role=""/>
  <member type="way" ref="250842583" role=""/>
  <member type="way" ref="676086989" role=""/>
  <member type="way" ref="676087574" role=""/>
  <member type="way" ref="676086984" role=""/>
  <member type="way" ref="253294533" role=""/>
  <member type="way" ref="154771680" role=""/>
  <member type="way" ref="741100426" role=""/>
  <member type="way" ref="741100425" role=""/>
  <member type="way" ref="610163994" role=""/>
  <member type="way" ref="1263452343" role=""/>
  <member type="way" ref="815494790" role=""/>
  <member type="way" ref="676317770" role=""/>
  <member type="way" ref="9094255" role=""/>
  <member type="way" ref="250842581" role=""/>
  <member type="way" ref="676325781" role=""/>
  <member type="way" ref="676325780" role=""/>
  <member type="way" ref="24357742" role=""/>
  <member type="way" ref="24837458" role=""/>
  <member type="way" ref="24837459" role=""/>
  <member type="way" ref="676325778" role=""/>
  <member type="way" ref="676326604" role=""/>
  <member type="way" ref="676326608" role=""/>
  <member type="way" ref="676326600" role=""/>
  <member type="way" ref="676326595" role=""/>
  <member type="way" ref="676326589" role=""/>
  <member type="way" ref="28260960" role=""/>
  <member type="way" ref="676329294" role=""/>
  <member type="way" ref="28362447" role=""/>
  <member type="way" ref="676329291" role=""/>
  <member type="way" ref="676329290" role=""/>
  <member type="way" ref="9095983" role=""/>
  <member type="way" ref="26750812" role=""/>
  <member type="way" ref="26750814" role=""/>
  <member type="way" ref="751070952" role=""/>
  <member type="way" ref="944817385" role=""/>
  <member type="way" ref="168927664" role=""/>
  <member type="way" ref="341377252" role=""/>
  <member type="way" ref="1215651810" role=""/>
  <member type="way" ref="1215651811" role=""/>
  <member type="way" ref="342129872" role=""/>
  <member type="way" ref="693972292" role=""/>
  <member type="way" ref="1215651812" role=""/>
  <member type="way" ref="73305691" role=""/>
  <member type="way" ref="776870860" role=""/>
  <member type="way" ref="1218124663" role=""/>
  <member type="way" ref="1218124662" role=""/>
  <member type="way" ref="1218124661" role=""/>
  <member type="way" ref="73501286" role=""/>
  <member type="way" ref="1361553942" role=""/>
  <member type="way" ref="95510757" role=""/>
  <member type="way" ref="52474711" role=""/>
  <member type="way" ref="52474715" role=""/>
  <member type="way" ref="481431334" role=""/>
  <member type="way" ref="250953970" role=""/>
  <member type="way" ref="250953969" role=""/>
  <member type="way" ref="543025468" role=""/>
  <member type="way" ref="756528698" role=""/>
  <member type="way" ref="420273031" role=""/>
  <member type="way" ref="95510756" role=""/>
  <member type="way" ref="172460724" role=""/>
  <member type="way" ref="751070950" role=""/>
  <member type="way" ref="126081743" role=""/>
  <member type="way" ref="172460728" role=""/>
  <member type="way" ref="250953970" role=""/>
  <member type="way" ref="481431334" role=""/>
  <member type="way" ref="52474715" role=""/>
  <member type="way" ref="52474711" role=""/>
  <member type="way" ref="95510757" role=""/>
  <member type="way" ref="1361553942" role=""/>
  <member type="way" ref="73501286" role=""/>
  <member type="way" ref="1218124661" role=""/>
  <member type="way" ref="1218124662" role=""/>
  <member type="way" ref="73305690" role=""/>
  <member type="way" ref="1218124665" role=""/>
  <member type="way" ref="73305696" role=""/>
  <member type="way" ref="481946821" role=""/>
  <member type="way" ref="73299382" role=""/>
  <member type="way" ref="481946820" role=""/>
  <member type="way" ref="482032674" role=""/>
  <member type="way" ref="1443896162" role=""/>
  <member type="way" ref="776870862" role=""/>
  <member type="way" ref="776870861" role=""/>
  <member type="way" ref="1215651808" role=""/>
  <member type="way" ref="1215651814" role=""/>
  <member type="way" ref="1215651813" role=""/>
  <member type="way" ref="50031155" role=""/>
  <member type="way" ref="944817386" role=""/>
  <member type="way" ref="463889407" role=""/>
  <member type="way" ref="9094983" role=""/>
  <member type="way" ref="255956664" role=""/>
  <member type="way" ref="255956668" role=""/>
  <member type="way" ref="676395314" role=""/>
  <member type="way" ref="676395312" role=""/>
  <member type="way" ref="26750733" role=""/>
  <member type="way" ref="9231784" role=""/>
  <member type="way" ref="9231748" role=""/>
  <member type="way" ref="676395310" role=""/>
  <member type="way" ref="31350327" role=""/>
  <member type="way" ref="676395303" role=""/>
  <member type="way" ref="676395299" role=""/>
  <member type="way" ref="676395302" role=""/>
  <member type="way" ref="1152401907" role=""/>
  <member type="way" ref="4015964" role=""/>
  <member type="way" ref="676486328" role=""/>
  <member type="way" ref="676491620" role=""/>
  <member type="way" ref="676491619" role=""/>
  <member type="way" ref="295253729" role=""/>
  <member type="way" ref="676491617" role=""/>
  <member type="way" ref="669225293" role=""/>
  <member type="way" ref="622769266" role=""/>
  <member type="way" ref="27911155" role=""/>
  <member type="way" ref="27911153" role=""/>
  <member type="way" ref="676494535" role=""/>
  <member type="way" ref="622769276" role=""/>
  <member type="way" ref="24477179" role=""/>
  <member type="way" ref="24477180" role=""/>
  <member type="way" ref="295253722" role=""/>
  <member type="way" ref="676494533" role=""/>
  <member type="way" ref="622769287" role=""/>
  <member type="way" ref="24775115" role=""/>
  <member type="way" ref="622769303" role=""/>
  <member type="way" ref="676497989" role=""/>
  <member type="way" ref="622769300" role=""/>
  <member type="way" ref="676497988" role=""/>
  <member type="way" ref="676497986" role=""/>
  <member type="way" ref="24775114" role=""/>
  <member type="way" ref="676530369" role=""/>
  <member type="way" ref="676530370" role=""/>
  <member type="way" ref="676531985" role=""/>
  <member type="way" ref="676531984" role=""/>
  <member type="way" ref="622769312" role=""/>
  <member type="way" ref="24430098" role=""/>
  <member type="way" ref="24430142" role=""/>
  <member type="way" ref="670813530" role=""/>
  <member type="way" ref="361355463" role=""/>
  <member type="way" ref="124130305" role=""/>
  <member type="way" ref="124130308" role=""/>
  <member type="way" ref="4544842" role=""/>
  <member type="way" ref="154717002" role=""/>
  <member type="way" ref="361355464" role=""/>
  <member type="way" ref="295253772" role=""/>
  <member type="way" ref="361355467" role=""/>
  <member type="way" ref="361355470" role=""/>
  <member type="way" ref="676556186" role=""/>
  <member type="way" ref="536617367" role=""/>
  <member type="way" ref="164040092" role=""/>
  <member type="way" ref="164040093" role=""/>
  <member type="way" ref="610869118" role=""/>
  <member type="way" ref="610869119" role=""/>
  <member type="way" ref="610869120" role=""/>
  <member type="way" ref="295253779" role=""/>
  <member type="way" ref="676563347" role=""/>
  <member type="way" ref="59458766" role=""/>
  <member type="way" ref="23114696" role=""/>
  <member type="way" ref="610869113" role=""/>
  <member type="way" ref="361072507" role=""/>
  <member type="way" ref="89567224" role=""/>
  <member type="way" ref="89567225" role=""/>
  <member type="way" ref="536744675" role=""/>
  <member type="way" ref="536744676" role=""/>
  <member type="way" ref="360730865" role=""/>
  <member type="way" ref="360730862" role=""/>
  <member type="way" ref="360441393" role=""/>
  <member type="way" ref="360441394" role=""/>
  <member type="way" ref="23422919" role=""/>
  <member type="way" ref="23422920" role=""/>
  <member type="way" ref="89575403" role=""/>
  <member type="way" ref="360441391" role=""/>
  <member type="way" ref="360441396" role=""/>
  <member type="way" ref="360217741" role=""/>
  <member type="way" ref="360217740" role=""/>
  <member type="way" ref="536943156" role=""/>
  <member type="way" ref="536943155" role=""/>
  <member type="way" ref="536943146" role=""/>
  <member type="way" ref="536943145" role=""/>
  <member type="way" ref="360217739" role=""/>
  <member type="way" ref="28237158" role=""/>
  <member type="way" ref="89580010" role=""/>
  <member type="way" ref="360217748" role=""/>
  <member type="way" ref="1552003243" role=""/>
  <member type="way" ref="1552003244" role=""/>
  <member type="way" ref="360217742" role=""/>
  <member type="way" ref="360217751" role=""/>
  <member type="way" ref="360217754" role=""/>
  <member type="way" ref="360217747" role=""/>
  <member type="way" ref="360217738" role=""/>
  <member type="way" ref="360068861" role=""/>
  <member type="way" ref="536971389" role=""/>
  <member type="way" ref="536971388" role=""/>
  <member type="way" ref="536971384" role=""/>
  <member type="way" ref="536971382" role=""/>
  <member type="way" ref="4545100" role=""/>
  <member type="way" ref="360068254" role=""/>
  <member type="way" ref="30767200" role=""/>
  <member type="way" ref="30767203" role=""/>
  <member type="way" ref="30767204" role=""/>
  <member type="way" ref="359870528" role=""/>
  <member type="way" ref="359870527" role=""/>
  <member type="way" ref="359870530" role=""/>
  <member type="way" ref="359870522" role=""/>
  <member type="way" ref="49742816" role=""/>
  <member type="way" ref="49742807" role=""/>
  <member type="way" ref="359870526" role=""/>
  <member type="way" ref="359870520" role=""/>
  <member type="way" ref="359870517" role=""/>
  <member type="way" ref="49742812" role=""/>
  <member type="way" ref="49742809" role=""/>
  <member type="way" ref="359864330" role=""/>
  <member type="way" ref="359864328" role=""/>
  <member type="way" ref="28737553" role=""/>
  <member type="way" ref="59286372" role=""/>
  <member type="way" ref="359864320" role=""/>
  <member type="way" ref="359864323" role=""/>
  <member type="way" ref="542729624" role=""/>
  <member type="way" ref="542729621" role=""/>
  <member type="way" ref="542729620" role=""/>
  <member type="way" ref="542729625" role=""/>
  <member type="way" ref="91041301" role=""/>
  <member type="way" ref="91041327" role=""/>
  <member type="way" ref="359862084" role=""/>
  <member type="way" ref="359862096" role=""/>
  <member type="way" ref="359862105" role=""/>
  <member type="way" ref="359862101" role=""/>
  <member type="way" ref="89594409" role=""/>
  <member type="way" ref="89594407" role=""/>
  <member type="way" ref="89596149" role=""/>
  <member type="way" ref="89596145" role=""/>
  <member type="way" ref="89596144" role=""/>
  <member type="way" ref="89596143" role=""/>
  <member type="way" ref="89129390" role=""/>
  <member type="way" ref="89129391" role=""/>
  <member type="way" ref="359860143" role=""/>
  <member type="way" ref="359860163" role=""/>
  <member type="way" ref="359860148" role=""/>
  <member type="way" ref="543564048" role=""/>
  <member type="way" ref="543564038" role=""/>
  <member type="way" ref="543564041" role=""/>
  <member type="way" ref="543564045" role=""/>
  <member type="way" ref="359860153" role=""/>
  <member type="way" ref="359680233" role=""/>
  <member type="way" ref="676602326" role=""/>
  <member type="way" ref="4322140" role=""/>
  <member type="way" ref="89695254" role=""/>
  <member type="way" ref="89695243" role=""/>
  <member type="way" ref="89695805" role=""/>
  <member type="way" ref="89695809" role=""/>
  <member type="way" ref="359680063" role=""/>
  <member type="way" ref="359680054" role=""/>
  <member type="way" ref="359680064" role=""/>
  <member type="way" ref="359680065" role=""/>
  <member type="way" ref="27564625" role=""/>
  <member type="way" ref="146078854" role=""/>
  <member type="way" ref="89696849" role=""/>
  <member type="way" ref="543759052" role=""/>
  <member type="way" ref="543759051" role=""/>
  <member type="way" ref="67192546" role=""/>
  <member type="way" ref="543759046" role=""/>
  <member type="way" ref="543759047" role=""/>
  <member type="way" ref="377665810" role=""/>
  <member type="way" ref="543759045" role=""/>
  <member type="way" ref="543759044" role=""/>
  <member type="way" ref="377665808" role=""/>
  <member type="way" ref="89706115" role=""/>
  <member type="way" ref="89706118" role=""/>
  <member type="way" ref="308312194" role=""/>
  <member type="way" ref="359260830" role=""/>
  <member type="way" ref="359260838" role=""/>
  <member type="way" ref="359260829" role=""/>
  <member type="way" ref="359260836" role=""/>
  <member type="way" ref="89708017" role=""/>
  <member type="way" ref="543967805" role=""/>
  <member type="way" ref="89708019" role=""/>
  <member type="way" ref="27841224" role=""/>
  <member type="way" ref="27841226" role=""/>
  <member type="way" ref="359260839" role=""/>
  <member type="way" ref="359260827" role=""/>
  <member type="way" ref="359260831" role=""/>
  <member type="way" ref="359260834" role=""/>
  <member type="way" ref="359000424" role=""/>
  <member type="way" ref="359000435" role=""/>
  <member type="way" ref="359000407" role=""/>
  <member type="way" ref="359000391" role=""/>
  <member type="way" ref="308313786" role=""/>
  <member type="way" ref="359000418" role=""/>
  <member type="way" ref="22989238" role=""/>
  <member type="way" ref="359000366" role=""/>
  <member type="way" ref="359000383" role=""/>
  <member type="way" ref="22989239" role=""/>
  <member type="way" ref="359000412" role=""/>
  <member type="way" ref="4544159" role=""/>
  <member type="way" ref="359000371" role=""/>
  <member type="way" ref="308313784" role=""/>
  <member type="way" ref="359000432" role=""/>
  <member type="way" ref="359000404" role=""/>
  <member type="way" ref="359000365" role=""/>
  <member type="way" ref="544199295" role=""/>
  <member type="way" ref="359000401" role=""/>
  <member type="way" ref="24042015" role=""/>
  <member type="way" ref="24042016" role=""/>
  <member type="way" ref="358728092" role=""/>
  <member type="way" ref="358728089" role=""/>
  <member type="way" ref="358728086" role=""/>
  <member type="way" ref="358728083" role=""/>
  <member type="way" ref="358728084" role=""/>
  <member type="way" ref="358728093" role=""/>
  <member type="way" ref="564381057" role=""/>
  <member type="way" ref="564381056" role=""/>
  <member type="way" ref="544299667" role=""/>
  <member type="way" ref="544299668" role=""/>
  <member type="way" ref="226245696" role=""/>
  <member type="way" ref="544299662" role=""/>
  <member type="way" ref="226245697" role=""/>
  <member type="way" ref="39431993" role=""/>
  <member type="way" ref="39431991" role=""/>
  <member type="way" ref="358621502" role=""/>
  <member type="way" ref="358621504" role=""/>
  <member type="way" ref="358621500" role=""/>
  <member type="way" ref="358621501" role=""/>
  <member type="way" ref="1120355813" role=""/>
  <member type="way" ref="1120355812" role=""/>
  <member type="way" ref="544299643" role=""/>
  <member type="way" ref="1388812023" role=""/>
  <member type="way" ref="1388812022" role=""/>
  <member type="way" ref="4544194" role=""/>
  <member type="way" ref="208087012" role=""/>
  <member type="way" ref="358614732" role=""/>
  <member type="way" ref="544299640" role=""/>
  <member type="way" ref="358614723" role=""/>
  <member type="way" ref="218945399" role=""/>
  <member type="way" ref="358614722" role=""/>
  <member type="way" ref="358614724" role=""/>
  <member type="way" ref="358614730" role=""/>
  <member type="way" ref="208087014" role=""/>
  <member type="way" ref="358614729" role=""/>
  <member type="way" ref="208087013" role=""/>
  <member type="way" ref="22938655" role=""/>
  <member type="way" ref="358614749" role=""/>
  <member type="way" ref="22938656" role=""/>
  <member type="way" ref="853335088" role=""/>
  <member type="way" ref="318670357" role=""/>
  <member type="way" ref="22934430" role=""/>
  <member type="way" ref="758505335" role=""/>
  <member type="way" ref="971162984" role=""/>
  <member type="way" ref="318670326" role=""/>
  <member type="way" ref="1183751677" role=""/>
  <member type="way" ref="625949846" role=""/>
  <member type="way" ref="33783401" role=""/>
  <member type="way" ref="264539186" role=""/>
  <member type="way" ref="445544174" role=""/>
  <member type="way" ref="436819859" role=""/>
  <member type="way" ref="264538924" role=""/>
  <member type="way" ref="1232746127" role=""/>
  <member type="way" ref="1086655521" role=""/>
  <member type="way" ref="264538922" role=""/>
  <member type="way" ref="54568343" role=""/>
  <member type="way" ref="22702388" role=""/>
  <member type="way" ref="1095558224" role=""/>
  <member type="way" ref="22702389" role=""/>
  <member type="way" ref="1086801554" role=""/>
  <member type="way" ref="479986857" role=""/>
  <member type="way" ref="479986856" role=""/>
  <member type="way" ref="1311800069" role=""/>
  <member type="way" ref="104905362" role=""/>
  <member type="way" ref="54568344" role=""/>
  <member type="way" ref="708424239" role=""/>
  <member type="way" ref="961999562" role=""/>
  <member type="way" ref="26920702" role=""/>
  <member type="way" ref="294432397" role=""/>
  <member type="way" ref="529807800" role=""/>
  <member type="way" ref="33040244" role=""/>
  <member type="way" ref="1341488676" role=""/>
  <member type="way" ref="28350697" role=""/>
  <member type="way" ref="294432383" role=""/>
  <member type="way" ref="1126360373" role=""/>
  <member type="way" ref="1126544614" role=""/>
  <member type="way" ref="1126509194" role=""/>
  <member type="way" ref="1130887616" role=""/>
  <member type="way" ref="284991007" role=""/>
  <member type="way" ref="1130887615" role=""/>
  <member type="way" ref="28134199" role=""/>
  <member type="way" ref="626262779" role=""/>
  <member type="way" ref="28134361" role=""/>
  <member type="way" ref="626262780" role=""/>
  <member type="way" ref="32999573" role=""/>
  <member type="way" ref="43122943" role=""/>
  <member type="way" ref="44636200" role=""/>
  <member type="way" ref="709879885" role=""/>
  <member type="way" ref="31288461" role=""/>
  <member type="way" ref="1302366736" role=""/>
  <member type="way" ref="161232847" role=""/>
  <member type="way" ref="31288460" role=""/>
  <member type="way" ref="1302366741" role=""/>
  <member type="way" ref="1302366747" role=""/>
  <member type="way" ref="1302366737" role=""/>
  <member type="way" ref="1302366738" role=""/>
  <member type="way" ref="1322089738" role=""/>
  <member type="way" ref="161232848" role=""/>
  <member type="way" ref="1307191424" role=""/>
  <member type="way" ref="896764804" role=""/>
  <member type="way" ref="1088460273" role=""/>
  <member type="way" ref="1302578850" role=""/>
  <member type="way" ref="1302366725" role=""/>
  <member type="way" ref="1302578843" role=""/>
  <member type="way" ref="1185714378" role=""/>
  <member type="way" ref="173296554" role=""/>
  <member type="way" ref="1391755071" role=""/>
  <member type="way" ref="1391755070" role=""/>
  <member type="way" ref="358423352" role=""/>
  <member type="way" ref="358423340" role=""/>
  <member type="way" ref="44636205" role=""/>
  <member type="way" ref="358423344" role=""/>
  <member type="way" ref="358423341" role=""/>
  <member type="way" ref="358423343" role=""/>
  <member type="way" ref="28388094" role=""/>
  <member type="way" ref="358423353" role=""/>
  <member type="way" ref="28388096" role=""/>
  <member type="way" ref="358423346" role=""/>
  <member type="way" ref="358423351" role=""/>
  <member type="way" ref="28388102" role=""/>
  <member type="way" ref="4309834" role=""/>
  <member type="way" ref="358423362" role=""/>
  <member type="way" ref="544320984" role=""/>
  <member type="way" ref="544320979" role=""/>
  <member type="way" ref="358423356" role=""/>
  <member type="way" ref="32571762" role=""/>
  <member type="way" ref="32571761" role=""/>
  <member type="way" ref="30673004" role=""/>
  <member type="way" ref="30673005" role=""/>
  <member type="way" ref="358410137" role=""/>
  <member type="way" ref="358410134" role=""/>
  <member type="way" ref="358410135" role=""/>
  <member type="way" ref="358410138" role=""/>
  <member type="way" ref="637988183" role=""/>
  <member type="way" ref="637988184" role=""/>
  <member type="way" ref="548961965" role=""/>
  <member type="way" ref="548961966" role=""/>
  <member type="way" ref="548961961" role=""/>
  <member type="way" ref="548961962" role=""/>
  <member type="way" ref="358405157" role=""/>
  <member type="way" ref="358405162" role=""/>
  <member type="way" ref="358405160" role=""/>
  <member type="way" ref="358405164" role=""/>
  <member type="way" ref="548961947" role=""/>
  <member type="way" ref="548961948" role=""/>
  <member type="way" ref="548961945" role=""/>
  <member type="way" ref="548961946" role=""/>
  <member type="way" ref="358286927" role=""/>
  <member type="way" ref="358286928" role=""/>
  <member type="way" ref="342233980" role=""/>
  <member type="way" ref="358286946" role=""/>
  <member type="way" ref="358286935" role=""/>
  <member type="way" ref="358286942" role=""/>
  <member type="way" ref="113949552" role=""/>
  <member type="way" ref="113949549" role=""/>
  <member type="way" ref="358286930" role=""/>
  <member type="way" ref="358286936" role=""/>
  <member type="way" ref="358286926" role=""/>
  <member type="way" ref="582329526" role=""/>
  <member type="way" ref="358286938" role=""/>
  <member type="way" ref="358286932" role=""/>
  <member type="way" ref="358286945" role=""/>
  <member type="way" ref="357578098" role=""/>
  <member type="way" ref="549314315" role=""/>
  <member type="way" ref="342233977" role=""/>
  <member type="way" ref="549314314" role=""/>
  <member type="way" ref="357578097" role=""/>
  <member type="way" ref="243975815" role=""/>
  <member type="way" ref="484088136" role=""/>
  <member type="way" ref="357299665" role=""/>
  <member type="way" ref="40396285" role=""/>
  <member type="way" ref="357299664" role=""/>
  <member type="way" ref="549314311" role=""/>
  <member type="way" ref="549314310" role=""/>
  <member type="way" ref="549314309" role=""/>
  <member type="way" ref="146171801" role=""/>
  <member type="way" ref="357028294" role=""/>
  <member type="way" ref="357028300" role=""/>
  <member type="way" ref="357028298" role=""/>
  <member type="way" ref="40396117" role=""/>
  <member type="way" ref="356406182" role=""/>
  <member type="way" ref="95135953" role=""/>
  <member type="way" ref="95135969" role=""/>
  <member type="way" ref="356406186" role=""/>
  <member type="way" ref="356406181" role=""/>
  <member type="way" ref="356406188" role=""/>
  <member type="way" ref="31285667" role=""/>
  <member type="way" ref="549348646" role=""/>
  <member type="way" ref="549348645" role=""/>
  <member type="way" ref="549348643" role=""/>
  <member type="way" ref="549348633" role=""/>
  <member type="way" ref="549724100" role=""/>
  <member type="way" ref="549724099" role=""/>
  <member type="way" ref="54179190" role=""/>
  <member type="way" ref="355856732" role=""/>
  <member type="way" ref="272019559" role=""/>
  <member type="way" ref="95015909" role=""/>
  <member type="way" ref="216959879" role=""/>
  <member type="way" ref="355856726" role=""/>
  <member type="way" ref="355856701" role=""/>
  <member type="way" ref="486231006" role=""/>
  <member type="way" ref="355587445" role=""/>
  <member type="way" ref="355587443" role=""/>
  <member type="way" ref="355587447" role=""/>
  <member type="way" ref="637988187" role=""/>
  <member type="way" ref="355587441" role=""/>
  <member type="way" ref="355587444" role=""/>
  <member type="way" ref="637988199" role=""/>
  <member type="way" ref="637988202" role=""/>
  <member type="way" ref="637988198" role=""/>
  <member type="way" ref="355587440" role=""/>
  <member type="way" ref="216959873" role=""/>
  <member type="way" ref="216959887" role=""/>
  <member type="way" ref="216959875" role=""/>
  <member type="way" ref="549736684" role=""/>
  <member type="way" ref="549736683" role=""/>
  <member type="way" ref="637988203" role=""/>
  <member type="way" ref="95015908" role=""/>
  <member type="way" ref="8105063" role=""/>
  <member type="way" ref="1372500199" role=""/>
  <member type="way" ref="1372500198" role=""/>
  <member type="way" ref="549736680" role=""/>
  <member type="way" ref="549736676" role=""/>
  <member type="way" ref="32263463" role=""/>
  <member type="way" ref="176050723" role=""/>
  <member type="way" ref="549736675" role=""/>
  <member type="way" ref="1208502493" role=""/>
  <member type="way" ref="976087715" role=""/>
  <member type="way" ref="145573111" role=""/>
  <member type="way" ref="1208494686" role=""/>
  <member type="way" ref="1208494687" role=""/>
  <member type="way" ref="549743699" role=""/>
  <member type="way" ref="1208494688" role=""/>
  <member type="way" ref="176056606" role=""/>
  <member type="way" ref="145573058" role=""/>
  <member type="way" ref="145573081" role=""/>
  <member type="way" ref="1208494696" role=""/>
  <member type="way" ref="1208494694" role=""/>
  <member type="way" ref="1208494691" role=""/>
  <member type="way" ref="1208494695" role=""/>
  <member type="way" ref="176056600" role=""/>
  <member type="way" ref="976087709" role=""/>
  <member type="way" ref="549743692" role=""/>
  <member type="way" ref="145573053" role=""/>
  <member type="way" ref="180756791" role=""/>
  <member type="way" ref="1208506790" role=""/>
  <member type="way" ref="549743691" role=""/>
  <member type="way" ref="145573060" role=""/>
  <member type="way" ref="162957669" role=""/>
  <member type="way" ref="145573048" role=""/>
  <member type="way" ref="180753200" role=""/>
  <member type="way" ref="191900867" role=""/>
  <member type="way" ref="162957671" role=""/>
  <member type="way" ref="145573089" role=""/>
  <member type="way" ref="145573039" role=""/>
  <member type="way" ref="251743210" role=""/>
  <member type="way" ref="145573045" role=""/>
  <member type="way" ref="145573041" role=""/>
  <member type="way" ref="191900868" role=""/>
  <member type="way" ref="137829806" role=""/>
  <member type="way" ref="251891700" role=""/>
  <member type="way" ref="40748015" role=""/>
  <member type="way" ref="222474757" role=""/>
  <member type="way" ref="23642617" role=""/>
  <member type="way" ref="939752217" role=""/>
  <member type="way" ref="174685718" role=""/>
  <member type="way" ref="40747149" role=""/>
  <member type="way" ref="760945663" role=""/>
  <member type="way" ref="760945664" role=""/>
  <member type="way" ref="1089069635" role=""/>
  <member type="way" ref="1089069632" role=""/>
  <member type="way" ref="760945662" role=""/>
  <member type="way" ref="411712398" role=""/>
  <member type="way" ref="939752216" role=""/>
  <member type="way" ref="939752215" role=""/>
  <member type="way" ref="40146474" role=""/>
  <member type="way" ref="833146698" role=""/>
  <member type="way" ref="833146699" role=""/>
  <member type="way" ref="40146472" role=""/>
  <member type="way" ref="23912183" role=""/>
  <member type="way" ref="209241542" role=""/>
  <member type="way" ref="14603313" role=""/>
  <member type="way" ref="209241544" role=""/>
  <member type="way" ref="42448665" role=""/>
  <member type="way" ref="42448663" role=""/>
  <member type="way" ref="161822396" role=""/>
  <member type="way" ref="104691293" role=""/>
  <member type="way" ref="161822394" role=""/>
  <member type="way" ref="161822395" role=""/>
  <member type="way" ref="715449235" role=""/>
  <member type="way" ref="85044924" role=""/>
  <member type="way" ref="420894477" role=""/>
  <member type="way" ref="40500780" role=""/>
  <member type="way" ref="582343662" role=""/>
  <member type="way" ref="764882722" role=""/>
  <member type="way" ref="40500830" role=""/>
  <member type="way" ref="40500829" role=""/>
  <member type="way" ref="404525926" role=""/>
  <member type="way" ref="764882721" role=""/>
  <member type="way" ref="146284128" role=""/>
  <member type="way" ref="103983171" role=""/>
  <member type="way" ref="103983109" role=""/>
  <member type="way" ref="12332575" role=""/>
  <member type="way" ref="55391477" role=""/>
  <member type="way" ref="55391476" role=""/>
  <member type="way" ref="183108272" role=""/>
  <member type="way" ref="12332350" role=""/>
  <member type="way" ref="31108101" role=""/>
  <member type="way" ref="13551911" role=""/>
  <member type="way" ref="33301741" role=""/>
  <member type="way" ref="64487885" role=""/>
  <member type="way" ref="349890680" role=""/>
  <member type="way" ref="349890682" role=""/>
  <member type="way" ref="41664700" role=""/>
  <member type="way" ref="12109089" role=""/>
  <member type="way" ref="856299392" role=""/>
  <member type="way" ref="13854853" role=""/>
  <member type="way" ref="13854854" role=""/>
  <member type="way" ref="856299393" role=""/>
  <member type="way" ref="856299395" role=""/>
  <member type="way" ref="12109523" role=""/>
  <member type="way" ref="693624491" role=""/>
  <member type="way" ref="12110878" role=""/>
  <member type="way" ref="349372036" role=""/>
  <member type="way" ref="349372039" role=""/>
  <member type="way" ref="1152618902" role=""/>
  <member type="way" ref="14188062" role=""/>
  <member type="way" ref="118339468" role=""/>
  <member type="way" ref="32758671" role=""/>
  <member type="way" ref="118622477" role=""/>
  <member type="way" ref="118622421" role=""/>
  <member type="way" ref="670996465" role=""/>
  <member type="way" ref="766207365" role=""/>
  <member type="way" ref="766207366" role=""/>
  <member type="way" ref="702865591" role=""/>
  <member type="way" ref="702367698" role=""/>
  <member type="way" ref="118622487" role=""/>
  <member type="way" ref="118622434" role=""/>
  <member type="way" ref="32758890" role=""/>
  <member type="way" ref="73992290" role=""/>
  <member type="way" ref="32759042" role=""/>
  <member type="way" ref="590784223" role=""/>
  <member type="way" ref="1372023846" role=""/>
  <member type="way" ref="1116483946" role=""/>
  <member type="way" ref="590784222" role=""/>
  <member type="way" ref="1372028844" role=""/>
  <member type="way" ref="256655480" role=""/>
  <member type="way" ref="1372028840" role=""/>
  <member type="way" ref="759549465" role=""/>
  <member type="way" ref="1372028843" role=""/>
  <member type="way" ref="1338340754" role=""/>
  <tag k="description" v="Start, end, and stop locations have not been verified. This route may be out of service long-term and may not match the actual route (2026)"/>
  <tag k="from" v="Autogara Militari"/>
  <tag k="name" v="Flixbus 1929: Bukarest, Militari =&gt; Bruxelles, Gare du Nord"/>
  <tag k="network" v="Flixbus"/>
  <tag k="network:wikidata" v="Q15712258"/>
  <tag k="network:wikipedia" v="en:Flixbus"/>
  <tag k="operator" v="Europabus Romania"/>
  <tag k="public_transport:version" v="2"/>
  <tag k="ref" v="1929"/>
  <tag k="route" v="bus"/>
  <tag k="to" v="Bruxelles - Brussel - Brussels"/>
  <tag k="type" v="route"/>
 </relation>
 <relation id="14676568" visible="true" version="4" changeset="188108986" timestamp="2026-08-27T17:24:10Z" user="Dan 9" uid="9484321">
  <member type="way" ref="1015923739" role="inner"/>
  <member type="way" ref="982062059" role="outer"/>
  <member type="way" ref="967922334" role="outer"/>
  <member type="way" ref="1015918920" role="outer"/>
  <member type="way" ref="1015918921" role="outer"/>
  <member type="way" ref="982062061" role="outer"/>
  <member type="way" ref="949146404" role="outer"/>
  <member type="way" ref="949146401" role="outer"/>
  <member type="way" ref="988563227" role="outer"/>
  <member type="way" ref="737446755" role="outer"/>
  <member type="way" ref="737446754" role="outer"/>
  <member type="way" ref="967922335" role="outer"/>
  <member type="way" ref="967922336" role="outer"/>
  <member type="way" ref="967922337" role="outer"/>
  <member type="way" ref="1135653802" role="outer"/>
  <member type="way" ref="949836842" role="outer"/>
  <member type="way" ref="1552985770" role="outer"/>
  <member type="way" ref="1269036038" role="outer"/>
  <tag k="landuse" v="residential"/>
  <tag k="type" v="multipolygon"/>
 </relation>
 <relation id="15036276" visible="true" version="3" changeset="154353352" timestamp="2024-07-24T14:30:51Z" user="Klombil" uid="21782742">
  <member type="relation" ref="4027083" role=""/>
  <member type="relation" ref="4028956" role=""/>
  <tag k="name" v="Trolleybus 63"/>
  <tag k="network" v="Asociația de Dezvoltare Intercomunitară pentru Transport Public București – Ilfov"/>
  <tag k="network:short" v="TPBI"/>
  <tag k="network:website" v="https://tpbi.ro/"/>
  <tag k="ref" v="63"/>
  <tag k="route_master" v="trolleybus"/>
  <tag k="type" v="route_master"/>
 </relation>
 <relation id="19892021" visible="true" version="2" changeset="175204004" timestamp="2025-11-27T15:51:43Z" user="Vikol" uid="6526146">
  <member type="node" ref="8850944071" role="entrance"/>
  <member type="way" ref="23608402" role="inner"/>
  <member type="relation" ref="19892033" role="entrance"/>
  <tag k="name" v="Politehnica Bucuresti"/>
  <tag k="type" v="site"/>
 </relation>
 <relation id="20078369" visible="true" version="1" changeset="177139069" timestamp="2026-01-12T13:50:36Z" user="rarad74" uid="128281">
  <member type="way" ref="1466459913" role="from"/>
  <member type="node" ref="11283965445" role="via"/>
  <member type="way" ref="1466459912" role="to"/>
  <tag k="restriction" v="no_left_turn"/>
  <tag k="type" v="restriction"/>
 </relation>
</osm>
